[DMP] 2026-06-09 22:01:19 | 200 |    3.069792ms |             ::1 | GET     /
[DMP] 2026-06-09 22:01:19 | 200 |      32.875µs |             ::1 | GET     /loader.css
[DMP] 2026-06-09 22:01:19 | 200 |     253.959µs |             ::1 | GET     /dmp.svg
[DMP] 2026-06-09 22:01:19 | 200 |    2.081334ms |             ::1 | GET     /assets/index-DX6aT22F.js
[DMP] 2026-06-09 22:01:19 | 200 |     9.38025ms |             ::1 | GET     /assets/index-B8H_cGqH.css
[DMP] 2026-06-09 22:01:20 | 200 |      46.875µs |             ::1 | GET     /assets/blank-CExWZhJD.css
[DMP] 2026-06-09 22:01:20 | 200 |     156.542µs |             ::1 | GET     /assets/NavHeader-BFVKte6P.js
[DMP] 2026-06-09 22:01:20 | 200 |      28.791µs |             ::1 | GET     /assets/blank-DhKRzYp_.js
[DMP] 2026-06-09 22:01:20 | 200 |      306.75µs |             ::1 | GET     /assets/login-Bpu7NfXJ.js
[DMP] 2026-06-09 22:01:20 | 200 |     175.334µs |             ::1 | GET     /assets/VMenu-B5Z3xNKL.css
[DMP] 2026-06-09 22:01:20 | 200 |    2.564958ms |             ::1 | GET     /assets/VList-XzlumDsQ.css
[DMP] 2026-06-09 22:01:20 | 200 |     198.167µs |             ::1 | GET     /assets/VChip-DHyjCp9r.css
[DMP] 2026-06-09 22:01:20 | 200 |       53.25µs |             ::1 | GET     /assets/VBadge-C4umDbX3.css
[DMP] 2026-06-09 22:01:20 | 200 |     134.375µs |             ::1 | GET     /assets/NavHeader-DmtNGx9N.css
[DMP] 2026-06-09 22:01:20 | 200 |    2.247833ms |             ::1 | GET     /assets/VList-sXS2G4RN.js
[DMP] 2026-06-09 22:01:20 | 200 |      52.875µs |             ::1 | GET     /assets/VTooltip-BM7CWzvj.css
[DMP] 2026-06-09 22:01:20 | 200 |      57.041µs |             ::1 | GET     /assets/VInput-LJmBwxtu.css
[DMP] 2026-06-09 22:01:20 | 200 |      77.542µs |             ::1 | GET     /assets/VDialog-BAhN0CPI.css
[DMP] 2026-06-09 22:01:20 | 200 |     758.792µs |             ::1 | GET     /assets/VTextField-DO210nuN.css
[DMP] 2026-06-09 22:01:20 | 200 |     450.125µs |             ::1 | GET     /assets/VRow-Dd63ltWq.css
[DMP] 2026-06-09 22:01:20 | 200 |     184.833µs |             ::1 | GET     /assets/VSpacer-izdAGX-2.css
[DMP] 2026-06-09 22:01:20 | 200 |      85.083µs |             ::1 | GET     /assets/transitions-DltpVA_R.js
[DMP] 2026-06-09 22:01:20 | 200 |      25.959µs |             ::1 | GET     /assets/login-Bw2DmugQ.css
[DMP] 2026-06-09 22:01:20 | 200 |        8.75µs |             ::1 | GET     /assets/ssrBoot-DH6vmL6r.js
[DMP] 2026-06-09 22:01:20 | 200 |      17.292µs |             ::1 | GET     /assets/tooltip-MiE0SSnw.js
[DMP] 2026-06-09 22:01:20 | 200 |          79µs |             ::1 | GET     /assets/VMenu-D74M-2j1.js
[DMP] 2026-06-09 22:01:20 | 200 |      15.792µs |             ::1 | GET     /assets/VBadge-Dggh-7xk.js
[DMP] 2026-06-09 22:01:20 | 200 |      17.125µs |             ::1 | GET     /assets/VTooltip-Ca8vvEWq.js
[DMP] 2026-06-09 22:01:20 | 200 |     113.333µs |             ::1 | GET     /assets/VChip-Ci8C1TXg.js
[DMP] 2026-06-09 22:01:20 | 200 |     192.625µs |             ::1 | GET     /assets/VTextField-DbNMGM8m.js
[DMP] 2026-06-09 22:01:20 | 200 |     533.583µs |             ::1 | GET     /assets/VInput-DDHsFiip.js
[DMP] 2026-06-09 22:01:20 | 200 |      57.458µs |             ::1 | GET     /assets/VDialog-D7EevxY9.js
[DMP] 2026-06-09 22:01:20 | 200 |       9.958µs |             ::1 | GET     /assets/VCol-Cso820yo.js
[DMP] 2026-06-09 22:01:20 | 200 |     385.292µs |             ::1 | GET     /assets/VForm-D0ThlYrn.js
[DMP] 2026-06-09 22:01:20 | 200 |      11.125µs |             ::1 | GET     /assets/user-BV3kAaw7.js
[DMP] 2026-06-09 22:01:20 | 200 |      45.125µs |             ::1 | GET     /assets/VSpacer-hKnb7AO8.js
[DMP] 2026-06-09 22:01:20 | 200 |          14µs |             ::1 | GET     /assets/VRow-ED8P4uE8.js
[DMP] 2026-06-09 22:01:20 | 200 |      53.708µs |             ::1 | GET     /assets/colors-ZeNeb7aC.js
[DMP] 2026-06-09 22:01:20 | 200 |     514.042µs |             ::1 | GET     /assets/axios-NA08nQbD.js
[DMP] 2026-06-09 22:01:20 | 200 |    6.200625ms |             ::1 | GET     /assets/ZhuZiAYuanJWD-QsAh7QwZ.woff2
[DMP] 2026-06-09 22:01:20 | 200 |     278.709µs |             ::1 | GET     /favicon.ico
[DMP] 2026-06-09 22:01:20 | 200 |     297.875µs |             ::1 | GET     /v3/user/register
[DMP] 2026-06-09 22:01:22 | 200 |        51.5µs |             ::1 | GET     /assets/avatar-1-CxOKCzdw.png
[DMP] 2026-06-09 22:01:22 | 200 |      47.875µs |             ::1 | GET     /assets/avatar-4-x_MPl8Kx.png
[DMP] 2026-06-09 22:01:22 | 200 |      77.416µs |             ::1 | GET     /assets/avatar-3-BB5JHItX.png
[DMP] 2026-06-09 22:01:22 | 200 |      97.208µs |             ::1 | GET     /assets/avatar-2-DBHb2r0Y.png
[DMP] 2026-06-09 22:01:32 | 200 |     217.125µs |             ::1 | GET     /assets/Dst_Emoji_ChangGeMenTu-BhrCtzw1.ttf
[DMP] 2026-06-09 22:01:39 | 200 |     647.375µs |             ::1 | POST    /v3/user/register
[DMP] 2026-06-09 22:01:39 | 200 |     108.667µs |             ::1 | GET     /v3/user/register
[DMP] 2026-06-09 22:01:46 | 200 |     277.958µs |             ::1 | POST    /v3/user/register
[DMP] 2026-06-09 22:01:46 | 200 |     126.125µs |             ::1 | GET     /v3/user/register
[DMP] 2026-06-09 22:01:47 | 200 |     214.167µs |             ::1 | POST    /v3/user/register
[DMP] 2026-06-09 22:01:47 | 200 |     107.083µs |             ::1 | GET     /v3/user/register
[DMP] 2026-06-09 22:01:56 | 200 |     340.625µs |             ::1 | POST    /v3/user/login
[DMP] 2026-06-09 22:01:58 | 200 |     221.875µs |             ::1 | POST    /v3/user/login
[DMP] 2026-06-09 22:01:58 | 200 |     282.583µs |             ::1 | POST    /v3/user/login
[DMP] 2026-06-09 22:03:11 | 200 |     230.916µs |             ::1 | POST    /v3/user/register
[DMP] 2026-06-09 22:03:11 | 200 |     231.417µs |             ::1 | GET     /v3/user/register
[DMP] 2026-06-09 22:03:26 | 200 |     433.958µs |             ::1 | POST    /v3/user/register
[DMP] 2026-06-09 22:03:26 | 200 |       226.5µs |             ::1 | GET     /v3/user/register
[DMP] 2026-06-09 22:03:28 | 200 |     192.167µs |             ::1 | POST    /v3/user/register
[DMP] 2026-06-09 22:03:28 | 200 |     164.667µs |             ::1 | GET     /v3/user/register
[DMP] 2026-06-09 22:03:36 | 200 |     270.875µs |             ::1 | POST    /v3/user/register
[DMP] 2026-06-09 22:03:36 | 200 |      168.75µs |             ::1 | GET     /v3/user/register
[DMP] 2026-06-09 22:08:00 | 200 |       4.303ms |             ::1 | GET     /
[DMP] 2026-06-09 22:08:00 | 200 |     319.583µs |             ::1 | GET     /v3/user/register
[DMP] 2026-06-09 22:08:16 | 200 |   70.116958ms |             ::1 | POST    /v3/user/register
[DMP] 2026-06-09 22:08:16 | 200 |     107.042µs |             ::1 | GET     /v3/user/register
[DMP] 2026-06-09 22:08:21 | 200 |   66.720417ms |             ::1 | POST    /v3/user/login
[DMP] 2026-06-09 22:08:21 | 200 |     259.042µs |             ::1 | GET     /v3/user/base
[DMP] 2026-06-09 22:08:21 | 200 |      79.875µs |             ::1 | GET     /v3/user/menu
[DMP] 2026-06-09 22:08:21 | 200 |     146.458µs |             ::1 | GET     /assets/default-DVdrG0Be.js
[DMP] 2026-06-09 22:08:21 | 200 |     147.459µs |             ::1 | GET     /assets/eventBus-W_rhoHEE.js
[DMP] 2026-06-09 22:08:21 | 200 |     167.958µs |             ::1 | GET     /assets/VListItemAction-DnsV90zU.js
[DMP] 2026-06-09 22:08:21 | 200 |      55.292µs |             ::1 | GET     /assets/room-CC6ffVqu.js
[DMP] 2026-06-09 22:08:21 | 200 |      33.791µs |             ::1 | GET     /assets/platform-CDGbNDLN.js
[DMP] 2026-06-09 22:08:21 | 200 |     509.791µs |             ::1 | GET     /assets/default-D2pfjRme.css
[DMP] 2026-06-09 22:08:21 | 200 |     106.667µs |             ::1 | GET     /assets/VPagination-DhQZiiFl.css
[DMP] 2026-06-09 22:08:21 | 200 |     223.333µs |             ::1 | GET     /assets/ConfirmBox-Dl9KDCIE.css
[DMP] 2026-06-09 22:08:21 | 200 |      19.166µs |             ::1 | GET     /assets/VContainer-ySpYEHpu.css
[DMP] 2026-06-09 22:08:21 | 200 |     117.125µs |             ::1 | GET     /assets/VAlert-DJzjTb47.css
[DMP] 2026-06-09 22:08:21 | 200 |      38.375µs |             ::1 | GET     /assets/dist-DrBkUWdl.js
[DMP] 2026-06-09 22:08:21 | 200 |     162.709µs |             ::1 | GET     /assets/vue3-count-to.esm-48Q9akvJ.js
[DMP] 2026-06-09 22:08:21 | 200 |     372.708µs |             ::1 | GET     /assets/rooms-DBC4VRsN.js
[DMP] 2026-06-09 22:08:21 | 200 |      25.208µs |             ::1 | GET     /assets/api-DhOFK6FL.js
[DMP] 2026-06-09 22:08:21 | 200 |     565.459µs |             ::1 | GET     /assets/VPagination-BGM4Nwo2.js
[DMP] 2026-06-09 22:08:21 | 200 |     385.083µs |             ::1 | GET     /assets/VSparkline-ugGo-fZC.js
[DMP] 2026-06-09 22:08:21 | 200 |      22.125µs |             ::1 | GET     /assets/ConfirmBox-5TgqNvL0.js
[DMP] 2026-06-09 22:08:21 | 200 |     107.584µs |             ::1 | GET     /assets/VAlert-CFXNR38f.js
[DMP] 2026-06-09 22:08:21 | 200 |      42.959µs |             ::1 | GET     /assets/Result-CsPMKhZ7.js
[DMP] 2026-06-09 22:08:21 | 200 |       8.541µs |             ::1 | GET     /assets/VContainer-DYUCMCwR.js
[DMP] 2026-06-09 22:08:21 | 200 |     536.708µs |             ::1 | GET     /v3/platform/game_version
[DMP] 2026-06-09 22:08:21 | 200 |    1.434792ms |             ::1 | GET     /v3/room/list?gameName=&page=1&pageSize=4
[DMP] 2026-06-09 22:08:21 | 200 |     244.208µs |             ::1 | GET     /v3/room/basic
[DMP] 2026-06-09 22:08:23 | 200 |        16.5µs |             ::1 | GET     /assets/TimeRunning-0mYXVHc5.js
[DMP] 2026-06-09 22:08:23 | 200 |      50.959µs |             ::1 | GET     /assets/install-DR9w3nwU.css
[DMP] 2026-06-09 22:08:23 | 200 |     423.958µs |             ::1 | GET     /assets/install-Cha7cVCM.js
[DMP] 2026-06-09 22:08:23 | 200 |   40.392208ms |             ::1 | GET     /v3/platform/os_info
[DMP] 2026-06-09 22:08:32 | 200 |      38.833µs |             ::1 | GET     /
[DMP] 2026-06-09 22:08:32 | 200 |     128.708µs |             ::1 | GET     /v3/platform/game_version
[DMP] 2026-06-09 22:08:32 | 200 |       383.5µs |             ::1 | GET     /v3/room/basic
[DMP] 2026-06-09 22:08:32 | 200 |   44.722916ms |             ::1 | GET     /v3/platform/os_info
[DMP] 2026-06-09 22:08:35 | 200 |     134.916µs |             ::1 | GET     /assets/upload-Fr01q0x_.js
[DMP] 2026-06-09 22:08:35 | 200 |          25µs |             ::1 | GET     /assets/filter-eAE18c8c.js
[DMP] 2026-06-09 22:08:35 | 200 |        28.5µs |             ::1 | GET     /assets/VSelectionControl-CgKG0efP.css
[DMP] 2026-06-09 22:08:35 | 200 |     171.083µs |             ::1 | GET     /assets/VSelectionControl-CvBDGzuM.js
[DMP] 2026-06-09 22:08:35 | 200 |     108.166µs |             ::1 | GET     /assets/VExpansionPanels-SpcKHnJa.js
[DMP] 2026-06-09 22:08:35 | 200 |     134.542µs |             ::1 | GET     /assets/VExpansionPanels-yMa-zKV5.css
[DMP] 2026-06-09 22:08:35 | 200 |      102.75µs |             ::1 | GET     /assets/VRadioGroup-CTaWno3b.css
[DMP] 2026-06-09 22:08:35 | 200 |     272.166µs |             ::1 | GET     /assets/VToolbar-7-P9OYs6.css
[DMP] 2026-06-09 22:08:35 | 200 |      55.125µs |             ::1 | GET     /assets/VRadioGroup-BWuS0MIY.js
[DMP] 2026-06-09 22:08:35 | 200 |      21.792µs |             ::1 | GET     /assets/VToolbar-B5Fw8c_a.js
[DMP] 2026-06-09 22:08:35 | 200 |      68.583µs |             ::1 | GET     /assets/upload-wADOsT_-.css
[DMP] 2026-06-09 22:08:36 | 200 |   41.175208ms |             ::1 | GET     /v3/platform/os_info
[DMP] 2026-06-09 22:08:41 | 200 |          50µs |             ::1 | GET     /assets/platform-BmPHcpbP.js
[DMP] 2026-06-09 22:08:41 | 200 |     646.792µs |             ::1 | GET     /assets/settings-DyhaEOUj.js
[DMP] 2026-06-09 22:08:41 | 200 |      67.417µs |             ::1 | GET     /assets/VNumberInput-D_pvjVZS.css
[DMP] 2026-06-09 22:08:41 | 200 |     373.292µs |             ::1 | GET     /assets/VNumberInput-8mGAWxDw.js
[DMP] 2026-06-09 22:08:41 | 200 |     221.708µs |             ::1 | GET     /assets/VTimePicker-Dt2xg-J5.js
[DMP] 2026-06-09 22:08:41 | 200 |     845.958µs |             ::1 | GET     /assets/VTimePicker-CNQ4JxNy.css
[DMP] 2026-06-09 22:08:41 | 200 |      30.584µs |             ::1 | GET     /assets/VSelect-BMtlZwD6.css
[DMP] 2026-06-09 22:08:41 | 200 |      56.167µs |             ::1 | GET     /assets/VTable-Zz8VJdBA.css
[DMP] 2026-06-09 22:08:41 | 200 |       538.5µs |             ::1 | GET     /assets/VTabs-BucEMn5J.css
[DMP] 2026-06-09 22:08:41 | 200 |         161µs |             ::1 | GET     /assets/VDataTable-zOhmX82s.css
[DMP] 2026-06-09 22:08:41 | 200 |     107.625µs |             ::1 | GET     /assets/VSlider-CKFwmwo8.css
[DMP] 2026-06-09 22:08:41 | 200 |     138.833µs |             ::1 | GET     /assets/VTabs-4fQCrnJX.js
[DMP] 2026-06-09 22:08:41 | 200 |      43.417µs |             ::1 | GET     /assets/metrics-DiFxKpfA.js
[DMP] 2026-06-09 22:08:41 | 200 |     381.041µs |             ::1 | GET     /assets/VSelect-DKGKtXG1.js
[DMP] 2026-06-09 22:08:41 | 200 |     540.041µs |             ::1 | GET     /assets/overview-mACKmiIp.js
[DMP] 2026-06-09 22:08:41 | 200 |          88µs |             ::1 | GET     /assets/VTable-BLX0BzDC.js
[DMP] 2026-06-09 22:08:41 | 200 |      171.75µs |             ::1 | GET     /assets/VDataTable-Cgafl6p6.js
[DMP] 2026-06-09 22:08:41 | 200 |      51.083µs |             ::1 | GET     /assets/VDataTableServer-Bm1-77sp.js
[DMP] 2026-06-09 22:08:41 | 200 |     342.375µs |             ::1 | GET     /assets/rooms-DjDbpdbw.js
[DMP] 2026-06-09 22:08:41 | 200 |      89.959µs |             ::1 | GET     /assets/user-wqJPR4Cs.js
[DMP] 2026-06-09 22:08:41 | 200 |     709.167µs |             ::1 | GET     /assets/VSlider-D230ypOa.js
[DMP] 2026-06-09 22:08:41 | 200 |     5.23325ms |             ::1 | GET     /assets/scEcharts-DGE2tDKC.js
[DMP] 2026-06-09 22:08:41 | 200 |    1.182333ms |             ::1 | GET     /v3/platform/overview
[DMP] 2026-06-09 22:08:44 | 200 |     641.417µs |             ::1 | GET     /v3/room/list?gameName=&page=1&pageSize=10
[DMP] 2026-06-09 22:08:45 | 200 |     317.667µs |             ::1 | GET     /v3/room/basic
[DMP] 2026-06-09 22:08:45 | 200 |     551.166µs |             ::1 | GET     /v3/user/list?q=&page=1&pageSize=10
[DMP] 2026-06-09 22:08:45 | 200 |      395.25µs |             ::1 | GET     /v3/platform/global_settings
[DMP] 2026-06-09 22:08:48 | 200 |   44.313125ms |             ::1 | GET     /v3/platform/os_info
[DMP] 2026-06-09 22:08:52 | 200 |      416.25µs |             ::1 | GET     /v3/platform/overview
[DMP] 2026-06-09 22:08:54 | 200 |     190.292µs |             ::1 | GET     /v3/platform/global_settings
[DMP] 2026-06-09 22:08:55 | 200 |     179.917µs |             ::1 | GET     /v3/platform/metrics?timeRange=1
[DMP] 2026-06-09 22:08:57 | 200 |      839.75µs |             ::1 | GET     /v3/room/list?gameName=&page=1&pageSize=4
[DMP] 2026-06-09 22:08:58 | 200 |     128.834µs |             ::1 | GET     /assets/dashboard-DHHnEwQP.js
[DMP] 2026-06-09 22:08:58 | 200 |      17.542µs |             ::1 | GET     /assets/VSkeletonLoader-BjQjz2_e.js
[DMP] 2026-06-09 22:08:58 | 200 |     123.083µs |             ::1 | GET     /assets/VSkeletonLoader-BEXCRMyw.css
[DMP] 2026-06-09 22:08:58 | 200 |     231.792µs |             ::1 | GET     /assets/preview-COGjbazB.css
[DMP] 2026-06-09 22:08:58 | 200 |      34.625µs |             ::1 | GET     /assets/VSwitch-DAGkKvlx.js
[DMP] 2026-06-09 22:08:58 | 200 |     354.791µs |             ::1 | GET     /assets/preview-zjfuaHi3.js
[DMP] 2026-06-09 22:08:58 | 200 |      68.166µs |             ::1 | GET     /assets/VSwitch-B0fk6FAq.css
[DMP] 2026-06-09 22:10:56 | 200 |    2.390541ms |             ::1 | GET     /
[DMP] 2026-06-09 22:10:56 | 200 |     215.208µs |             ::1 | GET     /v3/platform/game_version
[DMP] 2026-06-09 22:10:56 | 200 |     561.125µs |             ::1 | GET     /v3/room/basic
[DMP] 2026-06-09 22:10:56 | 200 |   40.784292ms |             ::1 | GET     /v3/platform/os_info
[DMP] 2026-06-09 22:11:01 | 200 |      66.333µs |             ::1 | GET     /
[DMP] 2026-06-09 22:11:01 | 200 |         164µs |             ::1 | GET     /v3/platform/game_version
[DMP] 2026-06-09 22:11:01 | 200 |     264.875µs |             ::1 | GET     /v3/room/basic
[DMP] 2026-06-09 22:11:01 | 200 |   50.109208ms |             ::1 | GET     /v3/platform/os_info
[DMP] 2026-06-09 22:11:25 | 404 |     140.084µs |             ::1 | GET     /.well-known/appspecific/com.chrome.devtools.json
[DMP] 2026-06-09 22:11:30 | 200 |      24.333µs |             ::1 | GET     /
[DMP] 2026-06-09 22:11:30 | 404 |        16.5µs |             ::1 | GET     /.well-known/appspecific/com.chrome.devtools.json
[DMP] 2026-06-09 22:11:30 | 200 |     569.708µs |             ::1 | GET     /v3/platform/game_version
[DMP] 2026-06-09 22:11:30 | 200 |     292.458µs |             ::1 | GET     /v3/room/basic
[DMP] 2026-06-09 22:11:30 | 200 |   62.021875ms |             ::1 | GET     /v3/platform/os_info
[DMP] 2026-06-09 22:11:38 | 200 |      33.083µs |             ::1 | GET     /
[DMP] 2026-06-09 22:11:38 | 404 |       16.25µs |             ::1 | GET     /.well-known/appspecific/com.chrome.devtools.json
[DMP] 2026-06-09 22:11:39 | 200 |       152.5µs |             ::1 | GET     /v3/platform/game_version
[DMP] 2026-06-09 22:11:39 | 200 |      1.0375ms |             ::1 | GET     /v3/room/basic
[DMP] 2026-06-09 22:11:39 | 200 |   48.016042ms |             ::1 | GET     /v3/platform/os_info
[DMP] 2026-06-09 22:19:49 | 200 |    2.092959ms |             ::1 | GET     /
[DMP] 2026-06-09 22:19:49 | 404 |     167.334µs |             ::1 | GET     /.well-known/appspecific/com.chrome.devtools.json
[DMP] 2026-06-09 22:19:49 | 200 |    1.341166ms |             ::1 | GET     /v3/platform/game_version
[DMP] 2026-06-09 22:19:49 | 200 |     686.333µs |             ::1 | GET     /v3/room/basic
[DMP] 2026-06-09 22:19:49 | 200 |   58.243583ms |             ::1 | GET     /v3/platform/os_info
[DMP] 2026-06-09 22:19:55 | 200 |      27.417µs |             ::1 | GET     /
[DMP] 2026-06-09 22:19:55 | 200 |     186.125µs |             ::1 | GET     /v3/platform/game_version
[DMP] 2026-06-09 22:19:55 | 200 |     512.042µs |             ::1 | GET     /v3/room/basic
[DMP] 2026-06-09 22:19:55 | 200 |   49.050458ms |             ::1 | GET     /v3/platform/os_info
[DMP] 2026-06-09 22:19:57 | 200 |     743.292µs |             ::1 | GET     /v3/room/list?gameName=&page=1&pageSize=4
[DMP] 2026-06-09 22:20:06 | 200 |      95.792µs |             ::1 | GET     /assets/base-D12IXQPM.js
[DMP] 2026-06-09 22:20:06 | 200 |     379.084µs |             ::1 | GET     /assets/world-D232fCwR.js
[DMP] 2026-06-09 22:20:06 | 200 |     605.625µs |             ::1 | GET     /assets/CodeEditor-gVsP4fYu.js
[DMP] 2026-06-09 22:20:06 | 200 |      78.917µs |             ::1 | GET     /assets/world-S0-ELuRI.css
[DMP] 2026-06-09 22:20:06 | 200 |     165.416µs |             ::1 | GET     /assets/CodeEditor-CyqJJ46C.css
[DMP] 2026-06-09 22:20:06 | 200 |     450.708µs |             ::1 | GET     /assets/levelDataSetting-K9_jCWjZ.js
[DMP] 2026-06-09 22:20:06 | 200 |      55.417µs |             ::1 | GET     /assets/room-CQ9h0iDp.css
[DMP] 2026-06-09 22:20:06 | 200 |     289.208µs |             ::1 | GET     /assets/room-CIQ8_6_W.js
[DMP] 2026-06-09 22:20:06 | 200 |       140.5µs |             ::1 | GET     /assets/roomSetting-BwmmjCQj.js
[DMP] 2026-06-09 22:20:06 | 200 |      51.959µs |             ::1 | GET     /assets/base-BsYNToIQ.js
[DMP] 2026-06-09 22:20:06 | 200 |     983.375µs |             ::1 | GET     /assets/base-CdOyRpJJ.css
[DMP] 2026-06-09 22:20:06 | 200 |     378.083µs |             ::1 | GET     /v3/room/factor
[DMP] 2026-06-09 22:22:10 | 200 |    2.067083ms |             ::1 | GET     /
[DMP] 2026-06-09 22:22:10 | 200 |     678.166µs |             ::1 | GET     /v3/platform/game_version
[DMP] 2026-06-09 22:22:10 | 200 |         708µs |             ::1 | GET     /v3/room/factor
[DMP] 2026-06-09 22:22:10 | 200 |      393.25µs |             ::1 | GET     /v3/room/basic
[DMP] 2026-06-09 22:22:12 | 200 |     615.792µs |             ::1 | GET     /v3/room/list?gameName=&page=1&pageSize=4
[DMP] 2026-06-09 22:22:13 | 200 |     39.4905ms |             ::1 | GET     /v3/platform/os_info
[DMP] 2026-06-09 22:22:16 | 200 |    1.077958ms |             ::1 | GET     /v3/room/list?gameName=&page=1&pageSize=4
[DMP] 2026-06-09 22:22:19 | 200 |     348.542µs |             ::1 | GET     /v3/room/factor
[DMP] 2026-06-09 22:26:28 | 200 |     406.417µs |             ::1 | GET     /assets/krampus-BKCdaJdU.png
[DMP] 2026-06-09 22:26:28 | 200 |       1.472ms |             ::1 | GET     /assets/summer-DomkaGPE.png
[DMP] 2026-06-09 22:26:28 | 200 |    1.081333ms |             ::1 | GET     /assets/portalresurection-CX_cPV7x.png
[DMP] 2026-06-09 22:26:28 | 200 |    1.106875ms |             ::1 | GET     /assets/specialevent-0mBwhM57.png
[DMP] 2026-06-09 22:26:28 | 200 |      80.208µs |             ::1 | GET     /assets/ghostsanitydrain-BEycIdYZ.png
[DMP] 2026-06-09 22:26:28 | 200 |        55.5µs |             ::1 | GET     /assets/autumn-DdDoHNql.png
[DMP] 2026-06-09 22:26:28 | 200 |      68.834µs |             ::1 | GET     /assets/day-DsU0VFQM.png
[DMP] 2026-06-09 22:26:28 | 200 |      40.334µs |             ::1 | GET     /assets/winter-DPK96nxE.png
[DMP] 2026-06-09 22:26:28 | 200 |      91.667µs |             ::1 | GET     /assets/spawnmode-BSS6RfIz.png
[DMP] 2026-06-09 22:26:28 | 200 |          57µs |             ::1 | GET     /assets/resettime-BT54k7XF.png
[DMP] 2026-06-09 22:26:28 | 200 |     109.875µs |             ::1 | GET     /assets/ghostenabled-BEsLf8iQ.png
[DMP] 2026-06-09 22:26:28 | 200 |     109.375µs |             ::1 | GET     /assets/spring-CjBjq8NW.png
[DMP] 2026-06-09 22:26:28 | 200 |     182.041µs |             ::1 | GET     /assets/beefaloheat-DQ99l1VZ.png
[DMP] 2026-06-09 22:26:40 | 200 |     370.167µs |             ::1 | GET     /assets/weather-Baezpy02.png
[DMP] 2026-06-09 22:26:40 | 200 |     104.625µs |             ::1 | GET     /assets/regrowth-COMgXTNv.png
[DMP] 2026-06-09 22:26:40 | 200 |     210.667µs |             ::1 | GET     /assets/rifts_enabled_cave-Cm6ZWBJq.png
[DMP] 2026-06-09 22:26:40 | 200 |     111.125µs |             ::1 | GET     /assets/atriumgate-BXyM8Ri1.png
[DMP] 2026-06-09 22:26:40 | 200 |      262.25µs |             ::1 | GET     /assets/lightflier_flower_regrowth-CxJBz5sG.png
[DMP] 2026-06-09 22:26:40 | 200 |     114.916µs |             ::1 | GET     /assets/earthquakes-De98EIyH.png
[DMP] 2026-06-09 22:26:40 | 200 |      98.625µs |             ::1 | GET     /assets/acidrain_enabled-BPFQ4p6I.png
[DMP] 2026-06-09 22:26:40 | 200 |      71.042µs |             ::1 | GET     /assets/flower_cave_regrowth-DiISCSYX.png
[DMP] 2026-06-09 22:26:40 | 200 |       54.75µs |             ::1 | GET     /assets/wormattacks-BizP2nnw.png
[DMP] 2026-06-09 22:26:41 | 200 |     111.542µs |             ::1 | GET     /assets/rifts_frequency_cave-CgDKCK1x.png
[DMP] 2026-06-09 22:26:41 | 200 |     143.542µs |             ::1 | GET     /assets/mushtree_regrowth-D9eLJavN.png
[DMP] 2026-06-09 22:26:41 | 200 |     192.584µs |             ::1 | GET     /assets/wormattacks_boss-BApLBw_E.png
[DMP] 2026-06-09 22:26:41 | 200 |       49.25µs |             ::1 | GET     /assets/tree_rock_regrowth-arL6AwY8.png
[DMP] 2026-06-09 22:26:41 | 200 |      69.583µs |             ::1 | GET     /assets/reeds_regrowth-CSy9Rw_K.png
[DMP] 2026-06-09 22:26:41 | 200 |      73.167µs |             ::1 | GET     /assets/mushtree_moon_regrowth-C9MnCGzF.png
[DMP] 2026-06-09 22:26:41 | 200 |      58.834µs |             ::1 | GET     /assets/evergreen_regrowth-S5eWvuPD.png
[DMP] 2026-06-09 22:33:58 | 200 |    3.859084ms |             ::1 | GET     /
[DMP] 2026-06-09 22:33:58 | 200 |     641.375µs |             ::1 | GET     /v3/platform/game_version
[DMP] 2026-06-09 22:33:58 | 200 |    2.646875ms |             ::1 | GET     /v3/room/list?gameName=&page=1&pageSize=4
[DMP] 2026-06-09 22:33:58 | 200 |     525.584µs |             ::1 | GET     /v3/room/basic
[DMP] 2026-06-09 22:34:03 | 200 |     292.542µs |             ::1 | GET     /v3/room/factor
[DMP] 2026-06-09 22:37:26 | 200 |    7.467916ms |             ::1 | POST    /v3/room
[DMP] 2026-06-09 22:37:26 | 200 |     187.875µs |             ::1 | GET     /v3/room/factor
[DMP] 2026-06-09 22:37:26 | 200 |     784.334µs |             ::1 | GET     /v3/room?id=1
[DMP] 2026-06-09 22:37:33 | 200 |    1.671792ms |             ::1 | GET     /v3/room/list?gameName=&page=1&pageSize=4
[DMP] 2026-06-09 22:37:35 | 200 |    1.017667ms |             ::1 | GET     /v3/dashboard/info/sys
[DMP] 2026-06-09 22:37:35 | 200 |  202.418625ms |             ::1 | GET     /v3/dashboard/info/base?roomID=1
[DMP] 2026-06-09 22:37:35 | 200 |     712.583µs |             ::1 | GET     /v3/dashboard/connection_code?roomID=1
[DMP] 2026-06-09 22:37:37 | 200 |     229.917µs |             ::1 | GET     /v3/dashboard/info/sys
[DMP] 2026-06-09 22:37:39 | 200 |     281.208µs |             ::1 | GET     /v3/dashboard/info/sys
[DMP] 2026-06-09 22:37:41 | 200 |       167.5µs |             ::1 | GET     /v3/dashboard/info/sys
[DMP] 2026-06-09 22:37:42 | 200 |  161.418791ms |             ::1 | POST    /v3/dashboard/exec/game
[DMP] 2026-06-09 22:37:42 | 200 |  385.747291ms |             ::1 | GET     /v3/dashboard/info/base?roomID=1
[DMP] 2026-06-09 22:37:43 | 200 |     184.041µs |             ::1 | GET     /v3/dashboard/info/sys
[DMP] 2026-06-09 22:37:45 | 200 |     255.041µs |             ::1 | GET     /v3/dashboard/info/sys
[DMP] 2026-06-09 22:37:45 | 200 |  387.794792ms |             ::1 | GET     /v3/dashboard/info/base?roomID=1
[DMP] 2026-06-09 22:37:47 | 200 |     155.833µs |             ::1 | GET     /v3/dashboard/info/sys
[DMP] 2026-06-09 22:37:49 | 200 |     283.708µs |             ::1 | GET     /v3/dashboard/info/sys
[DMP] 2026-06-09 22:37:51 | 200 |      78.125µs |             ::1 | GET     /v3/dashboard/info/sys
[DMP] 2026-06-09 22:37:53 | 200 |     122.083µs |             ::1 | GET     /v3/dashboard/info/sys
[DMP] 2026-06-09 22:37:55 | 200 |      52.917µs |             ::1 | GET     /v3/dashboard/info/sys
[DMP] 2026-06-09 22:37:55 | 200 |  292.594917ms |             ::1 | GET     /v3/dashboard/info/base?roomID=1
[DMP] 2026-06-09 22:37:57 | 200 |       98.25µs |             ::1 | GET     /v3/dashboard/info/sys
[DMP] 2026-06-09 22:37:59 | 200 |     101.958µs |             ::1 | GET     /v3/dashboard/info/sys
[DMP] 2026-06-09 22:38:01 | 200 |     113.334µs |             ::1 | GET     /v3/dashboard/info/sys
[DMP] 2026-06-09 22:38:03 | 200 |      76.625µs |             ::1 | GET     /v3/dashboard/info/sys
[DMP] 2026-06-09 22:38:05 | 200 |  1.868672417s |             ::1 | POST    /v3/dashboard/check/lobby
[DMP] 2026-06-09 22:38:05 | 200 |     183.083µs |             ::1 | GET     /v3/dashboard/info/sys
[DMP] 2026-06-09 22:38:05 | 200 |  325.633084ms |             ::1 | GET     /v3/dashboard/info/base?roomID=1
[DMP] 2026-06-09 22:38:07 | 200 |      91.166µs |             ::1 | GET     /v3/dashboard/info/sys
[DMP] 2026-06-09 22:38:09 | 200 |     123.875µs |             ::1 | GET     /v3/dashboard/info/sys
[DMP] 2026-06-09 22:38:11 | 200 |       77.75µs |             ::1 | GET     /v3/dashboard/info/sys
[DMP] 2026-06-09 22:38:13 | 200 |      83.417µs |             ::1 | GET     /v3/dashboard/info/sys
[DMP] 2026-06-09 22:38:15 | 200 |      62.042µs |             ::1 | GET     /v3/dashboard/info/sys
[DMP] 2026-06-09 22:38:15 | 200 |  292.666125ms |             ::1 | GET     /v3/dashboard/info/base?roomID=1
[DMP] 2026-06-09 22:38:17 | 200 |       98.75µs |             ::1 | GET     /v3/dashboard/info/sys
[DMP] 2026-06-09 22:38:18 | 200 |      1.3855ms |             ::1 | GET     /assets/logs-xkzV_pEG.js
[DMP] 2026-06-09 22:38:18 | 200 |      1.4905ms |             ::1 | GET     /assets/game-DUz1fYCT.js
[DMP] 2026-06-09 22:38:18 | 200 |    1.399584ms |             ::1 | GET     /assets/log-nXe8oOwy.js
[DMP] 2026-06-09 22:38:18 | 200 |    1.365333ms |             ::1 | GET     /assets/log-DWr6Dcj-.css
[DMP] 2026-06-09 22:38:18 | 200 |     907.292µs |             ::1 | GET     /v3/room/worlds?roomID=1
[DMP] 2026-06-09 22:38:18 | 200 |    1.550916ms |             ::1 | GET     /v3/logs/history/list?roomID=1&worldID=1&logType=game
[DMP] 2026-06-09 22:38:20 | 200 |     681.666µs |             ::1 | GET     /v3/logs/content?roomID=1&worldID=1&logType=game&lines=22
[DMP] 2026-06-09 22:38:22 | 200 |      749.75µs |             ::1 | GET     /v3/logs/content?roomID=1&worldID=1&logType=game&lines=22
[DMP] 2026-06-09 22:38:22 | 200 |     748.292µs |             ::1 | GET     /assets/download-D7SKOu3D.js
[DMP] 2026-06-09 22:38:23 | 200 |      28.833µs |             ::1 | GET     /assets/steam-o3Zxcwae.js
[DMP] 2026-06-09 22:38:23 | 200 |      88.542µs |             ::1 | GET     /assets/singleLog-BjhhVR9E.js
[DMP] 2026-06-09 22:38:25 | 200 |     626.375µs |             ::1 | GET     /v3/logs/content?roomID=1&worldID=0&logType=steam&lines=24
[DMP] 2026-06-09 22:38:28 | 200 |      27.958µs |             ::1 | GET     /assets/runtime-C_YhoJru.js
[DMP] 2026-06-09 22:38:30 | 200 |     868.709µs |             ::1 | GET     /v3/logs/content?roomID=1&worldID=0&logType=runtime&lines=24
[DMP] 2026-06-09 22:38:32 | 200 |     213.917µs |             ::1 | GET     /v3/logs/content?roomID=1&worldID=0&logType=runtime&lines=24
[DMP] 2026-06-09 22:38:34 | 200 |     296.917µs |             ::1 | GET     /v3/logs/content?roomID=1&worldID=0&logType=runtime&lines=24
[DMP] 2026-06-09 22:38:36 | 200 |     173.459µs |             ::1 | GET     /v3/logs/content?roomID=1&worldID=0&logType=runtime&lines=24
[DMP] 2026-06-09 22:38:38 | 200 |     215.917µs |             ::1 | GET     /v3/logs/content?roomID=1&worldID=0&logType=runtime&lines=24
[DMP] 2026-06-09 22:38:40 | 200 |     244.917µs |             ::1 | GET     /v3/logs/content?roomID=1&worldID=0&logType=runtime&lines=24
[DMP] 2026-06-09 22:38:42 | 200 |     168.958µs |             ::1 | GET     /v3/logs/content?roomID=1&worldID=0&logType=runtime&lines=24
[DMP] 2026-06-09 22:38:43 | 200 |     267.125µs |             ::1 | GET     /v3/room/factor
[DMP] 2026-06-09 22:38:43 | 200 |     1.34375ms |             ::1 | GET     /v3/room?id=1
[DMP] 2026-06-09 22:38:45 | 200 |     769.125µs |             ::1 | GET     /v3/room/list?gameName=&page=1&pageSize=4
[DMP] 2026-06-09 22:38:46 | 200 |     273.667µs |             ::1 | GET     /v3/dashboard/info/sys
[DMP] 2026-06-09 22:38:47 | 200 |  361.486833ms |             ::1 | GET     /v3/dashboard/info/base?roomID=1
[DMP] 2026-06-09 22:38:47 | 200 |    1.042209ms |             ::1 | GET     /v3/dashboard/connection_code?roomID=1
[DMP] 2026-06-09 22:38:49 | 200 |     143.208µs |             ::1 | GET     /v3/dashboard/info/sys
[DMP] 2026-06-09 22:38:51 | 200 |     135.667µs |             ::1 | GET     /v3/dashboard/info/sys
[DMP] 2026-06-09 22:38:53 | 200 |     139.666µs |             ::1 | GET     /v3/dashboard/info/sys
[DMP] 2026-06-09 22:38:54 | 200 |  1.396796792s |             ::1 | POST    /v3/dashboard/check/lobby
[DMP] 2026-06-09 22:38:55 | 200 |      77.541µs |             ::1 | GET     /v3/dashboard/info/sys
[DMP] 2026-06-09 22:38:57 | 200 |     104.459µs |             ::1 | GET     /v3/dashboard/info/sys
[DMP] 2026-06-09 22:38:57 | 200 |  355.481041ms |             ::1 | GET     /v3/dashboard/info/base?roomID=1
[DMP] 2026-06-09 22:38:59 | 200 |     132.667µs |             ::1 | GET     /v3/dashboard/info/sys
[DMP] 2026-06-09 22:39:01 | 200 |     121.042µs |             ::1 | GET     /v3/dashboard/info/sys
[DMP] 2026-06-09 22:39:02 | 200 |    2.2681765s |             ::1 | POST    /v3/dashboard/exec/game
[DMP] 2026-06-09 22:39:02 | 200 |  529.861625ms |             ::1 | GET     /v3/dashboard/info/base?roomID=1
[DMP] 2026-06-09 22:39:03 | 200 |      77.541µs |             ::1 | GET     /v3/dashboard/info/sys
[DMP] 2026-06-09 22:39:05 | 200 |     395.542µs |             ::1 | GET     /v3/dashboard/info/sys
[DMP] 2026-06-09 22:39:07 | 200 |      91.583µs |             ::1 | GET     /v3/dashboard/info/sys
[DMP] 2026-06-09 22:39:07 | 200 |   339.12775ms |             ::1 | GET     /v3/dashboard/info/base?roomID=1
[DMP] 2026-06-09 22:39:09 | 200 |     100.625µs |             ::1 | GET     /v3/dashboard/info/sys
[DMP] 2026-06-09 22:39:09 | 200 |   76.061375ms |             ::1 | GET     /v3/platform/os_info
[DMP] 2026-06-09 22:39:13 | 200 |    1.773375ms |             ::1 | GET     /v3/room/list?gameName=&page=1&pageSize=4
[DMP] 2026-06-09 22:39:15 | 200 |     154.541µs |             ::1 | GET     /v3/dashboard/info/sys
[DMP] 2026-06-09 22:39:16 | 200 |  352.468292ms |             ::1 | GET     /v3/dashboard/info/base?roomID=1
[DMP] 2026-06-09 22:39:16 | 200 |     865.209µs |             ::1 | GET     /v3/dashboard/connection_code?roomID=1
[DMP] 2026-06-09 22:39:18 | 200 |     207.125µs |             ::1 | GET     /v3/dashboard/info/sys
[DMP] 2026-06-09 22:39:19 | 200 |   145.02025ms |             ::1 | POST    /v3/dashboard/exec/game
[DMP] 2026-06-09 22:39:19 | 200 |  338.321334ms |             ::1 | GET     /v3/dashboard/info/base?roomID=1
[DMP] 2026-06-09 22:39:20 | 200 |     120.958µs |             ::1 | GET     /v3/dashboard/info/sys
[DMP] 2026-06-09 22:39:22 | 200 |       96.25µs |             ::1 | GET     /v3/dashboard/info/sys
[DMP] 2026-06-09 22:39:24 | 200 |     150.458µs |             ::1 | GET     /v3/dashboard/info/sys
[DMP] 2026-06-09 22:39:26 | 200 |      84.166µs |             ::1 | GET     /v3/dashboard/info/sys
[DMP] 2026-06-09 22:39:26 | 200 |  347.536208ms |             ::1 | GET     /v3/dashboard/info/base?roomID=1
[DMP] 2026-06-09 22:39:26 | 200 |      50.459µs |             ::1 | GET     /
[DMP] 2026-06-09 22:39:27 | 200 |     106.208µs |             ::1 | GET     /v3/dashboard/info/sys
[DMP] 2026-06-09 22:39:27 | 200 |     460.875µs |             ::1 | GET     /v3/platform/game_version
[DMP] 2026-06-09 22:39:27 | 200 |     855.041µs |             ::1 | GET     /v3/room/basic
[DMP] 2026-06-09 22:39:27 | 200 |  408.518541ms |             ::1 | GET     /v3/dashboard/info/base?roomID=1
[DMP] 2026-06-09 22:39:27 | 200 |      882.25µs |             ::1 | GET     /v3/dashboard/connection_code?roomID=1
[DMP] 2026-06-09 22:39:29 | 200 |      143.25µs |             ::1 | GET     /v3/dashboard/info/sys
[DMP] 2026-06-09 22:39:31 | 200 |      149.75µs |             ::1 | GET     /v3/dashboard/info/sys
[DMP] 2026-06-09 22:39:33 | 200 |     180.416µs |             ::1 | GET     /v3/logs/content?roomID=1&worldID=0&logType=runtime&lines=24
[DMP] 2026-06-09 22:39:35 | 200 |     141.792µs |             ::1 | GET     /v3/logs/content?roomID=1&worldID=0&logType=runtime&lines=24
[DMP] 2026-06-09 22:39:37 | 200 |     180.291µs |             ::1 | GET     /v3/logs/content?roomID=1&worldID=0&logType=runtime&lines=24
[DMP] 2026-06-09 22:39:39 | 200 |     158.125µs |             ::1 | GET     /v3/logs/content?roomID=1&worldID=0&logType=runtime&lines=24
[DMP] 2026-06-09 22:39:41 | 200 |      374.75µs |             ::1 | GET     /v3/logs/content?roomID=1&worldID=0&logType=runtime&lines=24
[DMP] 2026-06-09 22:39:43 | 200 |     177.667µs |             ::1 | GET     /v3/logs/content?roomID=1&worldID=0&logType=runtime&lines=24
[DMP] 2026-06-09 22:39:45 | 200 |     219.458µs |             ::1 | GET     /v3/logs/content?roomID=1&worldID=0&logType=runtime&lines=24
[DMP] 2026-06-09 22:39:47 | 200 |     141.708µs |             ::1 | GET     /v3/logs/content?roomID=1&worldID=0&logType=runtime&lines=24
[DMP] 2026-06-09 22:39:49 | 200 |     360.958µs |             ::1 | GET     /v3/logs/content?roomID=1&worldID=0&logType=runtime&lines=24
[DMP] 2026-06-09 22:39:51 | 200 |     527.875µs |             ::1 | GET     /v3/logs/content?roomID=1&worldID=0&logType=runtime&lines=24
[DMP] 2026-06-09 22:39:53 | 200 |         340µs |             ::1 | GET     /v3/logs/content?roomID=1&worldID=0&logType=runtime&lines=24
[DMP] 2026-06-09 22:39:55 | 200 |     244.584µs |             ::1 | GET     /v3/logs/content?roomID=1&worldID=0&logType=runtime&lines=24
[DMP] 2026-06-09 22:39:57 | 200 |     127.542µs |             ::1 | GET     /v3/logs/content?roomID=1&worldID=0&logType=runtime&lines=24
[DMP] 2026-06-09 22:39:59 | 200 |     222.916µs |             ::1 | GET     /v3/logs/content?roomID=1&worldID=0&logType=runtime&lines=24
[DMP] 2026-06-09 22:40:01 | 200 |     291.375µs |             ::1 | GET     /v3/logs/content?roomID=1&worldID=0&logType=runtime&lines=24
[DMP] 2026-06-09 22:40:03 | 200 |     226.208µs |             ::1 | GET     /v3/logs/content?roomID=1&worldID=0&logType=runtime&lines=24
[DMP] 2026-06-09 22:40:05 | 200 |     234.167µs |             ::1 | GET     /v3/logs/content?roomID=1&worldID=0&logType=runtime&lines=24
[DMP] 2026-06-09 22:40:07 | 200 |     398.875µs |             ::1 | GET     /v3/logs/content?roomID=1&worldID=0&logType=runtime&lines=24
[DMP] 2026-06-09 22:40:09 | 200 |     314.792µs |             ::1 | GET     /v3/logs/content?roomID=1&worldID=0&logType=runtime&lines=24
[DMP] 2026-06-09 22:40:11 | 200 |     420.542µs |             ::1 | GET     /v3/logs/content?roomID=1&worldID=0&logType=runtime&lines=24
[DMP] 2026-06-09 22:40:13 | 200 |     159.167µs |             ::1 | GET     /v3/logs/content?roomID=1&worldID=0&logType=runtime&lines=24
[DMP] 2026-06-09 22:40:15 | 200 |     247.708µs |             ::1 | GET     /v3/logs/content?roomID=1&worldID=0&logType=runtime&lines=24
[DMP] 2026-06-09 22:40:17 | 200 |     284.792µs |             ::1 | GET     /v3/logs/content?roomID=1&worldID=0&logType=runtime&lines=24
[DMP] 2026-06-09 22:40:19 | 200 |     194.625µs |             ::1 | GET     /v3/logs/content?roomID=1&worldID=0&logType=runtime&lines=24
[DMP] 2026-06-09 22:40:21 | 200 |     158.042µs |             ::1 | GET     /v3/logs/content?roomID=1&worldID=0&logType=runtime&lines=24
[DMP] 2026-06-09 22:40:23 | 200 |     195.833µs |             ::1 | GET     /v3/logs/content?roomID=1&worldID=0&logType=runtime&lines=24
[DMP] 2026-06-09 22:40:25 | 200 |     164.458µs |             ::1 | GET     /v3/logs/content?roomID=1&worldID=0&logType=runtime&lines=24
[DMP] 2026-06-09 22:40:27 | 200 |     286.875µs |             ::1 | GET     /v3/logs/content?roomID=1&worldID=0&logType=runtime&lines=24
[DMP] 2026-06-09 22:40:29 | 200 |     237.792µs |             ::1 | GET     /v3/logs/content?roomID=1&worldID=0&logType=runtime&lines=24
[DMP] 2026-06-09 22:40:31 | 200 |      202.75µs |             ::1 | GET     /v3/logs/content?roomID=1&worldID=0&logType=runtime&lines=24
[DMP] 2026-06-09 22:40:33 | 200 |     225.416µs |             ::1 | GET     /v3/logs/content?roomID=1&worldID=0&logType=runtime&lines=24
[DMP] 2026-06-09 22:40:35 | 200 |     244.334µs |             ::1 | GET     /v3/logs/content?roomID=1&worldID=0&logType=runtime&lines=24
[DMP] 2026-06-09 22:40:37 | 200 |     239.666µs |             ::1 | GET     /v3/logs/content?roomID=1&worldID=0&logType=runtime&lines=24
[DMP] 2026-06-09 22:40:39 | 200 |     280.125µs |             ::1 | GET     /v3/logs/content?roomID=1&worldID=0&logType=runtime&lines=24
[DMP] 2026-06-09 22:40:41 | 200 |     271.542µs |             ::1 | GET     /v3/logs/content?roomID=1&worldID=0&logType=runtime&lines=24
[DMP] 2026-06-09 22:40:43 | 200 |     230.208µs |             ::1 | GET     /v3/logs/content?roomID=1&worldID=0&logType=runtime&lines=24
[DMP] 2026-06-09 22:40:45 | 200 |     353.708µs |             ::1 | GET     /v3/logs/content?roomID=1&worldID=0&logType=runtime&lines=24
[DMP] 2026-06-09 22:40:47 | 200 |     315.167µs |             ::1 | GET     /v3/logs/content?roomID=1&worldID=0&logType=runtime&lines=24
[DMP] 2026-06-09 22:40:49 | 200 |      406.25µs |             ::1 | GET     /v3/logs/content?roomID=1&worldID=0&logType=runtime&lines=24
[DMP] 2026-06-09 22:40:51 | 200 |     215.084µs |             ::1 | GET     /v3/logs/content?roomID=1&worldID=0&logType=runtime&lines=24
[DMP] 2026-06-09 22:40:53 | 200 |       211.5µs |             ::1 | GET     /v3/logs/content?roomID=1&worldID=0&logType=runtime&lines=24
[DMP] 2026-06-09 22:40:55 | 200 |    2.245542ms |             ::1 | GET     /v3/logs/content?roomID=1&worldID=0&logType=runtime&lines=24
[DMP] 2026-06-09 22:40:57 | 200 |     160.166µs |             ::1 | GET     /v3/logs/content?roomID=1&worldID=0&logType=runtime&lines=24
[DMP] 2026-06-09 22:40:59 | 200 |     131.708µs |             ::1 | GET     /v3/logs/content?roomID=1&worldID=0&logType=runtime&lines=24
[DMP] 2026-06-09 22:41:01 | 200 |     391.917µs |             ::1 | GET     /v3/logs/content?roomID=1&worldID=0&logType=runtime&lines=24
[DMP] 2026-06-09 22:41:03 | 200 |     382.375µs |             ::1 | GET     /v3/logs/content?roomID=1&worldID=0&logType=runtime&lines=24
[DMP] 2026-06-09 22:41:05 | 200 |     320.917µs |             ::1 | GET     /v3/logs/content?roomID=1&worldID=0&logType=runtime&lines=24
[DMP] 2026-06-09 22:41:07 | 200 |     211.042µs |             ::1 | GET     /v3/logs/content?roomID=1&worldID=0&logType=runtime&lines=24
[DMP] 2026-06-09 22:41:09 | 200 |     198.833µs |             ::1 | GET     /v3/logs/content?roomID=1&worldID=0&logType=runtime&lines=24
[DMP] 2026-06-09 22:41:11 | 200 |         204µs |             ::1 | GET     /v3/logs/content?roomID=1&worldID=0&logType=runtime&lines=24
[DMP] 2026-06-09 22:41:13 | 200 |     231.667µs |             ::1 | GET     /v3/logs/content?roomID=1&worldID=0&logType=runtime&lines=24
[DMP] 2026-06-09 22:41:15 | 200 |     158.333µs |             ::1 | GET     /v3/logs/content?roomID=1&worldID=0&logType=runtime&lines=24
[DMP] 2026-06-09 22:41:17 | 200 |     398.125µs |             ::1 | GET     /v3/logs/content?roomID=1&worldID=0&logType=runtime&lines=24
[DMP] 2026-06-09 22:41:19 | 200 |     255.541µs |             ::1 | GET     /v3/logs/content?roomID=1&worldID=0&logType=runtime&lines=24
[DMP] 2026-06-09 22:41:21 | 200 |     307.459µs |             ::1 | GET     /v3/logs/content?roomID=1&worldID=0&logType=runtime&lines=24
[DMP] 2026-06-09 22:41:23 | 200 |     216.458µs |             ::1 | GET     /v3/logs/content?roomID=1&worldID=0&logType=runtime&lines=24
[DMP] 2026-06-09 22:41:25 | 200 |      175.75µs |             ::1 | GET     /v3/logs/content?roomID=1&worldID=0&logType=runtime&lines=24
[DMP] 2026-06-09 22:41:27 | 200 |     307.542µs |             ::1 | GET     /v3/logs/content?roomID=1&worldID=0&logType=runtime&lines=24
[DMP] 2026-06-09 22:41:29 | 200 |     368.959µs |             ::1 | GET     /v3/logs/content?roomID=1&worldID=0&logType=runtime&lines=24
[DMP] 2026-06-09 22:41:31 | 200 |     182.833µs |             ::1 | GET     /v3/logs/content?roomID=1&worldID=0&logType=runtime&lines=24
[DMP] 2026-06-09 22:41:33 | 200 |     195.416µs |             ::1 | GET     /v3/logs/content?roomID=1&worldID=0&logType=runtime&lines=24
[DMP] 2026-06-09 22:41:35 | 200 |     334.333µs |             ::1 | GET     /v3/logs/content?roomID=1&worldID=0&logType=runtime&lines=24
[DMP] 2026-06-09 22:41:37 | 200 |     201.667µs |             ::1 | GET     /v3/logs/content?roomID=1&worldID=0&logType=runtime&lines=24
[DMP] 2026-06-09 22:41:39 | 200 |     202.792µs |             ::1 | GET     /v3/logs/content?roomID=1&worldID=0&logType=runtime&lines=24
[DMP] 2026-06-09 22:41:41 | 200 |     167.417µs |             ::1 | GET     /v3/logs/content?roomID=1&worldID=0&logType=runtime&lines=24
[DMP] 2026-06-09 22:41:43 | 200 |     287.167µs |             ::1 | GET     /v3/logs/content?roomID=1&worldID=0&logType=runtime&lines=24
[DMP] 2026-06-09 22:41:45 | 200 |     300.417µs |             ::1 | GET     /v3/logs/content?roomID=1&worldID=0&logType=runtime&lines=24
[DMP] 2026-06-09 22:41:47 | 200 |     248.875µs |             ::1 | GET     /v3/logs/content?roomID=1&worldID=0&logType=runtime&lines=24
[DMP] 2026-06-09 22:41:49 | 200 |     425.917µs |             ::1 | GET     /v3/logs/content?roomID=1&worldID=0&logType=runtime&lines=24
[DMP] 2026-06-09 22:41:51 | 200 |     398.541µs |             ::1 | GET     /v3/logs/content?roomID=1&worldID=0&logType=runtime&lines=24
[DMP] 2026-06-09 22:41:53 | 200 |     666.708µs |             ::1 | GET     /v3/logs/content?roomID=1&worldID=0&logType=runtime&lines=24
[DMP] 2026-06-09 22:41:55 | 200 |       261.5µs |             ::1 | GET     /v3/logs/content?roomID=1&worldID=0&logType=runtime&lines=24
[DMP] 2026-06-09 22:41:57 | 200 |     270.875µs |             ::1 | GET     /v3/logs/content?roomID=1&worldID=0&logType=runtime&lines=24
[DMP] 2026-06-09 22:41:59 | 200 |     291.125µs |             ::1 | GET     /v3/logs/content?roomID=1&worldID=0&logType=runtime&lines=24
[DMP] 2026-06-09 22:42:01 | 200 |     328.625µs |             ::1 | GET     /v3/logs/content?roomID=1&worldID=0&logType=runtime&lines=24
[DMP] 2026-06-09 22:42:03 | 200 |     832.375µs |             ::1 | GET     /v3/logs/content?roomID=1&worldID=0&logType=runtime&lines=24
[DMP] 2026-06-09 22:42:05 | 200 |     231.541µs |             ::1 | GET     /v3/logs/content?roomID=1&worldID=0&logType=runtime&lines=24
[DMP] 2026-06-09 22:42:07 | 200 |     165.209µs |             ::1 | GET     /v3/logs/content?roomID=1&worldID=0&logType=runtime&lines=24
[DMP] 2026-06-09 22:42:09 | 200 |     264.708µs |             ::1 | GET     /v3/logs/content?roomID=1&worldID=0&logType=runtime&lines=24
[DMP] 2026-06-09 22:42:11 | 200 |     267.833µs |             ::1 | GET     /v3/logs/content?roomID=1&worldID=0&logType=runtime&lines=24
[DMP] 2026-06-09 22:42:13 | 200 |     188.833µs |             ::1 | GET     /v3/logs/content?roomID=1&worldID=0&logType=runtime&lines=24
[DMP] 2026-06-09 22:42:15 | 200 |     204.791µs |             ::1 | GET     /v3/logs/content?roomID=1&worldID=0&logType=runtime&lines=24
[DMP] 2026-06-09 22:42:17 | 200 |     289.792µs |             ::1 | GET     /v3/logs/content?roomID=1&worldID=0&logType=runtime&lines=24
[DMP] 2026-06-09 22:42:19 | 200 |     244.625µs |             ::1 | GET     /v3/logs/content?roomID=1&worldID=0&logType=runtime&lines=24
[DMP] 2026-06-09 22:42:21 | 200 |     197.542µs |             ::1 | GET     /v3/logs/content?roomID=1&worldID=0&logType=runtime&lines=24
[DMP] 2026-06-09 22:42:23 | 200 |      250.25µs |             ::1 | GET     /v3/logs/content?roomID=1&worldID=0&logType=runtime&lines=24
[DMP] 2026-06-09 22:42:25 | 200 |     206.125µs |             ::1 | GET     /v3/logs/content?roomID=1&worldID=0&logType=runtime&lines=24
[DMP] 2026-06-09 22:42:27 | 200 |     328.875µs |             ::1 | GET     /v3/logs/content?roomID=1&worldID=0&logType=runtime&lines=24
[DMP] 2026-06-09 22:42:29 | 200 |     187.083µs |             ::1 | GET     /v3/logs/content?roomID=1&worldID=0&logType=runtime&lines=24
[DMP] 2026-06-09 22:42:31 | 200 |     199.834µs |             ::1 | GET     /v3/logs/content?roomID=1&worldID=0&logType=runtime&lines=24
[DMP] 2026-06-09 22:42:33 | 200 |     163.958µs |             ::1 | GET     /v3/logs/content?roomID=1&worldID=0&logType=runtime&lines=24
[DMP] 2026-06-09 22:42:35 | 200 |     300.084µs |             ::1 | GET     /v3/logs/content?roomID=1&worldID=0&logType=runtime&lines=24
[DMP] 2026-06-09 22:42:37 | 200 |     250.166µs |             ::1 | GET     /v3/logs/content?roomID=1&worldID=0&logType=runtime&lines=24
[DMP] 2026-06-09 22:42:39 | 200 |     303.875µs |             ::1 | GET     /v3/logs/content?roomID=1&worldID=0&logType=runtime&lines=24
[DMP] 2026-06-09 22:42:41 | 200 |      341.75µs |             ::1 | GET     /v3/logs/content?roomID=1&worldID=0&logType=runtime&lines=24
[DMP] 2026-06-09 22:42:43 | 200 |     222.958µs |             ::1 | GET     /v3/logs/content?roomID=1&worldID=0&logType=runtime&lines=24
[DMP] 2026-06-09 22:42:45 | 200 |     309.542µs |             ::1 | GET     /v3/logs/content?roomID=1&worldID=0&logType=runtime&lines=24
[DMP] 2026-06-09 22:42:47 | 200 |     192.291µs |             ::1 | GET     /v3/logs/content?roomID=1&worldID=0&logType=runtime&lines=24
[DMP] 2026-06-09 22:42:49 | 200 |     197.666µs |             ::1 | GET     /v3/logs/content?roomID=1&worldID=0&logType=runtime&lines=24
[DMP] 2026-06-09 22:42:51 | 200 |     285.333µs |             ::1 | GET     /v3/logs/content?roomID=1&worldID=0&logType=runtime&lines=24
[DMP] 2026-06-09 22:42:53 | 200 |     182.167µs |             ::1 | GET     /v3/logs/content?roomID=1&worldID=0&logType=runtime&lines=24
[DMP] 2026-06-09 22:42:55 | 200 |     218.792µs |             ::1 | GET     /v3/logs/content?roomID=1&worldID=0&logType=runtime&lines=24
[DMP] 2026-06-09 22:42:57 | 200 |     431.875µs |             ::1 | GET     /v3/logs/content?roomID=1&worldID=0&logType=runtime&lines=24
[DMP] 2026-06-09 22:42:59 | 200 |     146.875µs |             ::1 | GET     /v3/logs/content?roomID=1&worldID=0&logType=runtime&lines=24
[DMP] 2026-06-09 22:43:01 | 200 |     335.125µs |             ::1 | GET     /v3/logs/content?roomID=1&worldID=0&logType=runtime&lines=24
[DMP] 2026-06-09 22:43:03 | 200 |     214.541µs |             ::1 | GET     /v3/logs/content?roomID=1&worldID=0&logType=runtime&lines=24
[DMP] 2026-06-09 22:43:05 | 200 |     288.334µs |             ::1 | GET     /v3/logs/content?roomID=1&worldID=0&logType=runtime&lines=24
[DMP] 2026-06-09 22:43:07 | 200 |     262.833µs |             ::1 | GET     /v3/logs/content?roomID=1&worldID=0&logType=runtime&lines=24
[DMP] 2026-06-09 22:43:09 | 200 |       330.5µs |             ::1 | GET     /v3/logs/content?roomID=1&worldID=0&logType=runtime&lines=24
[DMP] 2026-06-09 22:43:11 | 200 |     313.958µs |             ::1 | GET     /v3/logs/content?roomID=1&worldID=0&logType=runtime&lines=24
[DMP] 2026-06-09 22:43:13 | 200 |      353.25µs |             ::1 | GET     /v3/logs/content?roomID=1&worldID=0&logType=runtime&lines=24
[DMP] 2026-06-09 22:43:15 | 200 |     402.625µs |             ::1 | GET     /v3/logs/content?roomID=1&worldID=0&logType=runtime&lines=24
[DMP] 2026-06-09 22:43:17 | 200 |     144.166µs |             ::1 | GET     /v3/logs/content?roomID=1&worldID=0&logType=runtime&lines=24
[DMP] 2026-06-09 22:43:19 | 200 |     177.458µs |             ::1 | GET     /v3/logs/content?roomID=1&worldID=0&logType=runtime&lines=24
[DMP] 2026-06-09 22:43:21 | 200 |      246.75µs |             ::1 | GET     /v3/logs/content?roomID=1&worldID=0&logType=runtime&lines=24
[DMP] 2026-06-09 22:43:23 | 200 |     281.875µs |             ::1 | GET     /v3/logs/content?roomID=1&worldID=0&logType=runtime&lines=24
[DMP] 2026-06-09 22:43:25 | 200 |     232.417µs |             ::1 | GET     /v3/logs/content?roomID=1&worldID=0&logType=runtime&lines=24
[DMP] 2026-06-09 22:43:27 | 200 |     183.292µs |             ::1 | GET     /v3/logs/content?roomID=1&worldID=0&logType=runtime&lines=24
[DMP] 2026-06-09 22:43:29 | 200 |     280.834µs |             ::1 | GET     /v3/logs/content?roomID=1&worldID=0&logType=runtime&lines=24
[DMP] 2026-06-09 22:43:31 | 200 |     200.083µs |             ::1 | GET     /v3/logs/content?roomID=1&worldID=0&logType=runtime&lines=24
[DMP] 2026-06-09 22:43:33 | 200 |     327.584µs |             ::1 | GET     /v3/logs/content?roomID=1&worldID=0&logType=runtime&lines=24
[DMP] 2026-06-09 22:43:35 | 200 |     310.042µs |             ::1 | GET     /v3/logs/content?roomID=1&worldID=0&logType=runtime&lines=24
[DMP] 2026-06-09 22:43:37 | 200 |      190.75µs |             ::1 | GET     /v3/logs/content?roomID=1&worldID=0&logType=runtime&lines=24
[DMP] 2026-06-09 22:43:39 | 200 |         193µs |             ::1 | GET     /v3/logs/content?roomID=1&worldID=0&logType=runtime&lines=24
[DMP] 2026-06-09 22:43:41 | 200 |     274.125µs |             ::1 | GET     /v3/logs/content?roomID=1&worldID=0&logType=runtime&lines=24
[DMP] 2026-06-09 22:43:43 | 200 |     271.791µs |             ::1 | GET     /v3/logs/content?roomID=1&worldID=0&logType=runtime&lines=24
[DMP] 2026-06-09 22:43:45 | 200 |      207.25µs |             ::1 | GET     /v3/logs/content?roomID=1&worldID=0&logType=runtime&lines=24
[DMP] 2026-06-09 22:43:47 | 200 |     232.292µs |             ::1 | GET     /v3/logs/content?roomID=1&worldID=0&logType=runtime&lines=24
[DMP] 2026-06-09 22:43:49 | 200 |     285.083µs |             ::1 | GET     /v3/logs/content?roomID=1&worldID=0&logType=runtime&lines=24
[DMP] 2026-06-09 22:43:51 | 200 |     164.708µs |             ::1 | GET     /v3/logs/content?roomID=1&worldID=0&logType=runtime&lines=24
[DMP] 2026-06-09 22:43:53 | 200 |     201.125µs |             ::1 | GET     /v3/logs/content?roomID=1&worldID=0&logType=runtime&lines=24
[DMP] 2026-06-09 22:43:55 | 200 |     171.459µs |             ::1 | GET     /v3/logs/content?roomID=1&worldID=0&logType=runtime&lines=24
[DMP] 2026-06-09 22:43:57 | 200 |     176.541µs |             ::1 | GET     /v3/logs/content?roomID=1&worldID=0&logType=runtime&lines=24
[DMP] 2026-06-09 22:43:59 | 200 |     309.917µs |             ::1 | GET     /v3/logs/content?roomID=1&worldID=0&logType=runtime&lines=24
[DMP] 2026-06-09 22:44:01 | 200 |     287.875µs |             ::1 | GET     /v3/logs/content?roomID=1&worldID=0&logType=runtime&lines=24
[DMP] 2026-06-09 22:44:03 | 200 |     229.708µs |             ::1 | GET     /v3/logs/content?roomID=1&worldID=0&logType=runtime&lines=24
[DMP] 2026-06-09 22:44:05 | 200 |     199.458µs |             ::1 | GET     /v3/logs/content?roomID=1&worldID=0&logType=runtime&lines=24
[DMP] 2026-06-09 22:44:07 | 200 |      163.75µs |             ::1 | GET     /v3/logs/content?roomID=1&worldID=0&logType=runtime&lines=24
[DMP] 2026-06-09 22:44:09 | 200 |     329.792µs |             ::1 | GET     /v3/logs/content?roomID=1&worldID=0&logType=runtime&lines=24
[DMP] 2026-06-09 22:44:11 | 200 |     189.125µs |             ::1 | GET     /v3/logs/content?roomID=1&worldID=0&logType=runtime&lines=24
[DMP] 2026-06-09 22:44:13 | 200 |     249.666µs |             ::1 | GET     /v3/logs/content?roomID=1&worldID=0&logType=runtime&lines=24
[DMP] 2026-06-09 22:44:15 | 200 |     273.334µs |             ::1 | GET     /v3/logs/content?roomID=1&worldID=0&logType=runtime&lines=24
[DMP] 2026-06-09 22:44:17 | 200 |     278.458µs |             ::1 | GET     /v3/logs/content?roomID=1&worldID=0&logType=runtime&lines=24
[DMP] 2026-06-09 22:44:19 | 200 |     273.125µs |             ::1 | GET     /v3/logs/content?roomID=1&worldID=0&logType=runtime&lines=24
[DMP] 2026-06-09 22:44:21 | 200 |     194.916µs |             ::1 | GET     /v3/logs/content?roomID=1&worldID=0&logType=runtime&lines=24
[DMP] 2026-06-09 22:44:23 | 200 |     283.958µs |             ::1 | GET     /v3/logs/content?roomID=1&worldID=0&logType=runtime&lines=24
[DMP] 2026-06-09 22:44:25 | 200 |     357.417µs |             ::1 | GET     /v3/logs/content?roomID=1&worldID=0&logType=runtime&lines=24
[DMP] 2026-06-09 22:44:27 | 200 |     293.708µs |             ::1 | GET     /v3/logs/content?roomID=1&worldID=0&logType=runtime&lines=24
[DMP] 2026-06-09 22:44:29 | 200 |     202.125µs |             ::1 | GET     /v3/logs/content?roomID=1&worldID=0&logType=runtime&lines=24
[DMP] 2026-06-09 22:44:31 | 200 |     378.334µs |             ::1 | GET     /v3/logs/content?roomID=1&worldID=0&logType=runtime&lines=24
[DMP] 2026-06-09 22:44:33 | 200 |     154.958µs |             ::1 | GET     /v3/logs/content?roomID=1&worldID=0&logType=runtime&lines=24
[DMP] 2026-06-09 22:44:35 | 200 |     292.167µs |             ::1 | GET     /v3/logs/content?roomID=1&worldID=0&logType=runtime&lines=24
[DMP] 2026-06-09 22:44:37 | 200 |       268.5µs |             ::1 | GET     /v3/logs/content?roomID=1&worldID=0&logType=runtime&lines=24
[DMP] 2026-06-09 22:44:39 | 200 |     173.667µs |             ::1 | GET     /v3/logs/content?roomID=1&worldID=0&logType=runtime&lines=24
[DMP] 2026-06-09 22:44:41 | 200 |      172.25µs |             ::1 | GET     /v3/logs/content?roomID=1&worldID=0&logType=runtime&lines=24
[DMP] 2026-06-09 22:44:43 | 200 |     182.125µs |             ::1 | GET     /v3/logs/content?roomID=1&worldID=0&logType=runtime&lines=24
[DMP] 2026-06-09 22:44:45 | 200 |     257.542µs |             ::1 | GET     /v3/logs/content?roomID=1&worldID=0&logType=runtime&lines=24
[DMP] 2026-06-09 22:44:47 | 200 |     218.458µs |             ::1 | GET     /v3/logs/content?roomID=1&worldID=0&logType=runtime&lines=24
[DMP] 2026-06-09 22:44:49 | 200 |       215.5µs |             ::1 | GET     /v3/logs/content?roomID=1&worldID=0&logType=runtime&lines=24
[DMP] 2026-06-09 22:44:51 | 200 |     180.583µs |             ::1 | GET     /v3/logs/content?roomID=1&worldID=0&logType=runtime&lines=24
[DMP] 2026-06-09 22:44:53 | 200 |     183.625µs |             ::1 | GET     /v3/logs/content?roomID=1&worldID=0&logType=runtime&lines=24
[DMP] 2026-06-09 22:44:55 | 200 |     167.667µs |             ::1 | GET     /v3/logs/content?roomID=1&worldID=0&logType=runtime&lines=24
[DMP] 2026-06-09 22:44:57 | 200 |     220.833µs |             ::1 | GET     /v3/logs/content?roomID=1&worldID=0&logType=runtime&lines=24
[DMP] 2026-06-09 22:44:59 | 200 |     137.875µs |             ::1 | GET     /v3/logs/content?roomID=1&worldID=0&logType=runtime&lines=24
[DMP] 2026-06-09 22:45:01 | 200 |     391.583µs |             ::1 | GET     /v3/logs/content?roomID=1&worldID=0&logType=runtime&lines=24
[DMP] 2026-06-09 22:45:03 | 200 |     302.334µs |             ::1 | GET     /v3/logs/content?roomID=1&worldID=0&logType=runtime&lines=24
[DMP] 2026-06-09 22:45:05 | 200 |     285.833µs |             ::1 | GET     /v3/logs/content?roomID=1&worldID=0&logType=runtime&lines=24
[DMP] 2026-06-09 22:45:07 | 200 |     346.416µs |             ::1 | GET     /v3/logs/content?roomID=1&worldID=0&logType=runtime&lines=24
[DMP] 2026-06-09 22:45:09 | 200 |      197.25µs |             ::1 | GET     /v3/logs/content?roomID=1&worldID=0&logType=runtime&lines=24
[DMP] 2026-06-09 22:45:11 | 200 |     212.125µs |             ::1 | GET     /v3/logs/content?roomID=1&worldID=0&logType=runtime&lines=24
[DMP] 2026-06-09 22:45:13 | 200 |     200.667µs |             ::1 | GET     /v3/logs/content?roomID=1&worldID=0&logType=runtime&lines=24
[DMP] 2026-06-09 22:45:15 | 200 |     181.333µs |             ::1 | GET     /v3/logs/content?roomID=1&worldID=0&logType=runtime&lines=24
[DMP] 2026-06-09 22:45:17 | 200 |      327.25µs |             ::1 | GET     /v3/logs/content?roomID=1&worldID=0&logType=runtime&lines=24
[DMP] 2026-06-09 22:45:19 | 200 |     240.375µs |             ::1 | GET     /v3/logs/content?roomID=1&worldID=0&logType=runtime&lines=24
[DMP] 2026-06-09 22:45:21 | 200 |     469.291µs |             ::1 | GET     /v3/logs/content?roomID=1&worldID=0&logType=runtime&lines=24
[DMP] 2026-06-09 22:45:23 | 200 |     180.917µs |             ::1 | GET     /v3/logs/content?roomID=1&worldID=0&logType=runtime&lines=24
[DMP] 2026-06-09 22:45:25 | 200 |     212.041µs |             ::1 | GET     /v3/logs/content?roomID=1&worldID=0&logType=runtime&lines=24
[DMP] 2026-06-09 22:45:27 | 200 |     321.958µs |             ::1 | GET     /v3/logs/content?roomID=1&worldID=0&logType=runtime&lines=24
[DMP] 2026-06-09 22:45:29 | 200 |      193.75µs |             ::1 | GET     /v3/logs/content?roomID=1&worldID=0&logType=runtime&lines=24
[DMP] 2026-06-09 22:45:31 | 200 |         148µs |             ::1 | GET     /v3/logs/content?roomID=1&worldID=0&logType=runtime&lines=24
[DMP] 2026-06-09 22:45:33 | 200 |     209.584µs |             ::1 | GET     /v3/logs/content?roomID=1&worldID=0&logType=runtime&lines=24
[DMP] 2026-06-09 22:45:35 | 200 |     285.333µs |             ::1 | GET     /v3/logs/content?roomID=1&worldID=0&logType=runtime&lines=24
[DMP] 2026-06-09 22:45:37 | 200 |     234.042µs |             ::1 | GET     /v3/logs/content?roomID=1&worldID=0&logType=runtime&lines=24
[DMP] 2026-06-09 22:45:39 | 200 |     312.541µs |             ::1 | GET     /v3/logs/content?roomID=1&worldID=0&logType=runtime&lines=24
[DMP] 2026-06-09 22:45:41 | 200 |     167.666µs |             ::1 | GET     /v3/logs/content?roomID=1&worldID=0&logType=runtime&lines=24
[DMP] 2026-06-09 22:45:43 | 200 |     214.292µs |             ::1 | GET     /v3/logs/content?roomID=1&worldID=0&logType=runtime&lines=24
[DMP] 2026-06-09 22:45:45 | 200 |     266.792µs |             ::1 | GET     /v3/logs/content?roomID=1&worldID=0&logType=runtime&lines=24
[DMP] 2026-06-09 22:45:47 | 200 |     206.708µs |             ::1 | GET     /v3/logs/content?roomID=1&worldID=0&logType=runtime&lines=24
[DMP] 2026-06-09 22:45:49 | 200 |     218.042µs |             ::1 | GET     /v3/logs/content?roomID=1&worldID=0&logType=runtime&lines=24
[DMP] 2026-06-09 22:45:51 | 200 |     278.791µs |             ::1 | GET     /v3/logs/content?roomID=1&worldID=0&logType=runtime&lines=24
[DMP] 2026-06-09 22:45:53 | 200 |     330.584µs |             ::1 | GET     /v3/logs/content?roomID=1&worldID=0&logType=runtime&lines=24
[DMP] 2026-06-09 22:45:55 | 200 |     249.958µs |             ::1 | GET     /v3/logs/content?roomID=1&worldID=0&logType=runtime&lines=24
[DMP] 2026-06-09 22:45:57 | 200 |     146.042µs |             ::1 | GET     /v3/logs/content?roomID=1&worldID=0&logType=runtime&lines=24
[DMP] 2026-06-09 22:45:59 | 200 |     204.166µs |             ::1 | GET     /v3/logs/content?roomID=1&worldID=0&logType=runtime&lines=24
[DMP] 2026-06-09 22:46:01 | 200 |     248.792µs |             ::1 | GET     /v3/logs/content?roomID=1&worldID=0&logType=runtime&lines=24
[DMP] 2026-06-09 22:46:03 | 200 |     417.375µs |             ::1 | GET     /v3/logs/content?roomID=1&worldID=0&logType=runtime&lines=24
[DMP] 2026-06-09 22:46:05 | 200 |     460.416µs |             ::1 | GET     /v3/logs/content?roomID=1&worldID=0&logType=runtime&lines=24
[DMP] 2026-06-09 22:46:07 | 200 |     334.125µs |             ::1 | GET     /v3/logs/content?roomID=1&worldID=0&logType=runtime&lines=24
[DMP] 2026-06-09 22:46:09 | 200 |     344.958µs |             ::1 | GET     /v3/logs/content?roomID=1&worldID=0&logType=runtime&lines=24
[DMP] 2026-06-09 22:46:11 | 200 |     432.667µs |             ::1 | GET     /v3/logs/content?roomID=1&worldID=0&logType=runtime&lines=24
[DMP] 2026-06-09 22:46:13 | 200 |     210.459µs |             ::1 | GET     /v3/logs/content?roomID=1&worldID=0&logType=runtime&lines=24
[DMP] 2026-06-09 22:46:15 | 200 |     266.208µs |             ::1 | GET     /v3/logs/content?roomID=1&worldID=0&logType=runtime&lines=24
[DMP] 2026-06-09 22:46:17 | 200 |     261.292µs |             ::1 | GET     /v3/logs/content?roomID=1&worldID=0&logType=runtime&lines=24
[DMP] 2026-06-09 22:46:19 | 200 |     243.584µs |             ::1 | GET     /v3/logs/content?roomID=1&worldID=0&logType=runtime&lines=24
[DMP] 2026-06-09 22:46:21 | 200 |     273.459µs |             ::1 | GET     /v3/logs/content?roomID=1&worldID=0&logType=runtime&lines=24
[DMP] 2026-06-09 22:46:23 | 200 |     300.125µs |             ::1 | GET     /v3/logs/content?roomID=1&worldID=0&logType=runtime&lines=24
[DMP] 2026-06-09 22:46:25 | 200 |     500.708µs |             ::1 | GET     /v3/logs/content?roomID=1&worldID=0&logType=runtime&lines=24
[DMP] 2026-06-09 22:46:27 | 200 |     190.959µs |             ::1 | GET     /v3/logs/content?roomID=1&worldID=0&logType=runtime&lines=24
[DMP] 2026-06-09 22:46:29 | 200 |     319.791µs |             ::1 | GET     /v3/logs/content?roomID=1&worldID=0&logType=runtime&lines=24
[DMP] 2026-06-09 22:46:31 | 200 |     682.458µs |             ::1 | GET     /v3/logs/content?roomID=1&worldID=0&logType=runtime&lines=24
[DMP] 2026-06-09 22:46:33 | 200 |     565.167µs |             ::1 | GET     /v3/logs/content?roomID=1&worldID=0&logType=runtime&lines=24
[DMP] 2026-06-09 22:46:35 | 200 |     189.125µs |             ::1 | GET     /v3/logs/content?roomID=1&worldID=0&logType=runtime&lines=24
[DMP] 2026-06-09 22:46:37 | 200 |      207.75µs |             ::1 | GET     /v3/logs/content?roomID=1&worldID=0&logType=runtime&lines=24
[DMP] 2026-06-09 22:46:39 | 200 |     342.375µs |             ::1 | GET     /v3/logs/content?roomID=1&worldID=0&logType=runtime&lines=24
[DMP] 2026-06-09 22:46:41 | 200 |     249.917µs |             ::1 | GET     /v3/logs/content?roomID=1&worldID=0&logType=runtime&lines=24
[DMP] 2026-06-09 22:46:43 | 200 |     271.875µs |             ::1 | GET     /v3/logs/content?roomID=1&worldID=0&logType=runtime&lines=24
[DMP] 2026-06-09 22:46:45 | 200 |     223.958µs |             ::1 | GET     /v3/logs/content?roomID=1&worldID=0&logType=runtime&lines=24
[DMP] 2026-06-09 22:46:47 | 200 |     241.958µs |             ::1 | GET     /v3/logs/content?roomID=1&worldID=0&logType=runtime&lines=24
[DMP] 2026-06-09 22:46:49 | 200 |     236.709µs |             ::1 | GET     /v3/logs/content?roomID=1&worldID=0&logType=runtime&lines=24
[DMP] 2026-06-09 22:46:51 | 200 |     290.917µs |             ::1 | GET     /v3/logs/content?roomID=1&worldID=0&logType=runtime&lines=24
[DMP] 2026-06-09 22:46:53 | 200 |     258.875µs |             ::1 | GET     /v3/logs/content?roomID=1&worldID=0&logType=runtime&lines=24
[DMP] 2026-06-09 22:46:55 | 200 |         216µs |             ::1 | GET     /v3/logs/content?roomID=1&worldID=0&logType=runtime&lines=24
[DMP] 2026-06-09 22:46:57 | 200 |     215.542µs |             ::1 | GET     /v3/logs/content?roomID=1&worldID=0&logType=runtime&lines=24
[DMP] 2026-06-09 22:46:59 | 200 |     155.042µs |             ::1 | GET     /v3/logs/content?roomID=1&worldID=0&logType=runtime&lines=24
[DMP] 2026-06-09 22:47:01 | 200 |     587.667µs |             ::1 | GET     /v3/logs/content?roomID=1&worldID=0&logType=runtime&lines=24
[DMP] 2026-06-09 22:47:03 | 200 |     362.666µs |             ::1 | GET     /v3/logs/content?roomID=1&worldID=0&logType=runtime&lines=24
[DMP] 2026-06-09 22:47:05 | 200 |       404.5µs |             ::1 | GET     /v3/logs/content?roomID=1&worldID=0&logType=runtime&lines=24
[DMP] 2026-06-09 22:47:07 | 200 |     170.542µs |             ::1 | GET     /v3/logs/content?roomID=1&worldID=0&logType=runtime&lines=24
[DMP] 2026-06-09 22:47:09 | 200 |     287.542µs |             ::1 | GET     /v3/logs/content?roomID=1&worldID=0&logType=runtime&lines=24
[DMP] 2026-06-09 22:47:11 | 200 |     305.959µs |             ::1 | GET     /v3/logs/content?roomID=1&worldID=0&logType=runtime&lines=24
[DMP] 2026-06-09 22:47:13 | 200 |     505.834µs |             ::1 | GET     /v3/logs/content?roomID=1&worldID=0&logType=runtime&lines=24
[DMP] 2026-06-09 22:47:15 | 200 |     178.917µs |             ::1 | GET     /v3/logs/content?roomID=1&worldID=0&logType=runtime&lines=24
[DMP] 2026-06-09 22:47:17 | 200 |     448.292µs |             ::1 | GET     /v3/logs/content?roomID=1&worldID=0&logType=runtime&lines=24
[DMP] 2026-06-09 22:47:19 | 200 |     341.833µs |             ::1 | GET     /v3/logs/content?roomID=1&worldID=0&logType=runtime&lines=24
[DMP] 2026-06-09 22:47:21 | 200 |     241.958µs |             ::1 | GET     /v3/logs/content?roomID=1&worldID=0&logType=runtime&lines=24
[DMP] 2026-06-09 22:47:23 | 200 |     189.167µs |             ::1 | GET     /v3/logs/content?roomID=1&worldID=0&logType=runtime&lines=24
[DMP] 2026-06-09 22:47:25 | 200 |     224.625µs |             ::1 | GET     /v3/logs/content?roomID=1&worldID=0&logType=runtime&lines=24
[DMP] 2026-06-09 22:47:27 | 200 |     197.125µs |             ::1 | GET     /v3/logs/content?roomID=1&worldID=0&logType=runtime&lines=24
[DMP] 2026-06-09 22:47:29 | 200 |     252.834µs |             ::1 | GET     /v3/logs/content?roomID=1&worldID=0&logType=runtime&lines=24
[DMP] 2026-06-09 22:47:31 | 200 |     188.541µs |             ::1 | GET     /v3/logs/content?roomID=1&worldID=0&logType=runtime&lines=24
[DMP] 2026-06-09 22:47:33 | 200 |     288.333µs |             ::1 | GET     /v3/logs/content?roomID=1&worldID=0&logType=runtime&lines=24
[DMP] 2026-06-09 22:47:35 | 200 |      188.25µs |             ::1 | GET     /v3/logs/content?roomID=1&worldID=0&logType=runtime&lines=24
[DMP] 2026-06-09 22:47:37 | 200 |     244.166µs |             ::1 | GET     /v3/logs/content?roomID=1&worldID=0&logType=runtime&lines=24
[DMP] 2026-06-09 22:47:39 | 200 |     296.916µs |             ::1 | GET     /v3/logs/content?roomID=1&worldID=0&logType=runtime&lines=24
[DMP] 2026-06-09 22:47:41 | 200 |     273.084µs |             ::1 | GET     /v3/logs/content?roomID=1&worldID=0&logType=runtime&lines=24
[DMP] 2026-06-09 22:47:43 | 200 |     229.125µs |             ::1 | GET     /v3/logs/content?roomID=1&worldID=0&logType=runtime&lines=24
[DMP] 2026-06-09 22:47:45 | 200 |     238.042µs |             ::1 | GET     /v3/logs/content?roomID=1&worldID=0&logType=runtime&lines=24
[DMP] 2026-06-09 22:47:47 | 200 |     240.042µs |             ::1 | GET     /v3/logs/content?roomID=1&worldID=0&logType=runtime&lines=24
[DMP] 2026-06-09 22:47:49 | 200 |     327.708µs |             ::1 | GET     /v3/logs/content?roomID=1&worldID=0&logType=runtime&lines=24
[DMP] 2026-06-09 22:47:51 | 200 |     302.209µs |             ::1 | GET     /v3/logs/content?roomID=1&worldID=0&logType=runtime&lines=24
[DMP] 2026-06-09 22:47:53 | 200 |      333.75µs |             ::1 | GET     /v3/logs/content?roomID=1&worldID=0&logType=runtime&lines=24
[DMP] 2026-06-09 22:47:55 | 200 |         190µs |             ::1 | GET     /v3/logs/content?roomID=1&worldID=0&logType=runtime&lines=24
[DMP] 2026-06-09 22:47:57 | 200 |     146.666µs |             ::1 | GET     /v3/logs/content?roomID=1&worldID=0&logType=runtime&lines=24
[DMP] 2026-06-09 22:47:59 | 200 |     148.458µs |             ::1 | GET     /v3/logs/content?roomID=1&worldID=0&logType=runtime&lines=24
[DMP] 2026-06-09 22:48:01 | 200 |     312.542µs |             ::1 | GET     /v3/logs/content?roomID=1&worldID=0&logType=runtime&lines=24
[DMP] 2026-06-09 22:48:03 | 200 |     477.542µs |             ::1 | GET     /v3/logs/content?roomID=1&worldID=0&logType=runtime&lines=24
[DMP] 2026-06-09 22:48:05 | 200 |     243.542µs |             ::1 | GET     /v3/logs/content?roomID=1&worldID=0&logType=runtime&lines=24
[DMP] 2026-06-09 22:48:07 | 200 |       322.5µs |             ::1 | GET     /v3/logs/content?roomID=1&worldID=0&logType=runtime&lines=24
[DMP] 2026-06-09 22:48:09 | 200 |     300.542µs |             ::1 | GET     /v3/logs/content?roomID=1&worldID=0&logType=runtime&lines=24
[DMP] 2026-06-09 22:48:11 | 200 |     258.958µs |             ::1 | GET     /v3/logs/content?roomID=1&worldID=0&logType=runtime&lines=24
[DMP] 2026-06-09 22:48:13 | 200 |     238.333µs |             ::1 | GET     /v3/logs/content?roomID=1&worldID=0&logType=runtime&lines=24
[DMP] 2026-06-09 22:48:15 | 200 |     231.833µs |             ::1 | GET     /v3/logs/content?roomID=1&worldID=0&logType=runtime&lines=24
[DMP] 2026-06-09 22:48:17 | 200 |     220.959µs |             ::1 | GET     /v3/logs/content?roomID=1&worldID=0&logType=runtime&lines=24
[DMP] 2026-06-09 22:48:19 | 200 |     440.125µs |             ::1 | GET     /v3/logs/content?roomID=1&worldID=0&logType=runtime&lines=24
[DMP] 2026-06-09 22:48:21 | 200 |     251.667µs |             ::1 | GET     /v3/logs/content?roomID=1&worldID=0&logType=runtime&lines=24
[DMP] 2026-06-09 22:48:23 | 200 |     254.917µs |             ::1 | GET     /v3/logs/content?roomID=1&worldID=0&logType=runtime&lines=24
[DMP] 2026-06-09 22:48:25 | 200 |     550.458µs |             ::1 | GET     /v3/logs/content?roomID=1&worldID=0&logType=runtime&lines=24
[DMP] 2026-06-09 22:48:27 | 200 |       172.5µs |             ::1 | GET     /v3/logs/content?roomID=1&worldID=0&logType=runtime&lines=24
[DMP] 2026-06-09 22:48:29 | 200 |     197.375µs |             ::1 | GET     /v3/logs/content?roomID=1&worldID=0&logType=runtime&lines=24
[DMP] 2026-06-09 22:48:31 | 200 |     306.917µs |             ::1 | GET     /v3/logs/content?roomID=1&worldID=0&logType=runtime&lines=24
[DMP] 2026-06-09 22:48:33 | 200 |         210µs |             ::1 | GET     /v3/logs/content?roomID=1&worldID=0&logType=runtime&lines=24
[DMP] 2026-06-09 22:48:35 | 200 |     242.625µs |             ::1 | GET     /v3/logs/content?roomID=1&worldID=0&logType=runtime&lines=24
[DMP] 2026-06-09 22:48:37 | 200 |     210.125µs |             ::1 | GET     /v3/logs/content?roomID=1&worldID=0&logType=runtime&lines=24
[DMP] 2026-06-09 22:48:39 | 200 |     198.125µs |             ::1 | GET     /v3/logs/content?roomID=1&worldID=0&logType=runtime&lines=24
[DMP] 2026-06-09 22:48:41 | 200 |     280.458µs |             ::1 | GET     /v3/logs/content?roomID=1&worldID=0&logType=runtime&lines=24
[DMP] 2026-06-09 22:48:43 | 200 |     378.416µs |             ::1 | GET     /v3/logs/content?roomID=1&worldID=0&logType=runtime&lines=24
[DMP] 2026-06-09 22:48:45 | 200 |         177µs |             ::1 | GET     /v3/logs/content?roomID=1&worldID=0&logType=runtime&lines=24
[DMP] 2026-06-09 22:48:47 | 200 |      426.75µs |             ::1 | GET     /v3/logs/content?roomID=1&worldID=0&logType=runtime&lines=24
[DMP] 2026-06-09 22:48:49 | 200 |     234.375µs |             ::1 | GET     /v3/logs/content?roomID=1&worldID=0&logType=runtime&lines=24
[DMP] 2026-06-09 22:48:51 | 200 |     633.667µs |             ::1 | GET     /v3/logs/content?roomID=1&worldID=0&logType=runtime&lines=24
[DMP] 2026-06-09 22:48:53 | 200 |     211.042µs |             ::1 | GET     /v3/logs/content?roomID=1&worldID=0&logType=runtime&lines=24
[DMP] 2026-06-09 22:48:55 | 200 |     267.625µs |             ::1 | GET     /v3/logs/content?roomID=1&worldID=0&logType=runtime&lines=24
[DMP] 2026-06-09 22:48:57 | 200 |     399.333µs |             ::1 | GET     /v3/logs/content?roomID=1&worldID=0&logType=runtime&lines=24
[DMP] 2026-06-09 22:48:59 | 200 |     170.959µs |             ::1 | GET     /v3/logs/content?roomID=1&worldID=0&logType=runtime&lines=24
[DMP] 2026-06-09 22:49:01 | 200 |     268.375µs |             ::1 | GET     /v3/logs/content?roomID=1&worldID=0&logType=runtime&lines=24
[DMP] 2026-06-09 22:49:03 | 200 |     317.833µs |             ::1 | GET     /v3/logs/content?roomID=1&worldID=0&logType=runtime&lines=24
[DMP] 2026-06-09 22:49:05 | 200 |     222.667µs |             ::1 | GET     /v3/logs/content?roomID=1&worldID=0&logType=runtime&lines=24
[DMP] 2026-06-09 22:49:07 | 200 |     166.875µs |             ::1 | GET     /v3/logs/content?roomID=1&worldID=0&logType=runtime&lines=24
[DMP] 2026-06-09 22:49:09 | 200 |     235.209µs |             ::1 | GET     /v3/logs/content?roomID=1&worldID=0&logType=runtime&lines=24
[DMP] 2026-06-09 22:49:11 | 200 |     283.833µs |             ::1 | GET     /v3/logs/content?roomID=1&worldID=0&logType=runtime&lines=24
[DMP] 2026-06-09 22:49:13 | 200 |     194.041µs |             ::1 | GET     /v3/logs/content?roomID=1&worldID=0&logType=runtime&lines=24
[DMP] 2026-06-09 22:49:15 | 200 |       194.5µs |             ::1 | GET     /v3/logs/content?roomID=1&worldID=0&logType=runtime&lines=24
[DMP] 2026-06-09 22:49:17 | 200 |     229.958µs |             ::1 | GET     /v3/logs/content?roomID=1&worldID=0&logType=runtime&lines=24
[DMP] 2026-06-09 22:49:19 | 200 |     237.875µs |             ::1 | GET     /v3/logs/content?roomID=1&worldID=0&logType=runtime&lines=24
[DMP] 2026-06-09 22:49:21 | 200 |         167µs |             ::1 | GET     /v3/logs/content?roomID=1&worldID=0&logType=runtime&lines=24
[DMP] 2026-06-09 22:49:23 | 200 |     208.541µs |             ::1 | GET     /v3/logs/content?roomID=1&worldID=0&logType=runtime&lines=24
[DMP] 2026-06-09 22:49:25 | 200 |     244.625µs |             ::1 | GET     /v3/logs/content?roomID=1&worldID=0&logType=runtime&lines=24
[DMP] 2026-06-09 22:49:27 | 200 |     247.333µs |             ::1 | GET     /v3/logs/content?roomID=1&worldID=0&logType=runtime&lines=24
[DMP] 2026-06-09 22:49:29 | 200 |     289.917µs |             ::1 | GET     /v3/logs/content?roomID=1&worldID=0&logType=runtime&lines=24
[DMP] 2026-06-09 22:49:31 | 200 |     279.792µs |             ::1 | GET     /v3/logs/content?roomID=1&worldID=0&logType=runtime&lines=24
[DMP] 2026-06-09 22:49:33 | 200 |     273.708µs |             ::1 | GET     /v3/logs/content?roomID=1&worldID=0&logType=runtime&lines=24
[DMP] 2026-06-09 22:49:35 | 200 |     182.541µs |             ::1 | GET     /v3/logs/content?roomID=1&worldID=0&logType=runtime&lines=24
[DMP] 2026-06-09 22:49:37 | 200 |      279.75µs |             ::1 | GET     /v3/logs/content?roomID=1&worldID=0&logType=runtime&lines=24
[DMP] 2026-06-09 22:49:39 | 200 |     215.542µs |             ::1 | GET     /v3/logs/content?roomID=1&worldID=0&logType=runtime&lines=24
[DMP] 2026-06-09 22:49:41 | 200 |     217.042µs |             ::1 | GET     /v3/logs/content?roomID=1&worldID=0&logType=runtime&lines=24
[DMP] 2026-06-09 22:49:43 | 200 |     216.042µs |             ::1 | GET     /v3/logs/content?roomID=1&worldID=0&logType=runtime&lines=24
[DMP] 2026-06-09 22:49:45 | 200 |     374.791µs |             ::1 | GET     /v3/logs/content?roomID=1&worldID=0&logType=runtime&lines=24
[DMP] 2026-06-09 22:49:47 | 200 |      229.75µs |             ::1 | GET     /v3/logs/content?roomID=1&worldID=0&logType=runtime&lines=24
[DMP] 2026-06-09 22:49:49 | 200 |     241.666µs |             ::1 | GET     /v3/logs/content?roomID=1&worldID=0&logType=runtime&lines=24
[DMP] 2026-06-09 22:49:51 | 200 |     339.417µs |             ::1 | GET     /v3/logs/content?roomID=1&worldID=0&logType=runtime&lines=24
[DMP] 2026-06-09 22:49:53 | 200 |     284.292µs |             ::1 | GET     /v3/logs/content?roomID=1&worldID=0&logType=runtime&lines=24
[DMP] 2026-06-09 22:49:55 | 200 |     237.208µs |             ::1 | GET     /v3/logs/content?roomID=1&worldID=0&logType=runtime&lines=24
[DMP] 2026-06-09 22:49:57 | 200 |     189.458µs |             ::1 | GET     /v3/logs/content?roomID=1&worldID=0&logType=runtime&lines=24
[DMP] 2026-06-09 22:49:59 | 200 |     150.958µs |             ::1 | GET     /v3/logs/content?roomID=1&worldID=0&logType=runtime&lines=24
[DMP] 2026-06-09 22:50:01 | 200 |     305.125µs |             ::1 | GET     /v3/logs/content?roomID=1&worldID=0&logType=runtime&lines=24
[DMP] 2026-06-09 22:50:03 | 200 |     322.459µs |             ::1 | GET     /v3/logs/content?roomID=1&worldID=0&logType=runtime&lines=24
[DMP] 2026-06-09 22:50:05 | 200 |      172.25µs |             ::1 | GET     /v3/logs/content?roomID=1&worldID=0&logType=runtime&lines=24
[DMP] 2026-06-09 22:50:07 | 200 |     306.333µs |             ::1 | GET     /v3/logs/content?roomID=1&worldID=0&logType=runtime&lines=24
[DMP] 2026-06-09 22:50:09 | 200 |     309.875µs |             ::1 | GET     /v3/logs/content?roomID=1&worldID=0&logType=runtime&lines=24
[DMP] 2026-06-09 22:50:11 | 200 |     398.709µs |             ::1 | GET     /v3/logs/content?roomID=1&worldID=0&logType=runtime&lines=24
[DMP] 2026-06-09 22:50:13 | 200 |     202.833µs |             ::1 | GET     /v3/logs/content?roomID=1&worldID=0&logType=runtime&lines=24
[DMP] 2026-06-09 22:50:15 | 200 |     344.834µs |             ::1 | GET     /v3/logs/content?roomID=1&worldID=0&logType=runtime&lines=24
[DMP] 2026-06-09 22:50:17 | 200 |     218.542µs |             ::1 | GET     /v3/logs/content?roomID=1&worldID=0&logType=runtime&lines=24
[DMP] 2026-06-09 22:50:19 | 200 |     219.917µs |             ::1 | GET     /v3/logs/content?roomID=1&worldID=0&logType=runtime&lines=24
[DMP] 2026-06-09 22:50:21 | 200 |      226.75µs |             ::1 | GET     /v3/logs/content?roomID=1&worldID=0&logType=runtime&lines=24
[DMP] 2026-06-09 22:50:23 | 200 |     239.542µs |             ::1 | GET     /v3/logs/content?roomID=1&worldID=0&logType=runtime&lines=24
[DMP] 2026-06-09 22:50:25 | 200 |    2.667958ms |             ::1 | GET     /v3/logs/content?roomID=1&worldID=0&logType=runtime&lines=24
[DMP] 2026-06-09 22:50:27 | 200 |     247.833µs |             ::1 | GET     /v3/logs/content?roomID=1&worldID=0&logType=runtime&lines=24
[DMP] 2026-06-09 22:50:29 | 200 |    3.506333ms |             ::1 | GET     /
[DMP] 2026-06-09 22:50:29 | 200 |     362.167µs |             ::1 | GET     /v3/platform/game_version
[DMP] 2026-06-09 22:50:29 | 200 |     857.209µs |             ::1 | GET     /v3/room/basic
[DMP] 2026-06-09 22:50:31 | 200 |     149.791µs |             ::1 | GET     /v3/logs/content?roomID=1&worldID=0&logType=runtime&lines=24
[DMP] 2026-06-09 22:50:33 | 200 |     188.333µs |             ::1 | GET     /v3/logs/content?roomID=1&worldID=0&logType=runtime&lines=24
[DMP] 2026-06-09 22:50:35 | 200 |     382.083µs |             ::1 | GET     /v3/room/factor
[DMP] 2026-06-09 22:50:35 | 200 |    3.111875ms |             ::1 | GET     /v3/room?id=1
[DMP] 2026-06-09 22:50:37 | 200 |    2.395708ms |             ::1 | GET     /v3/room/list?gameName=&page=1&pageSize=4
[DMP] 2026-06-09 22:50:38 | 200 |     1.33225ms |             ::1 | GET     /v3/dashboard/info/sys
[DMP] 2026-06-09 22:50:38 | 200 |  344.256292ms |             ::1 | GET     /v3/dashboard/info/base?roomID=1
[DMP] 2026-06-09 22:50:38 | 200 |     721.083µs |             ::1 | GET     /v3/dashboard/connection_code?roomID=1
[DMP] 2026-06-09 22:50:40 | 200 |      93.292µs |             ::1 | GET     /v3/dashboard/info/sys
[DMP] 2026-06-09 22:50:42 | 200 |      69.541µs |             ::1 | GET     /v3/dashboard/info/sys
[DMP] 2026-06-09 22:50:42 | 200 |    172.4855ms |             ::1 | POST    /v3/dashboard/exec/game
[DMP] 2026-06-09 22:50:43 | 200 |  410.687459ms |             ::1 | GET     /v3/dashboard/info/base?roomID=1
[DMP] 2026-06-09 22:50:44 | 200 |      97.833µs |             ::1 | GET     /v3/dashboard/info/sys
[DMP] 2026-06-09 22:50:46 | 200 |      89.084µs |             ::1 | GET     /v3/dashboard/info/sys
[DMP] 2026-06-09 22:50:46 | 200 |      38.125µs |             ::1 | GET     /
[DMP] 2026-06-09 22:50:47 | 200 |     111.125µs |             ::1 | GET     /v3/dashboard/info/sys
[DMP] 2026-06-09 22:50:47 | 200 |     822.708µs |             ::1 | GET     /v3/platform/game_version
[DMP] 2026-06-09 22:50:47 | 200 |     468.208µs |             ::1 | GET     /v3/room/basic
[DMP] 2026-06-09 22:50:47 | 200 |  357.478625ms |             ::1 | GET     /v3/dashboard/info/base?roomID=1
[DMP] 2026-06-09 22:50:47 | 200 |     656.458µs |             ::1 | GET     /v3/dashboard/connection_code?roomID=1
[DMP] 2026-06-09 22:50:49 | 200 |      174.75µs |             ::1 | GET     /v3/dashboard/info/sys
[DMP] 2026-06-09 22:50:51 | 200 |     130.833µs |             ::1 | GET     /v3/dashboard/info/sys
[DMP] 2026-06-09 22:50:54 | 200 |     183.542µs |             ::1 | GET     /v3/logs/content?roomID=1&worldID=0&logType=runtime&lines=24
[DMP] 2026-06-09 22:50:56 | 200 |     220.042µs |             ::1 | GET     /v3/logs/content?roomID=1&worldID=0&logType=runtime&lines=24
[DMP] 2026-06-09 22:50:58 | 200 |     238.709µs |             ::1 | GET     /v3/logs/content?roomID=1&worldID=0&logType=runtime&lines=24
[DMP] 2026-06-09 22:51:00 | 200 |     304.542µs |             ::1 | GET     /v3/logs/content?roomID=1&worldID=0&logType=runtime&lines=24
[DMP] 2026-06-09 22:51:02 | 200 |     157.583µs |             ::1 | GET     /v3/logs/content?roomID=1&worldID=0&logType=runtime&lines=24
[DMP] 2026-06-09 22:51:04 | 200 |      201.25µs |             ::1 | GET     /v3/logs/content?roomID=1&worldID=0&logType=runtime&lines=24
[DMP] 2026-06-09 22:51:20 | 200 |     412.875µs |             ::1 | GET     /v3/logs/content?roomID=1&worldID=0&logType=runtime&lines=24
[DMP] 2026-06-09 22:51:22 | 200 |     238.083µs |             ::1 | GET     /v3/logs/content?roomID=1&worldID=0&logType=runtime&lines=24
[DMP] 2026-06-09 22:51:24 | 200 |      218.75µs |             ::1 | GET     /v3/logs/content?roomID=1&worldID=0&logType=runtime&lines=24
[DMP] 2026-06-09 22:51:24 | 200 |     2.71875ms |             ::1 | GET     /
[DMP] 2026-06-09 22:51:25 | 200 |    1.035417ms |             ::1 | GET     /v3/platform/game_version
[DMP] 2026-06-09 22:51:25 | 200 |    1.642333ms |             ::1 | GET     /v3/room/basic
[DMP] 2026-06-09 22:51:27 | 200 |     197.792µs |             ::1 | GET     /v3/logs/content?roomID=1&worldID=0&logType=runtime&lines=24
[DMP] 2026-06-09 22:51:28 | 200 |    2.264458ms |             ::1 | GET     /v3/room/list?gameName=&page=1&pageSize=4
[DMP] 2026-06-09 22:51:29 | 200 |    1.176792ms |             ::1 | GET     /v3/dashboard/info/sys
[DMP] 2026-06-09 22:51:30 | 200 |  578.307917ms |             ::1 | GET     /v3/dashboard/info/base?roomID=1
[DMP] 2026-06-09 22:51:30 | 200 |    1.700125ms |             ::1 | GET     /v3/dashboard/connection_code?roomID=1
[DMP] 2026-06-09 22:51:32 | 200 |  148.279584ms |             ::1 | POST    /v3/dashboard/exec/game
[DMP] 2026-06-09 22:51:32 | 200 |     380.334µs |             ::1 | GET     /v3/dashboard/info/sys
[DMP] 2026-06-09 22:51:32 | 200 |  605.817459ms |             ::1 | GET     /v3/dashboard/info/base?roomID=1
[DMP] 2026-06-09 22:51:34 | 200 |         118µs |             ::1 | GET     /v3/dashboard/info/sys
[DMP] 2026-06-09 22:51:36 | 200 |     351.958µs |             ::1 | GET     /v3/room/worlds?roomID=1
[DMP] 2026-06-09 22:51:36 | 200 |     925.125µs |             ::1 | GET     /v3/logs/history/list?roomID=1&worldID=1&logType=game
[DMP] 2026-06-09 22:51:38 | 200 |      757.75µs |             ::1 | GET     /v3/logs/content?roomID=1&worldID=1&logType=game&lines=22
[DMP] 2026-06-09 22:51:40 | 200 |     954.125µs |             ::1 | GET     /assets/chat-DQnSztfK.js
[DMP] 2026-06-09 22:51:40 | 200 |   71.108916ms |             ::1 | GET     /v3/logs/history/list?roomID=1&worldID=0&logType=chat
[DMP] 2026-06-09 22:51:44 | 200 |      29.375µs |             ::1 | GET     /assets/access-DizOMbVL.js
[DMP] 2026-06-09 22:51:46 | 200 |     302.791µs |             ::1 | GET     /v3/logs/content?roomID=1&worldID=0&logType=access&lines=24
[DMP] 2026-06-09 22:51:49 | 200 |     213.083µs |             ::1 | GET     /v3/logs/content?roomID=1&worldID=0&logType=runtime&lines=24
[DMP] 2026-06-09 22:51:51 | 200 |         198µs |             ::1 | GET     /v3/logs/content?roomID=1&worldID=0&logType=runtime&lines=24
[DMP] 2026-06-09 22:51:53 | 200 |     211.209µs |             ::1 | GET     /v3/logs/content?roomID=1&worldID=0&logType=runtime&lines=24
[DMP] 2026-06-09 22:51:56 | 200 |     103.875µs |             ::1 | GET     /v3/logs/content?roomID=1&worldID=0&logType=steam&lines=24
[DMP] 2026-06-09 22:51:59 | 200 |     261.792µs |             ::1 | GET     /v3/logs/content?roomID=1&worldID=0&logType=access&lines=24
[DMP] 2026-06-09 22:52:01 | 200 |     276.291µs |             ::1 | GET     /v3/logs/content?roomID=1&worldID=0&logType=access&lines=24
[DMP] 2026-06-09 22:52:04 | 200 |     209.584µs |             ::1 | GET     /v3/logs/content?roomID=1&worldID=0&logType=runtime&lines=24
[DMP] 2026-06-09 22:52:06 | 200 |         138µs |             ::1 | GET     /v3/logs/content?roomID=1&worldID=0&logType=runtime&lines=24
[DMP] 2026-06-09 22:52:08 | 200 |     185.792µs |             ::1 | GET     /v3/logs/content?roomID=1&worldID=0&logType=runtime&lines=24
[DMP] 2026-06-09 22:52:10 | 200 |     239.917µs |             ::1 | GET     /v3/logs/content?roomID=1&worldID=0&logType=runtime&lines=24
[DMP] 2026-06-09 22:52:12 | 200 |     160.333µs |             ::1 | GET     /v3/logs/content?roomID=1&worldID=0&logType=runtime&lines=24
[DMP] 2026-06-09 22:52:13 | 200 |         216µs |             ::1 | GET     /v3/logs/content?roomID=1&worldID=0&logType=runtime&lines=24
[DMP] 2026-06-09 22:52:14 | 200 |     167.917µs |             ::1 | GET     /v3/logs/content?roomID=1&worldID=0&logType=runtime&lines=24
[DMP] 2026-06-09 22:52:16 | 200 |     157.042µs |             ::1 | GET     /v3/logs/content?roomID=1&worldID=0&logType=runtime&lines=24
[DMP] 2026-06-09 22:52:16 | 200 |    4.027458ms |             ::1 | GET     /v3/room/list?gameName=&page=1&pageSize=4
[DMP] 2026-06-09 22:52:17 | 200 |     599.334µs |             ::1 | GET     /v3/dashboard/info/sys
[DMP] 2026-06-09 22:52:18 | 200 |  526.360166ms |             ::1 | GET     /v3/dashboard/info/base?roomID=1
[DMP] 2026-06-09 22:52:18 | 200 |     975.916µs |             ::1 | GET     /v3/dashboard/connection_code?roomID=1
[DMP] 2026-06-09 22:52:20 | 200 |      105.25µs |             ::1 | GET     /v3/dashboard/info/sys
[DMP] 2026-06-09 22:52:21 | 200 |  2.050418292s |             ::1 | POST    /v3/dashboard/exec/game
[DMP] 2026-06-09 22:52:22 | 200 |      78.042µs |             ::1 | GET     /v3/dashboard/info/sys
[DMP] 2026-06-09 22:52:22 | 200 |     574.941ms |             ::1 | GET     /v3/dashboard/info/base?roomID=1
[DMP] 2026-06-09 22:52:24 | 200 |      88.334µs |             ::1 | GET     /v3/dashboard/info/sys
[DMP] 2026-06-09 22:52:26 | 200 |      89.708µs |             ::1 | GET     /v3/dashboard/info/sys
[DMP] 2026-06-09 22:52:28 | 200 |  2.177499958s |             ::1 | POST    /v3/dashboard/exec/game
[DMP] 2026-06-09 22:52:28 | 200 |     126.583µs |             ::1 | GET     /v3/dashboard/info/sys
[DMP] 2026-06-09 22:52:28 | 200 |  527.265208ms |             ::1 | GET     /v3/dashboard/info/base?roomID=1
[DMP] 2026-06-09 22:52:29 | 200 |  492.447958ms |             ::1 | GET     /v3/dashboard/info/base?roomID=1
[DMP] 2026-06-09 22:52:30 | 200 |      79.084µs |             ::1 | GET     /v3/dashboard/info/sys
[DMP] 2026-06-09 22:52:31 | 200 |  134.762666ms |             ::1 | POST    /v3/dashboard/exec/game
[DMP] 2026-06-09 22:52:32 | 200 |  580.113834ms |             ::1 | GET     /v3/dashboard/info/base?roomID=1
[DMP] 2026-06-09 22:52:32 | 200 |      79.416µs |             ::1 | GET     /v3/dashboard/info/sys
[DMP] 2026-06-09 22:52:34 | 200 |       76.75µs |             ::1 | GET     /v3/dashboard/info/sys
[DMP] 2026-06-09 22:52:36 | 200 |     251.208µs |             ::1 | GET     /v3/logs/content?roomID=1&worldID=0&logType=runtime&lines=24
[DMP] 2026-06-09 22:52:38 | 200 |     200.291µs |             ::1 | GET     /v3/logs/content?roomID=1&worldID=0&logType=runtime&lines=24
[DMP] 2026-06-09 22:52:40 | 200 |     264.208µs |             ::1 | GET     /v3/logs/content?roomID=1&worldID=0&logType=runtime&lines=24
[DMP] 2026-06-09 22:52:42 | 200 |     302.917µs |             ::1 | GET     /v3/logs/content?roomID=1&worldID=0&logType=runtime&lines=24
[DMP] 2026-06-09 22:52:44 | 200 |     212.833µs |             ::1 | GET     /v3/logs/content?roomID=1&worldID=0&logType=runtime&lines=24
[DMP] 2026-06-09 22:52:46 | 200 |     308.542µs |             ::1 | GET     /v3/logs/content?roomID=1&worldID=0&logType=runtime&lines=24
[DMP] 2026-06-09 22:52:48 | 200 |     285.458µs |             ::1 | GET     /v3/logs/content?roomID=1&worldID=0&logType=runtime&lines=24
[DMP] 2026-06-09 22:52:50 | 200 |     244.416µs |             ::1 | GET     /v3/logs/content?roomID=1&worldID=0&logType=runtime&lines=24
[DMP] 2026-06-09 22:52:52 | 200 |     281.792µs |             ::1 | GET     /v3/logs/content?roomID=1&worldID=0&logType=runtime&lines=24
[DMP] 2026-06-09 22:52:54 | 200 |     200.541µs |             ::1 | GET     /v3/logs/content?roomID=1&worldID=0&logType=runtime&lines=24
[DMP] 2026-06-09 22:52:56 | 200 |     257.792µs |             ::1 | GET     /v3/logs/content?roomID=1&worldID=0&logType=runtime&lines=24
[DMP] 2026-06-09 22:52:58 | 200 |       238.5µs |             ::1 | GET     /v3/logs/content?roomID=1&worldID=0&logType=runtime&lines=24
[DMP] 2026-06-09 22:53:00 | 200 |     641.209µs |             ::1 | GET     /v3/logs/content?roomID=1&worldID=0&logType=runtime&lines=24
[DMP] 2026-06-09 22:53:02 | 200 |         224µs |             ::1 | GET     /v3/logs/content?roomID=1&worldID=0&logType=runtime&lines=24
[DMP] 2026-06-09 22:53:04 | 200 |     362.709µs |             ::1 | GET     /v3/logs/content?roomID=1&worldID=0&logType=runtime&lines=24
[DMP] 2026-06-09 22:53:06 | 200 |     213.125µs |             ::1 | GET     /v3/logs/content?roomID=1&worldID=0&logType=runtime&lines=24
[DMP] 2026-06-09 22:53:08 | 200 |     229.542µs |             ::1 | GET     /v3/logs/content?roomID=1&worldID=0&logType=runtime&lines=24
[DMP] 2026-06-09 22:53:10 | 200 |     208.959µs |             ::1 | GET     /v3/logs/content?roomID=1&worldID=0&logType=runtime&lines=24
[DMP] 2026-06-09 22:53:12 | 200 |     456.459µs |             ::1 | GET     /v3/logs/content?roomID=1&worldID=0&logType=runtime&lines=24
[DMP] 2026-06-09 22:53:14 | 200 |      161.25µs |             ::1 | GET     /v3/logs/content?roomID=1&worldID=0&logType=runtime&lines=24
[DMP] 2026-06-09 22:53:16 | 200 |     323.417µs |             ::1 | GET     /v3/logs/content?roomID=1&worldID=0&logType=runtime&lines=24
[DMP] 2026-06-09 22:53:18 | 200 |     345.792µs |             ::1 | GET     /v3/logs/content?roomID=1&worldID=0&logType=runtime&lines=24
[DMP] 2026-06-09 22:53:20 | 200 |     624.208µs |             ::1 | GET     /v3/logs/content?roomID=1&worldID=0&logType=runtime&lines=24
[DMP] 2026-06-09 22:53:22 | 200 |      301.25µs |             ::1 | GET     /v3/logs/content?roomID=1&worldID=0&logType=runtime&lines=24
[DMP] 2026-06-09 22:53:24 | 200 |     350.916µs |             ::1 | GET     /v3/logs/content?roomID=1&worldID=0&logType=runtime&lines=24
[DMP] 2026-06-09 22:53:26 | 200 |     206.833µs |             ::1 | GET     /v3/logs/content?roomID=1&worldID=0&logType=runtime&lines=24
[DMP] 2026-06-09 22:53:28 | 200 |     399.459µs |             ::1 | GET     /v3/logs/content?roomID=1&worldID=0&logType=runtime&lines=24
[DMP] 2026-06-09 22:53:30 | 200 |     237.208µs |             ::1 | GET     /v3/logs/content?roomID=1&worldID=0&logType=runtime&lines=24
[DMP] 2026-06-09 22:53:32 | 200 |     223.834µs |             ::1 | GET     /v3/logs/content?roomID=1&worldID=0&logType=runtime&lines=24
[DMP] 2026-06-09 22:53:34 | 200 |      204.25µs |             ::1 | GET     /v3/logs/content?roomID=1&worldID=0&logType=runtime&lines=24
[DMP] 2026-06-09 22:53:36 | 200 |      433.75µs |             ::1 | GET     /v3/logs/content?roomID=1&worldID=0&logType=runtime&lines=24
[DMP] 2026-06-09 22:53:38 | 200 |     194.167µs |             ::1 | GET     /v3/logs/content?roomID=1&worldID=0&logType=runtime&lines=24
[DMP] 2026-06-09 22:53:40 | 200 |     254.125µs |             ::1 | GET     /v3/logs/content?roomID=1&worldID=0&logType=runtime&lines=24
[DMP] 2026-06-09 22:53:42 | 200 |     154.084µs |             ::1 | GET     /v3/logs/content?roomID=1&worldID=0&logType=runtime&lines=24
[DMP] 2026-06-09 22:53:44 | 200 |     286.834µs |             ::1 | GET     /v3/logs/content?roomID=1&worldID=0&logType=runtime&lines=24
[DMP] 2026-06-09 22:53:46 | 200 |     391.333µs |             ::1 | GET     /v3/logs/content?roomID=1&worldID=0&logType=runtime&lines=24
[DMP] 2026-06-09 22:53:48 | 200 |     302.375µs |             ::1 | GET     /v3/logs/content?roomID=1&worldID=0&logType=runtime&lines=24
[DMP] 2026-06-09 22:53:50 | 200 |     200.542µs |             ::1 | GET     /v3/logs/content?roomID=1&worldID=0&logType=runtime&lines=24
[DMP] 2026-06-09 22:53:52 | 200 |     280.708µs |             ::1 | GET     /v3/logs/content?roomID=1&worldID=0&logType=runtime&lines=24
[DMP] 2026-06-09 22:53:54 | 200 |      247.25µs |             ::1 | GET     /v3/logs/content?roomID=1&worldID=0&logType=runtime&lines=24
[DMP] 2026-06-09 22:53:56 | 200 |     395.541µs |             ::1 | GET     /v3/logs/content?roomID=1&worldID=0&logType=runtime&lines=24
[DMP] 2026-06-09 22:53:58 | 200 |         245µs |             ::1 | GET     /v3/logs/content?roomID=1&worldID=0&logType=runtime&lines=24
[DMP] 2026-06-09 22:54:00 | 200 |      364.75µs |             ::1 | GET     /v3/logs/content?roomID=1&worldID=0&logType=runtime&lines=24
[DMP] 2026-06-09 22:54:02 | 200 |      248.25µs |             ::1 | GET     /v3/logs/content?roomID=1&worldID=0&logType=runtime&lines=24
[DMP] 2026-06-09 22:54:04 | 200 |     271.375µs |             ::1 | GET     /v3/logs/content?roomID=1&worldID=0&logType=runtime&lines=24
[DMP] 2026-06-09 22:54:06 | 200 |     158.458µs |             ::1 | GET     /v3/logs/content?roomID=1&worldID=0&logType=runtime&lines=24
[DMP] 2026-06-09 22:54:08 | 200 |     183.333µs |             ::1 | GET     /v3/logs/content?roomID=1&worldID=0&logType=runtime&lines=24
[DMP] 2026-06-09 22:54:10 | 200 |     196.333µs |             ::1 | GET     /v3/logs/content?roomID=1&worldID=0&logType=runtime&lines=24
[DMP] 2026-06-09 22:54:12 | 200 |      415.25µs |             ::1 | GET     /v3/logs/content?roomID=1&worldID=0&logType=runtime&lines=24
[DMP] 2026-06-09 22:54:14 | 200 |     215.875µs |             ::1 | GET     /v3/logs/content?roomID=1&worldID=0&logType=runtime&lines=24
[DMP] 2026-06-09 22:54:16 | 200 |     228.125µs |             ::1 | GET     /v3/logs/content?roomID=1&worldID=0&logType=runtime&lines=24
[DMP] 2026-06-09 22:54:18 | 200 |     218.833µs |             ::1 | GET     /v3/logs/content?roomID=1&worldID=0&logType=runtime&lines=24
[DMP] 2026-06-09 22:54:20 | 200 |     490.542µs |             ::1 | GET     /v3/logs/content?roomID=1&worldID=0&logType=runtime&lines=24
[DMP] 2026-06-09 22:54:22 | 200 |     243.709µs |             ::1 | GET     /v3/logs/content?roomID=1&worldID=0&logType=runtime&lines=24
[DMP] 2026-06-09 22:54:24 | 200 |     176.917µs |             ::1 | GET     /v3/logs/content?roomID=1&worldID=0&logType=runtime&lines=24
[DMP] 2026-06-09 22:54:26 | 200 |     329.542µs |             ::1 | GET     /v3/logs/content?roomID=1&worldID=0&logType=runtime&lines=24
[DMP] 2026-06-09 22:54:28 | 200 |     208.166µs |             ::1 | GET     /v3/logs/content?roomID=1&worldID=0&logType=runtime&lines=24
[DMP] 2026-06-09 22:54:30 | 200 |     227.958µs |             ::1 | GET     /v3/logs/content?roomID=1&worldID=0&logType=runtime&lines=24
[DMP] 2026-06-09 22:54:32 | 200 |     217.333µs |             ::1 | GET     /v3/logs/content?roomID=1&worldID=0&logType=runtime&lines=24
[DMP] 2026-06-09 22:54:34 | 200 |     203.333µs |             ::1 | GET     /v3/logs/content?roomID=1&worldID=0&logType=runtime&lines=24
[DMP] 2026-06-09 22:54:36 | 200 |     413.708µs |             ::1 | GET     /v3/logs/content?roomID=1&worldID=0&logType=runtime&lines=24
[DMP] 2026-06-09 22:54:38 | 200 |     195.583µs |             ::1 | GET     /v3/logs/content?roomID=1&worldID=0&logType=runtime&lines=24
[DMP] 2026-06-09 22:54:40 | 200 |     373.667µs |             ::1 | GET     /v3/logs/content?roomID=1&worldID=0&logType=runtime&lines=24
[DMP] 2026-06-09 22:54:42 | 200 |     202.791µs |             ::1 | GET     /v3/logs/content?roomID=1&worldID=0&logType=runtime&lines=24
[DMP] 2026-06-09 22:54:44 | 200 |     376.416µs |             ::1 | GET     /v3/logs/content?roomID=1&worldID=0&logType=runtime&lines=24
[DMP] 2026-06-09 22:54:46 | 200 |     405.584µs |             ::1 | GET     /v3/logs/content?roomID=1&worldID=0&logType=runtime&lines=24
[DMP] 2026-06-09 22:54:48 | 200 |     163.917µs |             ::1 | GET     /v3/logs/content?roomID=1&worldID=0&logType=runtime&lines=24
[DMP] 2026-06-09 22:54:50 | 200 |     212.541µs |             ::1 | GET     /v3/logs/content?roomID=1&worldID=0&logType=runtime&lines=24
[DMP] 2026-06-09 22:54:52 | 200 |     243.417µs |             ::1 | GET     /v3/logs/content?roomID=1&worldID=0&logType=runtime&lines=24
[DMP] 2026-06-09 22:54:54 | 200 |     206.125µs |             ::1 | GET     /v3/logs/content?roomID=1&worldID=0&logType=runtime&lines=24
[DMP] 2026-06-09 22:54:56 | 200 |     242.875µs |             ::1 | GET     /v3/logs/content?roomID=1&worldID=0&logType=runtime&lines=24
[DMP] 2026-06-09 22:54:58 | 200 |     216.667µs |             ::1 | GET     /v3/logs/content?roomID=1&worldID=0&logType=runtime&lines=24
[DMP] 2026-06-09 22:55:00 | 200 |      563.25µs |             ::1 | GET     /v3/logs/content?roomID=1&worldID=0&logType=runtime&lines=24
[DMP] 2026-06-09 22:55:02 | 200 |     321.542µs |             ::1 | GET     /v3/logs/content?roomID=1&worldID=0&logType=runtime&lines=24
[DMP] 2026-06-09 22:55:04 | 200 |     327.125µs |             ::1 | GET     /v3/logs/content?roomID=1&worldID=0&logType=runtime&lines=24
[DMP] 2026-06-09 22:55:06 | 200 |     193.709µs |             ::1 | GET     /v3/logs/content?roomID=1&worldID=0&logType=runtime&lines=24
[DMP] 2026-06-09 22:55:08 | 200 |     249.917µs |             ::1 | GET     /v3/logs/content?roomID=1&worldID=0&logType=runtime&lines=24
[DMP] 2026-06-09 22:55:10 | 200 |     255.167µs |             ::1 | GET     /v3/logs/content?roomID=1&worldID=0&logType=runtime&lines=24
[DMP] 2026-06-09 22:55:12 | 200 |     222.542µs |             ::1 | GET     /v3/logs/content?roomID=1&worldID=0&logType=runtime&lines=24
[DMP] 2026-06-09 22:55:14 | 200 |     233.375µs |             ::1 | GET     /v3/logs/content?roomID=1&worldID=0&logType=runtime&lines=24
[DMP] 2026-06-09 22:55:16 | 200 |     198.709µs |             ::1 | GET     /v3/logs/content?roomID=1&worldID=0&logType=runtime&lines=24
[DMP] 2026-06-09 22:55:18 | 200 |     154.041µs |             ::1 | GET     /v3/logs/content?roomID=1&worldID=0&logType=runtime&lines=24
[DMP] 2026-06-09 22:55:20 | 200 |     212.875µs |             ::1 | GET     /v3/logs/content?roomID=1&worldID=0&logType=runtime&lines=24
[DMP] 2026-06-09 22:55:22 | 200 |     226.417µs |             ::1 | GET     /v3/logs/content?roomID=1&worldID=0&logType=runtime&lines=24
[DMP] 2026-06-09 22:55:23 | 200 |     525.667µs |             ::1 | GET     /v3/room/worlds?roomID=1
[DMP] 2026-06-09 22:55:23 | 200 |    1.495667ms |             ::1 | GET     /v3/logs/history/list?roomID=1&worldID=1&logType=game
[DMP] 2026-06-09 22:55:25 | 200 |     866.625µs |             ::1 | GET     /v3/logs/content?roomID=1&worldID=1&logType=game&lines=22
[DMP] 2026-06-09 22:55:28 | 200 |     101.542µs |             ::1 | GET     /v3/logs/content?roomID=1&worldID=0&logType=steam&lines=24
[DMP] 2026-06-09 22:55:30 | 200 |        91.5µs |             ::1 | GET     /v3/logs/content?roomID=1&worldID=0&logType=steam&lines=24
[DMP] 2026-06-09 22:55:32 | 200 |     132.542µs |             ::1 | GET     /v3/logs/content?roomID=1&worldID=0&logType=steam&lines=24
[DMP] 2026-06-09 22:55:34 | 200 |     178.958µs |             ::1 | GET     /v3/logs/content?roomID=1&worldID=0&logType=steam&lines=24
[DMP] 2026-06-09 22:55:36 | 200 |     164.542µs |             ::1 | GET     /v3/logs/content?roomID=1&worldID=0&logType=steam&lines=24
[DMP] 2026-06-09 22:55:38 | 200 |     104.667µs |             ::1 | GET     /v3/logs/content?roomID=1&worldID=0&logType=steam&lines=24
[DMP] 2026-06-09 22:55:40 | 200 |     119.833µs |             ::1 | GET     /v3/logs/content?roomID=1&worldID=0&logType=steam&lines=24
[DMP] 2026-06-09 22:55:42 | 200 |     158.583µs |             ::1 | GET     /v3/logs/content?roomID=1&worldID=0&logType=steam&lines=24
[DMP] 2026-06-09 22:55:44 | 200 |      90.208µs |             ::1 | GET     /v3/logs/content?roomID=1&worldID=0&logType=steam&lines=24
[DMP] 2026-06-09 22:55:46 | 200 |     116.042µs |             ::1 | GET     /v3/logs/content?roomID=1&worldID=0&logType=steam&lines=24
[DMP] 2026-06-09 22:55:48 | 200 |     120.625µs |             ::1 | GET     /v3/logs/content?roomID=1&worldID=0&logType=steam&lines=24
[DMP] 2026-06-09 22:55:50 | 200 |     116.958µs |             ::1 | GET     /v3/logs/content?roomID=1&worldID=0&logType=steam&lines=24
[DMP] 2026-06-09 22:55:52 | 200 |     176.667µs |             ::1 | GET     /v3/logs/content?roomID=1&worldID=0&logType=steam&lines=24
[DMP] 2026-06-09 22:55:54 | 200 |     131.791µs |             ::1 | GET     /v3/logs/content?roomID=1&worldID=0&logType=steam&lines=24
[DMP] 2026-06-09 22:55:56 | 200 |     118.958µs |             ::1 | GET     /v3/logs/content?roomID=1&worldID=0&logType=steam&lines=24
[DMP] 2026-06-09 22:55:58 | 200 |     120.458µs |             ::1 | GET     /v3/logs/content?roomID=1&worldID=0&logType=steam&lines=24
[DMP] 2026-06-09 22:56:00 | 200 |     108.292µs |             ::1 | GET     /v3/logs/content?roomID=1&worldID=0&logType=steam&lines=24
[DMP] 2026-06-09 22:56:02 | 200 |     116.125µs |             ::1 | GET     /v3/logs/content?roomID=1&worldID=0&logType=steam&lines=24
[DMP] 2026-06-09 22:56:04 | 200 |      99.792µs |             ::1 | GET     /v3/logs/content?roomID=1&worldID=0&logType=steam&lines=24
[DMP] 2026-06-09 22:56:06 | 200 |     102.084µs |             ::1 | GET     /v3/logs/content?roomID=1&worldID=0&logType=steam&lines=24
[DMP] 2026-06-09 22:56:08 | 200 |      101.75µs |             ::1 | GET     /v3/logs/content?roomID=1&worldID=0&logType=steam&lines=24
[DMP] 2026-06-09 22:56:10 | 200 |    4.512875ms |             ::1 | GET     /v3/room/list?gameName=&page=1&pageSize=4
[DMP] 2026-06-09 22:56:11 | 200 |     163.458µs |             ::1 | GET     /v3/dashboard/info/sys
[DMP] 2026-06-09 22:56:11 | 200 |  554.820208ms |             ::1 | GET     /v3/dashboard/info/base?roomID=1
[DMP] 2026-06-09 22:56:11 | 200 |      559.25µs |             ::1 | GET     /v3/dashboard/connection_code?roomID=1
[DMP] 2026-06-09 22:56:13 | 200 |     110.792µs |             ::1 | GET     /v3/dashboard/info/sys
[DMP] 2026-06-09 22:56:15 | 200 |     155.041µs |             ::1 | GET     /v3/dashboard/info/sys
[DMP] 2026-06-09 22:56:17 | 200 |      116.25µs |             ::1 | GET     /v3/dashboard/info/sys
[DMP] 2026-06-09 22:56:19 | 200 |     235.542µs |             ::1 | GET     /v3/dashboard/info/sys
[DMP] 2026-06-09 22:56:21 | 200 |     102.959µs |             ::1 | GET     /v3/dashboard/info/sys
[DMP] 2026-06-09 22:56:22 | 200 |  584.399792ms |             ::1 | GET     /v3/dashboard/info/base?roomID=1
[DMP] 2026-06-09 22:56:22 | 200 |     761.625µs |             ::1 | GET     /v3/room/factor
[DMP] 2026-06-09 22:56:22 | 200 |    1.580625ms |             ::1 | GET     /v3/room?id=1
[DMP] 2026-06-09 22:56:22 | 200 |     332.125µs |             ::1 | GET     /assets/settingForm-k8g-inpu.css
[DMP] 2026-06-09 22:56:22 | 200 |    1.083667ms |             ::1 | GET     /assets/game-BLHAYtDr.js
[DMP] 2026-06-09 22:56:22 | 200 |      441.25µs |             ::1 | GET     /assets/settingForm-BKAAPFjS.js
[DMP] 2026-06-09 22:56:22 | 200 |     549.541µs |             ::1 | GET     /assets/add-DOuZUFdi.js
[DMP] 2026-06-09 22:56:22 | 200 |       336.5µs |             ::1 | GET     /assets/setting-QyI_t4QG.css
[DMP] 2026-06-09 22:56:22 | 200 |    1.181583ms |             ::1 | GET     /assets/setting-CNxUfGPN.js
[DMP] 2026-06-09 22:56:22 | 200 |     145.084µs |             ::1 | GET     /assets/modInfo-h9cqDHAf.css
[DMP] 2026-06-09 22:56:22 | 200 |     163.292µs |             ::1 | GET     /assets/download-GmZz_rE-.css
[DMP] 2026-06-09 22:56:22 | 200 |     177.917µs |             ::1 | GET     /assets/download-sDCHXtjK.js
[DMP] 2026-06-09 22:56:22 | 200 |     265.458µs |             ::1 | GET     /assets/modInfo-X6RezOBK.js
[DMP] 2026-06-09 22:56:23 | 200 |      30.375µs |             ::1 | GET     /assets/player-DMDn-W3t.js
[DMP] 2026-06-09 22:56:23 | 200 |      25.583µs |             ::1 | GET     /assets/list-Dd590xGD.js
[DMP] 2026-06-09 22:56:23 | 200 |     357.333µs |             ::1 | GET     /assets/history-CF7H8UbQ.js
[DMP] 2026-06-09 22:56:23 | 200 |     431.417µs |             ::1 | GET     /assets/player-DWZSW0OQ.js
[DMP] 2026-06-09 22:56:23 | 200 |     444.584µs |             ::1 | GET     /assets/chat-CD-RRx8c.js
[DMP] 2026-06-09 22:56:23 | 200 |      56.875µs |             ::1 | GET     /assets/online-OvTKCqk4.js
[DMP] 2026-06-09 22:56:23 | 200 |      28.625µs |             ::1 | GET     /assets/statistics-HHX2jt2_.js
[DMP] 2026-06-09 22:56:23 | 200 |     103.417µs |             ::1 | GET     /v3/player/online?roomID=1
[DMP] 2026-06-09 22:56:23 | 200 |     593.542µs |             ::1 | GET     /v3/player/uidmap?roomID=1
[DMP] 2026-06-09 22:56:25 | 200 |  2.437461375s |             ::1 | GET     /v3/mod/search?page=1&pageSize=36&searchText=&searchType=text
[DMP] 2026-06-09 22:56:26 | 200 |     538.042µs |             ::1 | GET     /v3/room/worlds?roomID=1
[DMP] 2026-06-09 22:56:26 | 200 |     608.583µs |             ::1 | GET     /v3/logs/history/list?roomID=1&worldID=1&logType=game
[DMP] 2026-06-09 22:56:30 | 200 |     301.541µs |             ::1 | GET     /v3/logs/content?roomID=1&worldID=0&logType=access&lines=24
[DMP] 2026-06-09 22:56:32 | 200 |     411.875µs |             ::1 | GET     /v3/logs/content?roomID=1&worldID=0&logType=access&lines=24
[DMP] 2026-06-09 22:56:34 | 200 |      447.25µs |             ::1 | GET     /v3/logs/content?roomID=1&worldID=0&logType=access&lines=24
[DMP] 2026-06-09 22:56:36 | 200 |      643.25µs |             ::1 | GET     /v3/logs/content?roomID=1&worldID=0&logType=access&lines=24
[DMP] 2026-06-09 22:56:38 | 200 |     319.792µs |             ::1 | GET     /v3/logs/content?roomID=1&worldID=0&logType=access&lines=24
[DMP] 2026-06-09 22:56:40 | 200 |     362.916µs |             ::1 | GET     /v3/logs/content?roomID=1&worldID=0&logType=access&lines=24
[DMP] 2026-06-09 22:56:42 | 200 |     315.541µs |             ::1 | GET     /v3/logs/content?roomID=1&worldID=0&logType=access&lines=24
[DMP] 2026-06-09 22:56:44 | 200 |      411.75µs |             ::1 | GET     /v3/logs/content?roomID=1&worldID=0&logType=access&lines=24
[DMP] 2026-06-09 22:56:46 | 200 |       298.5µs |             ::1 | GET     /v3/logs/content?roomID=1&worldID=0&logType=access&lines=24
[DMP] 2026-06-09 22:56:48 | 200 |     314.166µs |             ::1 | GET     /v3/logs/content?roomID=1&worldID=0&logType=access&lines=24
[DMP] 2026-06-09 22:56:50 | 200 |     430.625µs |             ::1 | GET     /v3/logs/content?roomID=1&worldID=0&logType=access&lines=24
[DMP] 2026-06-09 22:56:52 | 200 |     362.125µs |             ::1 | GET     /v3/logs/content?roomID=1&worldID=0&logType=access&lines=24
[DMP] 2026-06-09 22:56:54 | 200 |      352.75µs |             ::1 | GET     /v3/logs/content?roomID=1&worldID=0&logType=access&lines=24
[DMP] 2026-06-09 22:56:56 | 200 |     400.542µs |             ::1 | GET     /v3/logs/content?roomID=1&worldID=0&logType=access&lines=24
[DMP] 2026-06-09 22:56:58 | 200 |         527µs |             ::1 | GET     /v3/logs/content?roomID=1&worldID=0&logType=access&lines=24
[DMP] 2026-06-09 22:57:00 | 200 |     263.625µs |             ::1 | GET     /v3/logs/content?roomID=1&worldID=0&logType=access&lines=24
[DMP] 2026-06-09 22:57:02 | 200 |     339.542µs |             ::1 | GET     /v3/logs/content?roomID=1&worldID=0&logType=access&lines=24
[DMP] 2026-06-09 22:57:04 | 200 |     284.584µs |             ::1 | GET     /v3/logs/content?roomID=1&worldID=0&logType=access&lines=24
[DMP] 2026-06-09 22:57:22 | 200 |      1.2225ms |             ::1 | GET     /v3/logs/content?roomID=1&worldID=0&logType=access&lines=24
[DMP] 2026-06-09 22:57:24 | 200 |     301.292µs |             ::1 | GET     /v3/logs/content?roomID=1&worldID=0&logType=access&lines=24
[DMP] 2026-06-09 22:57:25 | 200 |    7.758792ms |             ::1 | GET     /v3/room/list?gameName=&page=1&pageSize=4
[DMP] 2026-06-09 22:57:27 | 200 |    2.709375ms |             ::1 | GET     /
[DMP] 2026-06-09 22:57:27 | 200 |    1.034375ms |             ::1 | GET     /v3/platform/game_version
[DMP] 2026-06-09 22:57:27 | 200 |    3.240875ms |             ::1 | GET     /v3/room/list?gameName=&page=1&pageSize=4
[DMP] 2026-06-09 22:57:27 | 200 |       436.5µs |             ::1 | GET     /v3/room/basic
[DMP] 2026-06-09 22:57:28 | 200 |      1.4275ms |             ::1 | GET     /v3/dashboard/info/sys
[DMP] 2026-06-09 22:57:29 | 200 |  663.602125ms |             ::1 | GET     /v3/dashboard/info/base?roomID=1
[DMP] 2026-06-09 22:57:29 | 200 |     846.292µs |             ::1 | GET     /v3/dashboard/connection_code?roomID=1
[DMP] 2026-06-09 22:57:31 | 200 |      79.125µs |             ::1 | GET     /v3/dashboard/info/sys
[DMP] 2026-06-09 22:57:33 | 200 |         106µs |             ::1 | GET     /v3/dashboard/info/sys
[DMP] 2026-06-09 22:57:35 | 200 |      130.75µs |             ::1 | GET     /v3/dashboard/info/sys
[DMP] 2026-06-09 22:57:35 | 200 |    2.2369875s |             ::1 | POST    /v3/dashboard/exec/game
[DMP] 2026-06-09 22:57:36 | 200 |  661.160292ms |             ::1 | GET     /v3/dashboard/info/base?roomID=1
[DMP] 2026-06-09 22:57:37 | 200 |     163.541µs |             ::1 | GET     /v3/dashboard/info/sys
[DMP] 2026-06-09 22:57:38 | 200 |    180.4055ms |             ::1 | POST    /v3/dashboard/exec/game
[DMP] 2026-06-09 22:57:39 | 200 |     106.416µs |             ::1 | GET     /v3/dashboard/info/sys
[DMP] 2026-06-09 22:57:39 | 200 |  717.345708ms |             ::1 | GET     /v3/dashboard/info/base?roomID=1
[DMP] 2026-06-09 22:57:39 | 200 |  599.034667ms |             ::1 | GET     /v3/dashboard/info/base?roomID=1
[DMP] 2026-06-09 22:57:41 | 200 |     174.792µs |             ::1 | GET     /v3/dashboard/info/sys
[DMP] 2026-06-09 22:57:44 | 200 |      202.25µs |             ::1 | GET     /v3/logs/content?roomID=1&worldID=0&logType=runtime&lines=24
[DMP] 2026-06-09 22:57:46 | 200 |     280.875µs |             ::1 | GET     /v3/logs/content?roomID=1&worldID=0&logType=runtime&lines=24
[DMP] 2026-06-09 22:57:48 | 200 |     183.083µs |             ::1 | GET     /v3/logs/content?roomID=1&worldID=0&logType=runtime&lines=24
[DMP] 2026-06-09 22:57:50 | 200 |     152.792µs |             ::1 | GET     /v3/logs/content?roomID=1&worldID=0&logType=runtime&lines=24
[DMP] 2026-06-09 22:57:51 | 200 |    1.473958ms |             ::1 | GET     /v3/room/factor
[DMP] 2026-06-09 22:57:51 | 200 |    1.990084ms |             ::1 | GET     /v3/room?id=1
[DMP] 2026-06-09 23:00:16 | 200 |     268.417µs |             ::1 | GET     /v3/player/online?roomID=1
[DMP] 2026-06-09 23:00:16 | 200 |     441.667µs |             ::1 | GET     /v3/player/uidmap?roomID=1
[DMP] 2026-06-09 23:00:17 | 200 |    1.033209ms |             ::1 | GET     /v3/room/list?gameName=&page=1&pageSize=4
[DMP] 2026-06-09 23:00:17 | 200 |  2.006635875s |             ::1 | GET     /v3/mod/search?page=1&pageSize=36&searchText=&searchType=text
[DMP] 2026-06-09 23:00:24 | 200 |  2.049570041s |             ::1 | POST    /v3/room/deactivate
[DMP] 2026-06-09 23:00:24 | 200 |     842.125µs |             ::1 | GET     /v3/room/list?gameName=&page=1&pageSize=4
[DMP] 2026-06-09 23:00:26 | 200 |  148.362833ms |             ::1 | POST    /v3/room/activate
[DMP] 2026-06-09 23:00:26 | 200 |     457.958µs |             ::1 | GET     /v3/room/list?gameName=&page=1&pageSize=4
[DMP] 2026-06-09 23:00:29 | 200 |         290µs |             ::1 | GET     /v3/dashboard/info/sys
[DMP] 2026-06-09 23:00:29 | 200 |  557.899208ms |             ::1 | GET     /v3/dashboard/info/base?roomID=1
[DMP] 2026-06-09 23:00:29 | 200 |     621.166µs |             ::1 | GET     /v3/dashboard/connection_code?roomID=1
[DMP] 2026-06-09 23:00:31 | 200 |          75µs |             ::1 | GET     /v3/dashboard/info/sys
[DMP] 2026-06-09 23:00:31 | 200 |  135.476834ms |             ::1 | POST    /v3/dashboard/exec/game
[DMP] 2026-06-09 23:00:32 | 200 |  588.031375ms |             ::1 | GET     /v3/dashboard/info/base?roomID=1
[DMP] 2026-06-09 23:00:33 | 200 |     110.916µs |             ::1 | GET     /v3/dashboard/info/sys
[DMP] 2026-06-09 23:00:35 | 200 |     238.708µs |             ::1 | GET     /v3/dashboard/info/sys
[DMP] 2026-06-09 23:00:37 | 200 |      81.541µs |             ::1 | GET     /v3/dashboard/info/sys
[DMP] 2026-06-09 23:00:39 | 200 |    1.853167ms |             ::1 | GET     /v3/room/factor
[DMP] 2026-06-09 23:00:39 | 200 |    3.881584ms |             ::1 | GET     /v3/room?id=1
[DMP] 2026-06-09 23:01:13 | 200 |    5.577666ms |             ::1 | PUT     /v3/room
[DMP] 2026-06-09 23:01:13 | 200 |     372.792µs |             ::1 | GET     /v3/room/factor
[DMP] 2026-06-09 23:01:13 | 200 |     652.333µs |             ::1 | GET     /v3/room?id=1
[DMP] 2026-06-09 23:01:18 | 200 |    2.801291ms |             ::1 | GET     /v3/room/list?gameName=&page=1&pageSize=4
[DMP] 2026-06-09 23:01:20 | 200 |     203.625µs |             ::1 | GET     /v3/dashboard/info/sys
[DMP] 2026-06-09 23:01:20 | 200 |  2.791301875s |             ::1 | GET     /v3/mod/search?page=1&pageSize=36&searchText=&searchType=text
[DMP] 2026-06-09 23:01:20 | 200 |  559.933291ms |             ::1 | GET     /v3/dashboard/info/base?roomID=1
[DMP] 2026-06-09 23:01:20 | 200 |     586.667µs |             ::1 | GET     /v3/dashboard/connection_code?roomID=1
[DMP] 2026-06-09 23:01:22 | 200 |      93.792µs |             ::1 | GET     /v3/dashboard/info/sys
[DMP] 2026-06-09 23:01:23 | 200 |  142.305542ms |             ::1 | POST    /v3/dashboard/exec/game
[DMP] 2026-06-09 23:01:24 | 200 |    564.9745ms |             ::1 | GET     /v3/dashboard/info/base?roomID=1
[DMP] 2026-06-09 23:01:24 | 200 |     161.708µs |             ::1 | GET     /v3/dashboard/info/sys
[DMP] 2026-06-09 23:01:30 | 200 |     189.791µs |             ::1 | GET     /v3/logs/content?roomID=1&worldID=0&logType=runtime&lines=24
[DMP] 2026-06-09 23:01:32 | 200 |     191.667µs |             ::1 | GET     /v3/logs/content?roomID=1&worldID=0&logType=runtime&lines=24
[DMP] 2026-06-09 23:01:34 | 200 |      184.75µs |             ::1 | GET     /v3/logs/content?roomID=1&worldID=0&logType=runtime&lines=24
[DMP] 2026-06-09 23:01:36 | 200 |       168.5µs |             ::1 | GET     /v3/logs/content?roomID=1&worldID=0&logType=runtime&lines=24
[DMP] 2026-06-09 23:01:38 | 200 |     164.583µs |             ::1 | GET     /v3/logs/content?roomID=1&worldID=0&logType=runtime&lines=24
[DMP] 2026-06-09 23:01:40 | 200 |     378.833µs |             ::1 | GET     /v3/logs/content?roomID=1&worldID=0&logType=runtime&lines=24
[DMP] 2026-06-09 23:01:42 | 200 |     257.083µs |             ::1 | GET     /v3/logs/content?roomID=1&worldID=0&logType=runtime&lines=24
[DMP] 2026-06-09 23:01:44 | 200 |     221.542µs |             ::1 | GET     /v3/logs/content?roomID=1&worldID=0&logType=runtime&lines=24
[DMP] 2026-06-09 23:01:46 | 200 |     230.042µs |             ::1 | GET     /v3/logs/content?roomID=1&worldID=0&logType=runtime&lines=24
[DMP] 2026-06-09 23:01:48 | 200 |     266.667µs |             ::1 | GET     /v3/logs/content?roomID=1&worldID=0&logType=runtime&lines=24
[DMP] 2026-06-09 23:01:50 | 200 |     328.167µs |             ::1 | GET     /v3/logs/content?roomID=1&worldID=0&logType=runtime&lines=24
[DMP] 2026-06-09 23:01:52 | 200 |     412.917µs |             ::1 | GET     /v3/logs/content?roomID=1&worldID=0&logType=runtime&lines=24
[DMP] 2026-06-09 23:01:54 | 200 |     222.791µs |             ::1 | GET     /v3/logs/content?roomID=1&worldID=0&logType=runtime&lines=24
[DMP] 2026-06-09 23:01:56 | 200 |         336µs |             ::1 | GET     /v3/logs/content?roomID=1&worldID=0&logType=runtime&lines=24
[DMP] 2026-06-09 23:01:58 | 200 |     293.667µs |             ::1 | GET     /v3/logs/content?roomID=1&worldID=0&logType=runtime&lines=24
[DMP] 2026-06-09 23:02:00 | 200 |     486.541µs |             ::1 | GET     /v3/logs/content?roomID=1&worldID=0&logType=runtime&lines=24
[DMP] 2026-06-09 23:02:02 | 200 |     305.209µs |             ::1 | GET     /v3/logs/content?roomID=1&worldID=0&logType=runtime&lines=24
[DMP] 2026-06-09 23:02:04 | 200 |     209.458µs |             ::1 | GET     /v3/logs/content?roomID=1&worldID=0&logType=runtime&lines=24
[DMP] 2026-06-09 23:02:06 | 200 |     249.583µs |             ::1 | GET     /v3/logs/content?roomID=1&worldID=0&logType=runtime&lines=24
[DMP] 2026-06-09 23:02:08 | 200 |     295.167µs |             ::1 | GET     /v3/logs/content?roomID=1&worldID=0&logType=runtime&lines=24
[DMP] 2026-06-09 23:02:10 | 200 |     220.208µs |             ::1 | GET     /v3/logs/content?roomID=1&worldID=0&logType=runtime&lines=24
[DMP] 2026-06-09 23:02:12 | 200 |         230µs |             ::1 | GET     /v3/logs/content?roomID=1&worldID=0&logType=runtime&lines=24
[DMP] 2026-06-09 23:02:14 | 200 |     271.084µs |             ::1 | GET     /v3/logs/content?roomID=1&worldID=0&logType=runtime&lines=24
[DMP] 2026-06-09 23:02:16 | 200 |     199.125µs |             ::1 | GET     /v3/logs/content?roomID=1&worldID=0&logType=runtime&lines=24
[DMP] 2026-06-09 23:02:18 | 200 |     215.625µs |             ::1 | GET     /v3/logs/content?roomID=1&worldID=0&logType=runtime&lines=24
[DMP] 2026-06-09 23:02:20 | 200 |         251µs |             ::1 | GET     /v3/logs/content?roomID=1&worldID=0&logType=runtime&lines=24
[DMP] 2026-06-09 23:02:22 | 200 |     258.417µs |             ::1 | GET     /v3/logs/content?roomID=1&worldID=0&logType=runtime&lines=24
[DMP] 2026-06-09 23:02:24 | 200 |         230µs |             ::1 | GET     /v3/logs/content?roomID=1&worldID=0&logType=runtime&lines=24
[DMP] 2026-06-09 23:02:26 | 200 |     223.917µs |             ::1 | GET     /v3/logs/content?roomID=1&worldID=0&logType=runtime&lines=24
[DMP] 2026-06-09 23:02:28 | 200 |     234.083µs |             ::1 | GET     /v3/logs/content?roomID=1&worldID=0&logType=runtime&lines=24
[DMP] 2026-06-09 23:02:30 | 200 |     239.375µs |             ::1 | GET     /v3/logs/content?roomID=1&worldID=0&logType=runtime&lines=24
[DMP] 2026-06-09 23:02:32 | 200 |     205.667µs |             ::1 | GET     /v3/logs/content?roomID=1&worldID=0&logType=runtime&lines=24
[DMP] 2026-06-09 23:02:34 | 200 |      319.75µs |             ::1 | GET     /v3/logs/content?roomID=1&worldID=0&logType=runtime&lines=24
[DMP] 2026-06-09 23:02:36 | 200 |     280.875µs |             ::1 | GET     /v3/logs/content?roomID=1&worldID=0&logType=runtime&lines=24
[DMP] 2026-06-09 23:02:38 | 200 |      206.75µs |             ::1 | GET     /v3/logs/content?roomID=1&worldID=0&logType=runtime&lines=24
[DMP] 2026-06-09 23:02:40 | 200 |     331.791µs |             ::1 | GET     /v3/logs/content?roomID=1&worldID=0&logType=runtime&lines=24
[DMP] 2026-06-09 23:02:42 | 200 |     220.666µs |             ::1 | GET     /v3/logs/content?roomID=1&worldID=0&logType=runtime&lines=24
[DMP] 2026-06-09 23:02:44 | 200 |     237.083µs |             ::1 | GET     /v3/logs/content?roomID=1&worldID=0&logType=runtime&lines=24
[DMP] 2026-06-09 23:02:46 | 200 |     267.875µs |             ::1 | GET     /v3/logs/content?roomID=1&worldID=0&logType=runtime&lines=24
[DMP] 2026-06-09 23:02:48 | 200 |     287.167µs |             ::1 | GET     /v3/logs/content?roomID=1&worldID=0&logType=runtime&lines=24
[DMP] 2026-06-09 23:02:50 | 200 |       346.5µs |             ::1 | GET     /v3/logs/content?roomID=1&worldID=0&logType=runtime&lines=24
[DMP] 2026-06-09 23:02:52 | 200 |     300.875µs |             ::1 | GET     /v3/logs/content?roomID=1&worldID=0&logType=runtime&lines=24
[DMP] 2026-06-09 23:02:54 | 200 |      256.25µs |             ::1 | GET     /v3/logs/content?roomID=1&worldID=0&logType=runtime&lines=24
[DMP] 2026-06-09 23:02:56 | 200 |     203.625µs |             ::1 | GET     /v3/logs/content?roomID=1&worldID=0&logType=runtime&lines=24
[DMP] 2026-06-09 23:02:58 | 200 |     394.834µs |             ::1 | GET     /v3/logs/content?roomID=1&worldID=0&logType=runtime&lines=24
[DMP] 2026-06-09 23:03:00 | 200 |      427.25µs |             ::1 | GET     /v3/logs/content?roomID=1&worldID=0&logType=runtime&lines=24
[DMP] 2026-06-09 23:03:02 | 200 |     366.292µs |             ::1 | GET     /v3/logs/content?roomID=1&worldID=0&logType=runtime&lines=24
[DMP] 2026-06-09 23:03:04 | 200 |     515.042µs |             ::1 | GET     /v3/logs/content?roomID=1&worldID=0&logType=runtime&lines=24
[DMP] 2026-06-09 23:03:06 | 200 |     327.667µs |             ::1 | GET     /v3/logs/content?roomID=1&worldID=0&logType=runtime&lines=24
[DMP] 2026-06-09 23:03:08 | 200 |     380.583µs |             ::1 | GET     /v3/logs/content?roomID=1&worldID=0&logType=runtime&lines=24
[DMP] 2026-06-09 23:03:10 | 200 |     226.666µs |             ::1 | GET     /v3/logs/content?roomID=1&worldID=0&logType=runtime&lines=24
[DMP] 2026-06-09 23:03:12 | 200 |     245.417µs |             ::1 | GET     /v3/logs/content?roomID=1&worldID=0&logType=runtime&lines=24
[DMP] 2026-06-09 23:03:14 | 200 |      222.75µs |             ::1 | GET     /v3/logs/content?roomID=1&worldID=0&logType=runtime&lines=24
[DMP] 2026-06-09 23:03:16 | 200 |     309.834µs |             ::1 | GET     /v3/logs/content?roomID=1&worldID=0&logType=runtime&lines=24
[DMP] 2026-06-09 23:03:18 | 200 |     248.667µs |             ::1 | GET     /v3/logs/content?roomID=1&worldID=0&logType=runtime&lines=24
[DMP] 2026-06-09 23:03:20 | 200 |     350.959µs |             ::1 | GET     /v3/logs/content?roomID=1&worldID=0&logType=runtime&lines=24
[DMP] 2026-06-09 23:03:22 | 200 |     266.041µs |             ::1 | GET     /v3/logs/content?roomID=1&worldID=0&logType=runtime&lines=24
[DMP] 2026-06-09 23:03:24 | 200 |         267µs |             ::1 | GET     /v3/logs/content?roomID=1&worldID=0&logType=runtime&lines=24
[DMP] 2026-06-09 23:03:26 | 200 |     234.875µs |             ::1 | GET     /v3/logs/content?roomID=1&worldID=0&logType=runtime&lines=24
[DMP] 2026-06-09 23:03:28 | 200 |     230.917µs |             ::1 | GET     /v3/logs/content?roomID=1&worldID=0&logType=runtime&lines=24
[DMP] 2026-06-09 23:03:30 | 200 |     201.667µs |             ::1 | GET     /v3/logs/content?roomID=1&worldID=0&logType=runtime&lines=24
[DMP] 2026-06-09 23:03:32 | 200 |     235.083µs |             ::1 | GET     /v3/logs/content?roomID=1&worldID=0&logType=runtime&lines=24
[DMP] 2026-06-09 23:03:34 | 200 |     234.667µs |             ::1 | GET     /v3/logs/content?roomID=1&worldID=0&logType=runtime&lines=24
[DMP] 2026-06-09 23:03:36 | 200 |     230.334µs |             ::1 | GET     /v3/logs/content?roomID=1&worldID=0&logType=runtime&lines=24
[DMP] 2026-06-09 23:03:38 | 200 |     296.792µs |             ::1 | GET     /v3/logs/content?roomID=1&worldID=0&logType=runtime&lines=24
[DMP] 2026-06-09 23:03:40 | 200 |     223.041µs |             ::1 | GET     /v3/logs/content?roomID=1&worldID=0&logType=runtime&lines=24
[DMP] 2026-06-09 23:03:42 | 200 |     358.583µs |             ::1 | GET     /v3/logs/content?roomID=1&worldID=0&logType=runtime&lines=24
[DMP] 2026-06-09 23:03:44 | 200 |     182.416µs |             ::1 | GET     /v3/logs/content?roomID=1&worldID=0&logType=runtime&lines=24
[DMP] 2026-06-09 23:03:46 | 200 |         204µs |             ::1 | GET     /v3/logs/content?roomID=1&worldID=0&logType=runtime&lines=24
[DMP] 2026-06-09 23:03:48 | 200 |     187.625µs |             ::1 | GET     /v3/logs/content?roomID=1&worldID=0&logType=runtime&lines=24
[DMP] 2026-06-09 23:03:50 | 200 |     214.709µs |             ::1 | GET     /v3/logs/content?roomID=1&worldID=0&logType=runtime&lines=24
[DMP] 2026-06-09 23:03:52 | 200 |     174.417µs |             ::1 | GET     /v3/logs/content?roomID=1&worldID=0&logType=runtime&lines=24
[DMP] 2026-06-09 23:03:54 | 200 |     237.333µs |             ::1 | GET     /v3/logs/content?roomID=1&worldID=0&logType=runtime&lines=24
[DMP] 2026-06-09 23:03:56 | 200 |       175.5µs |             ::1 | GET     /v3/logs/content?roomID=1&worldID=0&logType=runtime&lines=24
[DMP] 2026-06-09 23:03:58 | 200 |     226.541µs |             ::1 | GET     /v3/logs/content?roomID=1&worldID=0&logType=runtime&lines=24
[DMP] 2026-06-09 23:04:00 | 200 |     191.708µs |             ::1 | GET     /v3/logs/content?roomID=1&worldID=0&logType=runtime&lines=24
[DMP] 2026-06-09 23:04:02 | 200 |     550.583µs |             ::1 | GET     /v3/logs/content?roomID=1&worldID=0&logType=runtime&lines=24
[DMP] 2026-06-09 23:04:04 | 200 |     252.333µs |             ::1 | GET     /v3/logs/content?roomID=1&worldID=0&logType=runtime&lines=24
[DMP] 2026-06-09 23:04:06 | 200 |      298.75µs |             ::1 | GET     /v3/logs/content?roomID=1&worldID=0&logType=runtime&lines=24
[DMP] 2026-06-09 23:04:08 | 200 |     234.333µs |             ::1 | GET     /v3/logs/content?roomID=1&worldID=0&logType=runtime&lines=24
[DMP] 2026-06-09 23:04:10 | 200 |     206.125µs |             ::1 | GET     /v3/logs/content?roomID=1&worldID=0&logType=runtime&lines=24
[DMP] 2026-06-09 23:04:12 | 200 |     412.958µs |             ::1 | GET     /v3/logs/content?roomID=1&worldID=0&logType=runtime&lines=24
[DMP] 2026-06-09 23:04:14 | 200 |      196.25µs |             ::1 | GET     /v3/logs/content?roomID=1&worldID=0&logType=runtime&lines=24
[DMP] 2026-06-09 23:04:16 | 200 |     236.625µs |             ::1 | GET     /v3/logs/content?roomID=1&worldID=0&logType=runtime&lines=24
[DMP] 2026-06-09 23:04:18 | 200 |     370.209µs |             ::1 | GET     /v3/logs/content?roomID=1&worldID=0&logType=runtime&lines=24
[DMP] 2026-06-09 23:04:20 | 200 |     300.417µs |             ::1 | GET     /v3/logs/content?roomID=1&worldID=0&logType=runtime&lines=24
[DMP] 2026-06-09 23:04:22 | 200 |     253.833µs |             ::1 | GET     /v3/logs/content?roomID=1&worldID=0&logType=runtime&lines=24
[DMP] 2026-06-09 23:04:24 | 200 |         200µs |             ::1 | GET     /v3/logs/content?roomID=1&worldID=0&logType=runtime&lines=24
[DMP] 2026-06-09 23:04:26 | 200 |     473.792µs |             ::1 | GET     /v3/logs/content?roomID=1&worldID=0&logType=runtime&lines=24
[DMP] 2026-06-09 23:04:28 | 200 |     365.917µs |             ::1 | GET     /v3/logs/content?roomID=1&worldID=0&logType=runtime&lines=24
[DMP] 2026-06-09 23:04:30 | 200 |     240.833µs |             ::1 | GET     /v3/logs/content?roomID=1&worldID=0&logType=runtime&lines=24
[DMP] 2026-06-09 23:04:32 | 200 |     297.875µs |             ::1 | GET     /v3/logs/content?roomID=1&worldID=0&logType=runtime&lines=24
[DMP] 2026-06-09 23:04:34 | 200 |     220.209µs |             ::1 | GET     /v3/logs/content?roomID=1&worldID=0&logType=runtime&lines=24
[DMP] 2026-06-09 23:04:36 | 200 |     171.625µs |             ::1 | GET     /v3/logs/content?roomID=1&worldID=0&logType=runtime&lines=24
[DMP] 2026-06-09 23:04:38 | 200 |     290.417µs |             ::1 | GET     /v3/logs/content?roomID=1&worldID=0&logType=runtime&lines=24
[DMP] 2026-06-09 23:04:40 | 200 |     228.208µs |             ::1 | GET     /v3/logs/content?roomID=1&worldID=0&logType=runtime&lines=24
[DMP] 2026-06-09 23:04:42 | 200 |     215.292µs |             ::1 | GET     /v3/logs/content?roomID=1&worldID=0&logType=runtime&lines=24
[DMP] 2026-06-09 23:04:44 | 200 |     206.167µs |             ::1 | GET     /v3/logs/content?roomID=1&worldID=0&logType=runtime&lines=24
[DMP] 2026-06-09 23:04:46 | 200 |     319.792µs |             ::1 | GET     /v3/logs/content?roomID=1&worldID=0&logType=runtime&lines=24
[DMP] 2026-06-09 23:04:48 | 200 |     320.125µs |             ::1 | GET     /v3/logs/content?roomID=1&worldID=0&logType=runtime&lines=24
[DMP] 2026-06-09 23:04:50 | 200 |     224.541µs |             ::1 | GET     /v3/logs/content?roomID=1&worldID=0&logType=runtime&lines=24
[DMP] 2026-06-09 23:04:52 | 200 |     233.208µs |             ::1 | GET     /v3/logs/content?roomID=1&worldID=0&logType=runtime&lines=24
[DMP] 2026-06-09 23:04:54 | 200 |     227.583µs |             ::1 | GET     /v3/logs/content?roomID=1&worldID=0&logType=runtime&lines=24
[DMP] 2026-06-09 23:04:56 | 200 |     285.208µs |             ::1 | GET     /v3/logs/content?roomID=1&worldID=0&logType=runtime&lines=24
[DMP] 2026-06-09 23:04:58 | 200 |     306.416µs |             ::1 | GET     /v3/logs/content?roomID=1&worldID=0&logType=runtime&lines=24
[DMP] 2026-06-09 23:05:00 | 200 |     330.917µs |             ::1 | GET     /v3/logs/content?roomID=1&worldID=0&logType=runtime&lines=24
[DMP] 2026-06-09 23:05:02 | 200 |     327.208µs |             ::1 | GET     /v3/logs/content?roomID=1&worldID=0&logType=runtime&lines=24
[DMP] 2026-06-09 23:05:04 | 200 |     228.208µs |             ::1 | GET     /v3/logs/content?roomID=1&worldID=0&logType=runtime&lines=24
[DMP] 2026-06-09 23:05:06 | 200 |     220.125µs |             ::1 | GET     /v3/logs/content?roomID=1&worldID=0&logType=runtime&lines=24
[DMP] 2026-06-09 23:05:08 | 200 |       233.5µs |             ::1 | GET     /v3/logs/content?roomID=1&worldID=0&logType=runtime&lines=24
[DMP] 2026-06-09 23:05:10 | 200 |     331.875µs |             ::1 | GET     /v3/logs/content?roomID=1&worldID=0&logType=runtime&lines=24
[DMP] 2026-06-09 23:05:12 | 200 |     376.458µs |             ::1 | GET     /v3/logs/content?roomID=1&worldID=0&logType=runtime&lines=24
[DMP] 2026-06-09 23:05:14 | 200 |     295.917µs |             ::1 | GET     /v3/logs/content?roomID=1&worldID=0&logType=runtime&lines=24
[DMP] 2026-06-09 23:05:16 | 200 |    1.361167ms |             ::1 | GET     /v3/logs/content?roomID=1&worldID=0&logType=runtime&lines=24
[DMP] 2026-06-09 23:05:18 | 200 |     311.959µs |             ::1 | GET     /v3/logs/content?roomID=1&worldID=0&logType=runtime&lines=24
[DMP] 2026-06-09 23:05:20 | 200 |      267.25µs |             ::1 | GET     /v3/logs/content?roomID=1&worldID=0&logType=runtime&lines=24
[DMP] 2026-06-09 23:05:22 | 200 |     228.291µs |             ::1 | GET     /v3/logs/content?roomID=1&worldID=0&logType=runtime&lines=24
[DMP] 2026-06-09 23:05:24 | 200 |     248.291µs |             ::1 | GET     /v3/logs/content?roomID=1&worldID=0&logType=runtime&lines=24
[DMP] 2026-06-09 23:05:26 | 200 |         289µs |             ::1 | GET     /v3/logs/content?roomID=1&worldID=0&logType=runtime&lines=24
[DMP] 2026-06-09 23:05:28 | 200 |     188.916µs |             ::1 | GET     /v3/logs/content?roomID=1&worldID=0&logType=runtime&lines=24
[DMP] 2026-06-09 23:05:30 | 200 |      386.25µs |             ::1 | GET     /v3/logs/content?roomID=1&worldID=0&logType=runtime&lines=24
[DMP] 2026-06-09 23:05:32 | 200 |     194.334µs |             ::1 | GET     /v3/logs/content?roomID=1&worldID=0&logType=runtime&lines=24
[DMP] 2026-06-09 23:05:34 | 200 |     313.583µs |             ::1 | GET     /v3/logs/content?roomID=1&worldID=0&logType=runtime&lines=24
[DMP] 2026-06-09 23:05:36 | 200 |     256.625µs |             ::1 | GET     /v3/logs/content?roomID=1&worldID=0&logType=runtime&lines=24
[DMP] 2026-06-09 23:05:38 | 200 |     285.333µs |             ::1 | GET     /v3/logs/content?roomID=1&worldID=0&logType=runtime&lines=24
[DMP] 2026-06-09 23:05:40 | 200 |     180.584µs |             ::1 | GET     /v3/logs/content?roomID=1&worldID=0&logType=runtime&lines=24
[DMP] 2026-06-09 23:05:42 | 200 |     199.833µs |             ::1 | GET     /v3/logs/content?roomID=1&worldID=0&logType=runtime&lines=24
[DMP] 2026-06-09 23:05:44 | 200 |     259.208µs |             ::1 | GET     /v3/logs/content?roomID=1&worldID=0&logType=runtime&lines=24
[DMP] 2026-06-09 23:05:46 | 200 |     211.709µs |             ::1 | GET     /v3/logs/content?roomID=1&worldID=0&logType=runtime&lines=24
[DMP] 2026-06-09 23:05:48 | 200 |       253.5µs |             ::1 | GET     /v3/logs/content?roomID=1&worldID=0&logType=runtime&lines=24
[DMP] 2026-06-09 23:05:50 | 200 |     276.209µs |             ::1 | GET     /v3/logs/content?roomID=1&worldID=0&logType=runtime&lines=24
[DMP] 2026-06-09 23:05:52 | 200 |     323.959µs |             ::1 | GET     /v3/logs/content?roomID=1&worldID=0&logType=runtime&lines=24
[DMP] 2026-06-09 23:05:54 | 200 |     274.084µs |             ::1 | GET     /v3/logs/content?roomID=1&worldID=0&logType=runtime&lines=24
[DMP] 2026-06-09 23:05:56 | 200 |     270.291µs |             ::1 | GET     /v3/logs/content?roomID=1&worldID=0&logType=runtime&lines=24
[DMP] 2026-06-09 23:05:58 | 200 |         241µs |             ::1 | GET     /v3/logs/content?roomID=1&worldID=0&logType=runtime&lines=24
[DMP] 2026-06-09 23:06:00 | 200 |     177.917µs |             ::1 | GET     /v3/logs/content?roomID=1&worldID=0&logType=runtime&lines=24
[DMP] 2026-06-09 23:06:02 | 200 |     267.666µs |             ::1 | GET     /v3/logs/content?roomID=1&worldID=0&logType=runtime&lines=24
[DMP] 2026-06-09 23:06:04 | 200 |     229.333µs |             ::1 | GET     /v3/logs/content?roomID=1&worldID=0&logType=runtime&lines=24
[DMP] 2026-06-09 23:06:06 | 200 |     241.625µs |             ::1 | GET     /v3/logs/content?roomID=1&worldID=0&logType=runtime&lines=24
[DMP] 2026-06-09 23:06:08 | 200 |     414.209µs |             ::1 | GET     /v3/logs/content?roomID=1&worldID=0&logType=runtime&lines=24
[DMP] 2026-06-09 23:06:10 | 200 |     311.125µs |             ::1 | GET     /v3/logs/content?roomID=1&worldID=0&logType=runtime&lines=24
[DMP] 2026-06-09 23:06:12 | 200 |      219.25µs |             ::1 | GET     /v3/logs/content?roomID=1&worldID=0&logType=runtime&lines=24
[DMP] 2026-06-09 23:06:14 | 200 |     323.625µs |             ::1 | GET     /v3/logs/content?roomID=1&worldID=0&logType=runtime&lines=24
[DMP] 2026-06-09 23:06:16 | 200 |     232.666µs |             ::1 | GET     /v3/logs/content?roomID=1&worldID=0&logType=runtime&lines=24
[DMP] 2026-06-09 23:06:18 | 200 |       286.5µs |             ::1 | GET     /v3/logs/content?roomID=1&worldID=0&logType=runtime&lines=24
[DMP] 2026-06-09 23:06:20 | 200 |     416.792µs |             ::1 | GET     /v3/logs/content?roomID=1&worldID=0&logType=runtime&lines=24
[DMP] 2026-06-09 23:06:22 | 200 |     407.958µs |             ::1 | GET     /v3/logs/content?roomID=1&worldID=0&logType=runtime&lines=24
[DMP] 2026-06-09 23:06:24 | 200 |     430.834µs |             ::1 | GET     /v3/logs/content?roomID=1&worldID=0&logType=runtime&lines=24
[DMP] 2026-06-09 23:06:26 | 200 |     183.291µs |             ::1 | GET     /v3/logs/content?roomID=1&worldID=0&logType=runtime&lines=24
[DMP] 2026-06-09 23:06:28 | 200 |     356.458µs |             ::1 | GET     /v3/logs/content?roomID=1&worldID=0&logType=runtime&lines=24
[DMP] 2026-06-09 23:06:30 | 200 |      182.25µs |             ::1 | GET     /v3/logs/content?roomID=1&worldID=0&logType=runtime&lines=24
[DMP] 2026-06-09 23:06:32 | 200 |       298.5µs |             ::1 | GET     /v3/logs/content?roomID=1&worldID=0&logType=runtime&lines=24
[DMP] 2026-06-09 23:06:34 | 200 |    2.445458ms |             ::1 | GET     /v3/logs/content?roomID=1&worldID=0&logType=runtime&lines=24
[DMP] 2026-06-09 23:06:36 | 200 |     276.917µs |             ::1 | GET     /v3/logs/content?roomID=1&worldID=0&logType=runtime&lines=24
[DMP] 2026-06-09 23:06:38 | 200 |     317.625µs |             ::1 | GET     /v3/logs/content?roomID=1&worldID=0&logType=runtime&lines=24
[DMP] 2026-06-09 23:06:40 | 200 |     225.292µs |             ::1 | GET     /v3/logs/content?roomID=1&worldID=0&logType=runtime&lines=24
[DMP] 2026-06-09 23:06:42 | 200 |     368.875µs |             ::1 | GET     /v3/logs/content?roomID=1&worldID=0&logType=runtime&lines=24
[DMP] 2026-06-09 23:06:44 | 200 |     268.584µs |             ::1 | GET     /v3/logs/content?roomID=1&worldID=0&logType=runtime&lines=24
[DMP] 2026-06-09 23:06:46 | 200 |     388.458µs |             ::1 | GET     /v3/logs/content?roomID=1&worldID=0&logType=runtime&lines=24
[DMP] 2026-06-09 23:06:48 | 200 |     221.167µs |             ::1 | GET     /v3/logs/content?roomID=1&worldID=0&logType=runtime&lines=24
[DMP] 2026-06-09 23:06:50 | 200 |     210.834µs |             ::1 | GET     /v3/logs/content?roomID=1&worldID=0&logType=runtime&lines=24
[DMP] 2026-06-09 23:06:52 | 200 |     236.458µs |             ::1 | GET     /v3/logs/content?roomID=1&worldID=0&logType=runtime&lines=24
[DMP] 2026-06-09 23:06:54 | 200 |     402.541µs |             ::1 | GET     /v3/logs/content?roomID=1&worldID=0&logType=runtime&lines=24
[DMP] 2026-06-09 23:06:56 | 200 |       1.877ms |             ::1 | GET     /v3/logs/content?roomID=1&worldID=0&logType=runtime&lines=24
[DMP] 2026-06-09 23:06:58 | 200 |       317.5µs |             ::1 | GET     /v3/logs/content?roomID=1&worldID=0&logType=runtime&lines=24
[DMP] 2026-06-09 23:07:00 | 200 |     295.375µs |             ::1 | GET     /v3/logs/content?roomID=1&worldID=0&logType=runtime&lines=24
[DMP] 2026-06-09 23:07:02 | 200 |     376.417µs |             ::1 | GET     /v3/logs/content?roomID=1&worldID=0&logType=runtime&lines=24
[DMP] 2026-06-09 23:07:04 | 200 |     240.917µs |             ::1 | GET     /v3/logs/content?roomID=1&worldID=0&logType=runtime&lines=24
[DMP] 2026-06-09 23:07:06 | 200 |     478.292µs |             ::1 | GET     /v3/logs/content?roomID=1&worldID=0&logType=runtime&lines=24
[DMP] 2026-06-09 23:07:08 | 200 |     293.459µs |             ::1 | GET     /v3/logs/content?roomID=1&worldID=0&logType=runtime&lines=24
[DMP] 2026-06-09 23:07:10 | 200 |     215.792µs |             ::1 | GET     /v3/logs/content?roomID=1&worldID=0&logType=runtime&lines=24
[DMP] 2026-06-09 23:07:12 | 200 |     191.791µs |             ::1 | GET     /v3/logs/content?roomID=1&worldID=0&logType=runtime&lines=24
[DMP] 2026-06-09 23:07:14 | 200 |     347.416µs |             ::1 | GET     /v3/logs/content?roomID=1&worldID=0&logType=runtime&lines=24
[DMP] 2026-06-09 23:07:16 | 200 |     184.583µs |             ::1 | GET     /v3/logs/content?roomID=1&worldID=0&logType=runtime&lines=24
[DMP] 2026-06-09 23:07:18 | 200 |     339.041µs |             ::1 | GET     /v3/logs/content?roomID=1&worldID=0&logType=runtime&lines=24
[DMP] 2026-06-09 23:07:20 | 200 |     321.417µs |             ::1 | GET     /v3/logs/content?roomID=1&worldID=0&logType=runtime&lines=24
[DMP] 2026-06-09 23:07:22 | 200 |      764.25µs |             ::1 | GET     /v3/logs/content?roomID=1&worldID=0&logType=runtime&lines=24
[DMP] 2026-06-09 23:07:24 | 200 |     359.167µs |             ::1 | GET     /v3/logs/content?roomID=1&worldID=0&logType=runtime&lines=24
[DMP] 2026-06-09 23:07:26 | 200 |     173.792µs |             ::1 | GET     /v3/logs/content?roomID=1&worldID=0&logType=runtime&lines=24
[DMP] 2026-06-09 23:07:28 | 200 |     262.958µs |             ::1 | GET     /v3/logs/content?roomID=1&worldID=0&logType=runtime&lines=24
[DMP] 2026-06-09 23:07:30 | 200 |      582.25µs |             ::1 | GET     /v3/logs/content?roomID=1&worldID=0&logType=runtime&lines=24
[DMP] 2026-06-09 23:07:32 | 200 |     276.208µs |             ::1 | GET     /v3/logs/content?roomID=1&worldID=0&logType=runtime&lines=24
[DMP] 2026-06-09 23:07:34 | 200 |     239.833µs |             ::1 | GET     /v3/logs/content?roomID=1&worldID=0&logType=runtime&lines=24
[DMP] 2026-06-09 23:07:36 | 200 |     346.417µs |             ::1 | GET     /v3/logs/content?roomID=1&worldID=0&logType=runtime&lines=24
[DMP] 2026-06-09 23:07:38 | 200 |     203.542µs |             ::1 | GET     /v3/logs/content?roomID=1&worldID=0&logType=runtime&lines=24
[DMP] 2026-06-09 23:07:40 | 200 |     170.334µs |             ::1 | GET     /v3/logs/content?roomID=1&worldID=0&logType=runtime&lines=24
[DMP] 2026-06-09 23:07:42 | 200 |     450.625µs |             ::1 | GET     /v3/logs/content?roomID=1&worldID=0&logType=runtime&lines=24
[DMP] 2026-06-09 23:07:44 | 200 |     215.334µs |             ::1 | GET     /v3/logs/content?roomID=1&worldID=0&logType=runtime&lines=24
[DMP] 2026-06-09 23:07:46 | 200 |      221.75µs |             ::1 | GET     /v3/logs/content?roomID=1&worldID=0&logType=runtime&lines=24
[DMP] 2026-06-09 23:07:48 | 200 |     357.417µs |             ::1 | GET     /v3/logs/content?roomID=1&worldID=0&logType=runtime&lines=24
[DMP] 2026-06-09 23:07:50 | 200 |       212.5µs |             ::1 | GET     /v3/logs/content?roomID=1&worldID=0&logType=runtime&lines=24
[DMP] 2026-06-09 23:07:52 | 200 |     369.166µs |             ::1 | GET     /v3/logs/content?roomID=1&worldID=0&logType=runtime&lines=24
[DMP] 2026-06-09 23:07:54 | 200 |     254.208µs |             ::1 | GET     /v3/logs/content?roomID=1&worldID=0&logType=runtime&lines=24
[DMP] 2026-06-09 23:07:56 | 200 |     332.792µs |             ::1 | GET     /v3/logs/content?roomID=1&worldID=0&logType=runtime&lines=24
[DMP] 2026-06-09 23:07:58 | 200 |     222.917µs |             ::1 | GET     /v3/logs/content?roomID=1&worldID=0&logType=runtime&lines=24
[DMP] 2026-06-09 23:08:00 | 200 |     438.334µs |             ::1 | GET     /v3/logs/content?roomID=1&worldID=0&logType=runtime&lines=24
[DMP] 2026-06-09 23:08:02 | 200 |     210.167µs |             ::1 | GET     /v3/logs/content?roomID=1&worldID=0&logType=runtime&lines=24
[DMP] 2026-06-09 23:08:04 | 200 |     379.542µs |             ::1 | GET     /v3/logs/content?roomID=1&worldID=0&logType=runtime&lines=24
[DMP] 2026-06-09 23:08:06 | 200 |      518.75µs |             ::1 | GET     /v3/logs/content?roomID=1&worldID=0&logType=runtime&lines=24
[DMP] 2026-06-09 23:08:08 | 200 |     222.583µs |             ::1 | GET     /v3/logs/content?roomID=1&worldID=0&logType=runtime&lines=24
[DMP] 2026-06-09 23:08:10 | 200 |       300.5µs |             ::1 | GET     /v3/logs/content?roomID=1&worldID=0&logType=runtime&lines=24
[DMP] 2026-06-09 23:08:12 | 200 |     336.083µs |             ::1 | GET     /v3/logs/content?roomID=1&worldID=0&logType=runtime&lines=24
[DMP] 2026-06-09 23:08:14 | 200 |     256.042µs |             ::1 | GET     /v3/logs/content?roomID=1&worldID=0&logType=runtime&lines=24
[DMP] 2026-06-09 23:08:16 | 200 |     241.708µs |             ::1 | GET     /v3/logs/content?roomID=1&worldID=0&logType=runtime&lines=24
[DMP] 2026-06-09 23:08:18 | 200 |     311.792µs |             ::1 | GET     /v3/logs/content?roomID=1&worldID=0&logType=runtime&lines=24
[DMP] 2026-06-09 23:08:20 | 200 |     227.417µs |             ::1 | GET     /v3/logs/content?roomID=1&worldID=0&logType=runtime&lines=24
[DMP] 2026-06-09 23:08:22 | 200 |     187.125µs |             ::1 | GET     /v3/logs/content?roomID=1&worldID=0&logType=runtime&lines=24
[DMP] 2026-06-09 23:08:24 | 200 |     206.375µs |             ::1 | GET     /v3/logs/content?roomID=1&worldID=0&logType=runtime&lines=24
[DMP] 2026-06-09 23:08:26 | 200 |     248.083µs |             ::1 | GET     /v3/logs/content?roomID=1&worldID=0&logType=runtime&lines=24
[DMP] 2026-06-09 23:08:28 | 200 |     313.625µs |             ::1 | GET     /v3/logs/content?roomID=1&worldID=0&logType=runtime&lines=24
[DMP] 2026-06-09 23:08:30 | 200 |     249.125µs |             ::1 | GET     /v3/logs/content?roomID=1&worldID=0&logType=runtime&lines=24
[DMP] 2026-06-09 23:08:32 | 200 |       333.5µs |             ::1 | GET     /v3/logs/content?roomID=1&worldID=0&logType=runtime&lines=24
[DMP] 2026-06-09 23:08:34 | 200 |     230.959µs |             ::1 | GET     /v3/logs/content?roomID=1&worldID=0&logType=runtime&lines=24
[DMP] 2026-06-09 23:08:36 | 200 |     282.417µs |             ::1 | GET     /v3/logs/content?roomID=1&worldID=0&logType=runtime&lines=24
[DMP] 2026-06-09 23:08:38 | 200 |         219µs |             ::1 | GET     /v3/logs/content?roomID=1&worldID=0&logType=runtime&lines=24
[DMP] 2026-06-09 23:08:40 | 200 |     220.125µs |             ::1 | GET     /v3/logs/content?roomID=1&worldID=0&logType=runtime&lines=24
[DMP] 2026-06-09 23:08:42 | 200 |     250.125µs |             ::1 | GET     /v3/logs/content?roomID=1&worldID=0&logType=runtime&lines=24
[DMP] 2026-06-09 23:08:44 | 200 |     320.959µs |             ::1 | GET     /v3/logs/content?roomID=1&worldID=0&logType=runtime&lines=24
[DMP] 2026-06-09 23:08:46 | 200 |     818.542µs |             ::1 | GET     /v3/logs/content?roomID=1&worldID=0&logType=runtime&lines=24
[DMP] 2026-06-09 23:08:48 | 200 |     214.833µs |             ::1 | GET     /v3/logs/content?roomID=1&worldID=0&logType=runtime&lines=24
[DMP] 2026-06-09 23:08:50 | 200 |     232.958µs |             ::1 | GET     /v3/logs/content?roomID=1&worldID=0&logType=runtime&lines=24
[DMP] 2026-06-09 23:08:52 | 200 |         298µs |             ::1 | GET     /v3/logs/content?roomID=1&worldID=0&logType=runtime&lines=24
[DMP] 2026-06-09 23:08:54 | 200 |     247.125µs |             ::1 | GET     /v3/logs/content?roomID=1&worldID=0&logType=runtime&lines=24
[DMP] 2026-06-09 23:08:56 | 200 |      342.75µs |             ::1 | GET     /v3/logs/content?roomID=1&worldID=0&logType=runtime&lines=24
[DMP] 2026-06-09 23:08:58 | 200 |     363.458µs |             ::1 | GET     /v3/logs/content?roomID=1&worldID=0&logType=runtime&lines=24
[DMP] 2026-06-09 23:09:00 | 200 |     490.291µs |             ::1 | GET     /v3/logs/content?roomID=1&worldID=0&logType=runtime&lines=24
[DMP] 2026-06-09 23:09:02 | 200 |     230.042µs |             ::1 | GET     /v3/logs/content?roomID=1&worldID=0&logType=runtime&lines=24
[DMP] 2026-06-09 23:09:04 | 200 |     352.292µs |             ::1 | GET     /v3/logs/content?roomID=1&worldID=0&logType=runtime&lines=24
[DMP] 2026-06-09 23:09:06 | 200 |     193.875µs |             ::1 | GET     /v3/logs/content?roomID=1&worldID=0&logType=runtime&lines=24
[DMP] 2026-06-09 23:09:08 | 200 |     236.167µs |             ::1 | GET     /v3/logs/content?roomID=1&worldID=0&logType=runtime&lines=24
[DMP] 2026-06-09 23:09:10 | 200 |      245.75µs |             ::1 | GET     /v3/logs/content?roomID=1&worldID=0&logType=runtime&lines=24
[DMP] 2026-06-09 23:09:12 | 200 |     277.166µs |             ::1 | GET     /v3/logs/content?roomID=1&worldID=0&logType=runtime&lines=24
[DMP] 2026-06-09 23:09:14 | 200 |     179.375µs |             ::1 | GET     /v3/logs/content?roomID=1&worldID=0&logType=runtime&lines=24
[DMP] 2026-06-09 23:09:16 | 200 |     212.291µs |             ::1 | GET     /v3/logs/content?roomID=1&worldID=0&logType=runtime&lines=24
[DMP] 2026-06-09 23:09:18 | 200 |      234.25µs |             ::1 | GET     /v3/logs/content?roomID=1&worldID=0&logType=runtime&lines=24
[DMP] 2026-06-09 23:09:20 | 200 |     212.333µs |             ::1 | GET     /v3/logs/content?roomID=1&worldID=0&logType=runtime&lines=24
[DMP] 2026-06-09 23:09:22 | 200 |     345.875µs |             ::1 | GET     /v3/logs/content?roomID=1&worldID=0&logType=runtime&lines=24
[DMP] 2026-06-09 23:09:24 | 200 |     247.416µs |             ::1 | GET     /v3/logs/content?roomID=1&worldID=0&logType=runtime&lines=24
[DMP] 2026-06-09 23:09:26 | 200 |     380.917µs |             ::1 | GET     /v3/logs/content?roomID=1&worldID=0&logType=runtime&lines=24
[DMP] 2026-06-09 23:09:28 | 200 |     196.791µs |             ::1 | GET     /v3/logs/content?roomID=1&worldID=0&logType=runtime&lines=24
[DMP] 2026-06-09 23:09:30 | 200 |     246.334µs |             ::1 | GET     /v3/logs/content?roomID=1&worldID=0&logType=runtime&lines=24
[DMP] 2026-06-09 23:09:32 | 200 |     261.958µs |             ::1 | GET     /v3/logs/content?roomID=1&worldID=0&logType=runtime&lines=24
[DMP] 2026-06-09 23:09:34 | 200 |     241.666µs |             ::1 | GET     /v3/logs/content?roomID=1&worldID=0&logType=runtime&lines=24
[DMP] 2026-06-09 23:09:36 | 200 |      294.25µs |             ::1 | GET     /v3/logs/content?roomID=1&worldID=0&logType=runtime&lines=24
[DMP] 2026-06-09 23:09:38 | 200 |     304.625µs |             ::1 | GET     /v3/logs/content?roomID=1&worldID=0&logType=runtime&lines=24
[DMP] 2026-06-09 23:09:40 | 200 |     388.375µs |             ::1 | GET     /v3/logs/content?roomID=1&worldID=0&logType=runtime&lines=24
[DMP] 2026-06-09 23:09:42 | 200 |     327.916µs |             ::1 | GET     /v3/logs/content?roomID=1&worldID=0&logType=runtime&lines=24
[DMP] 2026-06-09 23:09:44 | 200 |     406.541µs |             ::1 | GET     /v3/logs/content?roomID=1&worldID=0&logType=runtime&lines=24
[DMP] 2026-06-09 23:09:46 | 200 |     329.375µs |             ::1 | GET     /v3/logs/content?roomID=1&worldID=0&logType=runtime&lines=24
[DMP] 2026-06-09 23:09:48 | 200 |     526.459µs |             ::1 | GET     /v3/logs/content?roomID=1&worldID=0&logType=runtime&lines=24
[DMP] 2026-06-09 23:09:50 | 200 |     429.208µs |             ::1 | GET     /v3/logs/content?roomID=1&worldID=0&logType=runtime&lines=24
[DMP] 2026-06-09 23:09:52 | 200 |     246.209µs |             ::1 | GET     /v3/logs/content?roomID=1&worldID=0&logType=runtime&lines=24
[DMP] 2026-06-09 23:09:54 | 200 |     180.125µs |             ::1 | GET     /v3/logs/content?roomID=1&worldID=0&logType=runtime&lines=24
[DMP] 2026-06-09 23:09:56 | 200 |     189.667µs |             ::1 | GET     /v3/logs/content?roomID=1&worldID=0&logType=runtime&lines=24
[DMP] 2026-06-09 23:09:58 | 200 |     396.584µs |             ::1 | GET     /v3/logs/content?roomID=1&worldID=0&logType=runtime&lines=24
[DMP] 2026-06-09 23:10:00 | 200 |     250.083µs |             ::1 | GET     /v3/logs/content?roomID=1&worldID=0&logType=runtime&lines=24
[DMP] 2026-06-09 23:10:02 | 200 |      259.75µs |             ::1 | GET     /v3/logs/content?roomID=1&worldID=0&logType=runtime&lines=24
[DMP] 2026-06-09 23:10:04 | 200 |     236.208µs |             ::1 | GET     /v3/logs/content?roomID=1&worldID=0&logType=runtime&lines=24
[DMP] 2026-06-09 23:10:06 | 200 |     210.708µs |             ::1 | GET     /v3/logs/content?roomID=1&worldID=0&logType=runtime&lines=24
[DMP] 2026-06-09 23:10:08 | 200 |     285.708µs |             ::1 | GET     /v3/logs/content?roomID=1&worldID=0&logType=runtime&lines=24
[DMP] 2026-06-09 23:10:10 | 200 |      235.75µs |             ::1 | GET     /v3/logs/content?roomID=1&worldID=0&logType=runtime&lines=24
[DMP] 2026-06-09 23:10:12 | 200 |     324.292µs |             ::1 | GET     /v3/logs/content?roomID=1&worldID=0&logType=runtime&lines=24
[DMP] 2026-06-09 23:10:14 | 200 |     277.875µs |             ::1 | GET     /v3/logs/content?roomID=1&worldID=0&logType=runtime&lines=24
[DMP] 2026-06-09 23:10:16 | 200 |     326.291µs |             ::1 | GET     /v3/logs/content?roomID=1&worldID=0&logType=runtime&lines=24
[DMP] 2026-06-09 23:10:18 | 200 |     321.625µs |             ::1 | GET     /v3/logs/content?roomID=1&worldID=0&logType=runtime&lines=24
[DMP] 2026-06-09 23:10:20 | 200 |     242.917µs |             ::1 | GET     /v3/logs/content?roomID=1&worldID=0&logType=runtime&lines=24
[DMP] 2026-06-09 23:10:22 | 200 |     258.458µs |             ::1 | GET     /v3/logs/content?roomID=1&worldID=0&logType=runtime&lines=24
[DMP] 2026-06-09 23:10:24 | 200 |      267.25µs |             ::1 | GET     /v3/logs/content?roomID=1&worldID=0&logType=runtime&lines=24
[DMP] 2026-06-09 23:10:26 | 200 |     218.041µs |             ::1 | GET     /v3/logs/content?roomID=1&worldID=0&logType=runtime&lines=24
[DMP] 2026-06-09 23:10:28 | 200 |     248.542µs |             ::1 | GET     /v3/logs/content?roomID=1&worldID=0&logType=runtime&lines=24
[DMP] 2026-06-09 23:10:30 | 200 |     268.625µs |             ::1 | GET     /v3/logs/content?roomID=1&worldID=0&logType=runtime&lines=24
[DMP] 2026-06-09 23:10:32 | 200 |     302.917µs |             ::1 | GET     /v3/logs/content?roomID=1&worldID=0&logType=runtime&lines=24
[DMP] 2026-06-09 23:10:34 | 200 |     317.083µs |             ::1 | GET     /v3/logs/content?roomID=1&worldID=0&logType=runtime&lines=24
[DMP] 2026-06-09 23:10:36 | 200 |     212.208µs |             ::1 | GET     /v3/logs/content?roomID=1&worldID=0&logType=runtime&lines=24
[DMP] 2026-06-09 23:10:38 | 200 |       317.5µs |             ::1 | GET     /v3/logs/content?roomID=1&worldID=0&logType=runtime&lines=24
[DMP] 2026-06-09 23:10:40 | 200 |     298.875µs |             ::1 | GET     /v3/logs/content?roomID=1&worldID=0&logType=runtime&lines=24
[DMP] 2026-06-09 23:10:42 | 200 |     345.958µs |             ::1 | GET     /v3/logs/content?roomID=1&worldID=0&logType=runtime&lines=24
[DMP] 2026-06-09 23:10:44 | 200 |     304.625µs |             ::1 | GET     /v3/logs/content?roomID=1&worldID=0&logType=runtime&lines=24
[DMP] 2026-06-09 23:10:46 | 200 |     174.541µs |             ::1 | GET     /v3/logs/content?roomID=1&worldID=0&logType=runtime&lines=24
[DMP] 2026-06-09 23:10:48 | 200 |     313.666µs |             ::1 | GET     /v3/logs/content?roomID=1&worldID=0&logType=runtime&lines=24
[DMP] 2026-06-09 23:10:50 | 200 |     166.583µs |             ::1 | GET     /v3/logs/content?roomID=1&worldID=0&logType=runtime&lines=24
[DMP] 2026-06-09 23:10:52 | 200 |     168.625µs |             ::1 | GET     /v3/logs/content?roomID=1&worldID=0&logType=runtime&lines=24
[DMP] 2026-06-09 23:10:54 | 200 |     165.542µs |             ::1 | GET     /v3/logs/content?roomID=1&worldID=0&logType=runtime&lines=24
[DMP] 2026-06-09 23:10:56 | 200 |     341.875µs |             ::1 | GET     /v3/logs/content?roomID=1&worldID=0&logType=runtime&lines=24
[DMP] 2026-06-09 23:10:58 | 200 |     231.625µs |             ::1 | GET     /v3/logs/content?roomID=1&worldID=0&logType=runtime&lines=24
[DMP] 2026-06-09 23:11:00 | 200 |         196µs |             ::1 | GET     /v3/logs/content?roomID=1&worldID=0&logType=runtime&lines=24
[DMP] 2026-06-09 23:11:02 | 200 |     404.458µs |             ::1 | GET     /v3/logs/content?roomID=1&worldID=0&logType=runtime&lines=24
[DMP] 2026-06-09 23:11:04 | 200 |     228.333µs |             ::1 | GET     /v3/logs/content?roomID=1&worldID=0&logType=runtime&lines=24
[DMP] 2026-06-09 23:11:06 | 200 |     355.167µs |             ::1 | GET     /v3/logs/content?roomID=1&worldID=0&logType=runtime&lines=24
[DMP] 2026-06-09 23:11:08 | 200 |     255.625µs |             ::1 | GET     /v3/logs/content?roomID=1&worldID=0&logType=runtime&lines=24
[DMP] 2026-06-09 23:11:10 | 200 |     374.792µs |             ::1 | GET     /v3/logs/content?roomID=1&worldID=0&logType=runtime&lines=24
[DMP] 2026-06-09 23:11:12 | 200 |     303.583µs |             ::1 | GET     /v3/logs/content?roomID=1&worldID=0&logType=runtime&lines=24
[DMP] 2026-06-09 23:11:14 | 200 |     323.375µs |             ::1 | GET     /v3/logs/content?roomID=1&worldID=0&logType=runtime&lines=24
[DMP] 2026-06-09 23:11:16 | 200 |     254.834µs |             ::1 | GET     /v3/logs/content?roomID=1&worldID=0&logType=runtime&lines=24
[DMP] 2026-06-09 23:11:18 | 200 |     210.333µs |             ::1 | GET     /v3/logs/content?roomID=1&worldID=0&logType=runtime&lines=24
[DMP] 2026-06-09 23:11:20 | 200 |     474.917µs |             ::1 | GET     /v3/logs/content?roomID=1&worldID=0&logType=runtime&lines=24
[DMP] 2026-06-09 23:11:22 | 200 |     428.958µs |             ::1 | GET     /v3/logs/content?roomID=1&worldID=0&logType=runtime&lines=24
[DMP] 2026-06-09 23:11:24 | 200 |     360.083µs |             ::1 | GET     /v3/logs/content?roomID=1&worldID=0&logType=runtime&lines=24
[DMP] 2026-06-09 23:11:26 | 200 |     341.875µs |             ::1 | GET     /v3/logs/content?roomID=1&worldID=0&logType=runtime&lines=24
[DMP] 2026-06-09 23:11:28 | 200 |     216.584µs |             ::1 | GET     /v3/logs/content?roomID=1&worldID=0&logType=runtime&lines=24
[DMP] 2026-06-09 23:11:30 | 200 |     245.834µs |             ::1 | GET     /v3/logs/content?roomID=1&worldID=0&logType=runtime&lines=24
[DMP] 2026-06-09 23:11:32 | 200 |     221.167µs |             ::1 | GET     /v3/logs/content?roomID=1&worldID=0&logType=runtime&lines=24
[DMP] 2026-06-09 23:11:34 | 200 |     352.709µs |             ::1 | GET     /v3/logs/content?roomID=1&worldID=0&logType=runtime&lines=24
[DMP] 2026-06-09 23:11:36 | 200 |     276.667µs |             ::1 | GET     /v3/logs/content?roomID=1&worldID=0&logType=runtime&lines=24
[DMP] 2026-06-09 23:11:38 | 200 |     228.958µs |             ::1 | GET     /v3/logs/content?roomID=1&worldID=0&logType=runtime&lines=24
[DMP] 2026-06-09 23:11:40 | 200 |     220.292µs |             ::1 | GET     /v3/logs/content?roomID=1&worldID=0&logType=runtime&lines=24
[DMP] 2026-06-09 23:11:42 | 200 |      368.25µs |             ::1 | GET     /v3/logs/content?roomID=1&worldID=0&logType=runtime&lines=24
[DMP] 2026-06-09 23:11:44 | 200 |     189.209µs |             ::1 | GET     /v3/logs/content?roomID=1&worldID=0&logType=runtime&lines=24
[DMP] 2026-06-09 23:11:46 | 200 |     224.834µs |             ::1 | GET     /v3/logs/content?roomID=1&worldID=0&logType=runtime&lines=24
[DMP] 2026-06-09 23:11:48 | 200 |       303.5µs |             ::1 | GET     /v3/logs/content?roomID=1&worldID=0&logType=runtime&lines=24
[DMP] 2026-06-09 23:11:50 | 200 |     353.458µs |             ::1 | GET     /v3/logs/content?roomID=1&worldID=0&logType=runtime&lines=24
[DMP] 2026-06-09 23:11:52 | 200 |     239.625µs |             ::1 | GET     /v3/logs/content?roomID=1&worldID=0&logType=runtime&lines=24
[DMP] 2026-06-09 23:11:54 | 200 |     234.416µs |             ::1 | GET     /v3/logs/content?roomID=1&worldID=0&logType=runtime&lines=24
[DMP] 2026-06-09 23:11:56 | 200 |     252.792µs |             ::1 | GET     /v3/logs/content?roomID=1&worldID=0&logType=runtime&lines=24
[DMP] 2026-06-09 23:11:58 | 200 |     330.458µs |             ::1 | GET     /v3/logs/content?roomID=1&worldID=0&logType=runtime&lines=24
[DMP] 2026-06-09 23:12:00 | 200 |      470.75µs |             ::1 | GET     /v3/logs/content?roomID=1&worldID=0&logType=runtime&lines=24
[DMP] 2026-06-09 23:12:02 | 200 |     309.083µs |             ::1 | GET     /v3/logs/content?roomID=1&worldID=0&logType=runtime&lines=24
[DMP] 2026-06-09 23:12:04 | 200 |     245.209µs |             ::1 | GET     /v3/logs/content?roomID=1&worldID=0&logType=runtime&lines=24
[DMP] 2026-06-09 23:12:06 | 200 |     333.833µs |             ::1 | GET     /v3/logs/content?roomID=1&worldID=0&logType=runtime&lines=24
[DMP] 2026-06-09 23:12:08 | 200 |     339.792µs |             ::1 | GET     /v3/logs/content?roomID=1&worldID=0&logType=runtime&lines=24
[DMP] 2026-06-09 23:12:10 | 200 |     208.833µs |             ::1 | GET     /v3/logs/content?roomID=1&worldID=0&logType=runtime&lines=24
[DMP] 2026-06-09 23:12:12 | 200 |     280.541µs |             ::1 | GET     /v3/logs/content?roomID=1&worldID=0&logType=runtime&lines=24
[DMP] 2026-06-09 23:12:14 | 200 |     339.792µs |             ::1 | GET     /v3/logs/content?roomID=1&worldID=0&logType=runtime&lines=24
[DMP] 2026-06-09 23:12:16 | 200 |     246.459µs |             ::1 | GET     /v3/logs/content?roomID=1&worldID=0&logType=runtime&lines=24
[DMP] 2026-06-09 23:12:18 | 200 |     270.875µs |             ::1 | GET     /v3/logs/content?roomID=1&worldID=0&logType=runtime&lines=24
[DMP] 2026-06-09 23:12:20 | 200 |         301µs |             ::1 | GET     /v3/logs/content?roomID=1&worldID=0&logType=runtime&lines=24
[DMP] 2026-06-09 23:12:22 | 200 |       324.5µs |             ::1 | GET     /v3/logs/content?roomID=1&worldID=0&logType=runtime&lines=24
[DMP] 2026-06-09 23:12:24 | 200 |    1.106458ms |             ::1 | GET     /v3/logs/content?roomID=1&worldID=0&logType=runtime&lines=24
[DMP] 2026-06-09 23:12:26 | 200 |     839.584µs |             ::1 | GET     /v3/logs/content?roomID=1&worldID=0&logType=runtime&lines=24
[DMP] 2026-06-09 23:12:28 | 200 |         251µs |             ::1 | GET     /v3/logs/content?roomID=1&worldID=0&logType=runtime&lines=24
[DMP] 2026-06-09 23:12:30 | 200 |     301.458µs |             ::1 | GET     /v3/logs/content?roomID=1&worldID=0&logType=runtime&lines=24
[DMP] 2026-06-09 23:12:32 | 200 |     340.166µs |             ::1 | GET     /v3/logs/content?roomID=1&worldID=0&logType=runtime&lines=24
[DMP] 2026-06-09 23:12:34 | 200 |     548.375µs |             ::1 | GET     /v3/logs/content?roomID=1&worldID=0&logType=runtime&lines=24
[DMP] 2026-06-09 23:12:36 | 200 |     239.916µs |             ::1 | GET     /v3/logs/content?roomID=1&worldID=0&logType=runtime&lines=24
[DMP] 2026-06-09 23:12:38 | 200 |     306.666µs |             ::1 | GET     /v3/logs/content?roomID=1&worldID=0&logType=runtime&lines=24
[DMP] 2026-06-09 23:12:40 | 200 |     319.625µs |             ::1 | GET     /v3/logs/content?roomID=1&worldID=0&logType=runtime&lines=24
[DMP] 2026-06-09 23:12:42 | 200 |      201.75µs |             ::1 | GET     /v3/logs/content?roomID=1&worldID=0&logType=runtime&lines=24
[DMP] 2026-06-09 23:12:44 | 200 |      265.25µs |             ::1 | GET     /v3/logs/content?roomID=1&worldID=0&logType=runtime&lines=24
[DMP] 2026-06-09 23:12:46 | 200 |     409.166µs |             ::1 | GET     /v3/logs/content?roomID=1&worldID=0&logType=runtime&lines=24
[DMP] 2026-06-09 23:12:48 | 200 |     276.792µs |             ::1 | GET     /v3/logs/content?roomID=1&worldID=0&logType=runtime&lines=24
[DMP] 2026-06-09 23:12:50 | 200 |     238.167µs |             ::1 | GET     /v3/logs/content?roomID=1&worldID=0&logType=runtime&lines=24
[DMP] 2026-06-09 23:12:52 | 200 |     334.084µs |             ::1 | GET     /v3/logs/content?roomID=1&worldID=0&logType=runtime&lines=24
[DMP] 2026-06-09 23:12:54 | 200 |      317.75µs |             ::1 | GET     /v3/logs/content?roomID=1&worldID=0&logType=runtime&lines=24
[DMP] 2026-06-09 23:12:56 | 200 |         332µs |             ::1 | GET     /v3/logs/content?roomID=1&worldID=0&logType=runtime&lines=24
[DMP] 2026-06-09 23:12:58 | 200 |      369.75µs |             ::1 | GET     /v3/logs/content?roomID=1&worldID=0&logType=runtime&lines=24
[DMP] 2026-06-09 23:13:00 | 200 |     222.334µs |             ::1 | GET     /v3/logs/content?roomID=1&worldID=0&logType=runtime&lines=24
[DMP] 2026-06-09 23:13:02 | 200 |      212.75µs |             ::1 | GET     /v3/logs/content?roomID=1&worldID=0&logType=runtime&lines=24
[DMP] 2026-06-09 23:13:04 | 200 |     297.334µs |             ::1 | GET     /v3/logs/content?roomID=1&worldID=0&logType=runtime&lines=24
[DMP] 2026-06-09 23:13:06 | 200 |     210.542µs |             ::1 | GET     /v3/logs/content?roomID=1&worldID=0&logType=runtime&lines=24
[DMP] 2026-06-09 23:13:08 | 200 |     257.291µs |             ::1 | GET     /v3/logs/content?roomID=1&worldID=0&logType=runtime&lines=24
[DMP] 2026-06-09 23:13:10 | 200 |     348.375µs |             ::1 | GET     /v3/logs/content?roomID=1&worldID=0&logType=runtime&lines=24
[DMP] 2026-06-09 23:13:12 | 200 |     274.916µs |             ::1 | GET     /v3/logs/content?roomID=1&worldID=0&logType=runtime&lines=24
[DMP] 2026-06-09 23:13:14 | 200 |     274.042µs |             ::1 | GET     /v3/logs/content?roomID=1&worldID=0&logType=runtime&lines=24
[DMP] 2026-06-09 23:13:16 | 200 |     550.792µs |             ::1 | GET     /v3/logs/content?roomID=1&worldID=0&logType=runtime&lines=24
[DMP] 2026-06-09 23:13:18 | 200 |         163µs |             ::1 | GET     /v3/logs/content?roomID=1&worldID=0&logType=runtime&lines=24
[DMP] 2026-06-09 23:13:20 | 200 |     301.875µs |             ::1 | GET     /v3/logs/content?roomID=1&worldID=0&logType=runtime&lines=24
[DMP] 2026-06-09 23:13:22 | 200 |     743.792µs |             ::1 | GET     /v3/logs/content?roomID=1&worldID=0&logType=runtime&lines=24
[DMP] 2026-06-09 23:13:24 | 200 |     318.583µs |             ::1 | GET     /v3/logs/content?roomID=1&worldID=0&logType=runtime&lines=24
[DMP] 2026-06-09 23:13:26 | 200 |     398.167µs |             ::1 | GET     /v3/logs/content?roomID=1&worldID=0&logType=runtime&lines=24
[DMP] 2026-06-09 23:13:28 | 200 |     426.417µs |             ::1 | GET     /v3/logs/content?roomID=1&worldID=0&logType=runtime&lines=24
[DMP] 2026-06-09 23:13:30 | 200 |     385.708µs |             ::1 | GET     /v3/logs/content?roomID=1&worldID=0&logType=runtime&lines=24
[DMP] 2026-06-09 23:13:32 | 200 |       369.5µs |             ::1 | GET     /v3/logs/content?roomID=1&worldID=0&logType=runtime&lines=24
[DMP] 2026-06-09 23:13:34 | 200 |     232.417µs |             ::1 | GET     /v3/logs/content?roomID=1&worldID=0&logType=runtime&lines=24
[DMP] 2026-06-09 23:13:36 | 200 |     296.083µs |             ::1 | GET     /v3/logs/content?roomID=1&worldID=0&logType=runtime&lines=24
[DMP] 2026-06-09 23:13:38 | 200 |     261.458µs |             ::1 | GET     /v3/logs/content?roomID=1&worldID=0&logType=runtime&lines=24
[DMP] 2026-06-09 23:13:40 | 200 |     227.041µs |             ::1 | GET     /v3/logs/content?roomID=1&worldID=0&logType=runtime&lines=24
[DMP] 2026-06-09 23:13:42 | 200 |     315.958µs |             ::1 | GET     /v3/logs/content?roomID=1&worldID=0&logType=runtime&lines=24
[DMP] 2026-06-09 23:13:44 | 200 |     322.375µs |             ::1 | GET     /v3/logs/content?roomID=1&worldID=0&logType=runtime&lines=24
[DMP] 2026-06-09 23:13:46 | 200 |     234.084µs |             ::1 | GET     /v3/logs/content?roomID=1&worldID=0&logType=runtime&lines=24
[DMP] 2026-06-09 23:13:48 | 200 |      298.25µs |             ::1 | GET     /v3/logs/content?roomID=1&worldID=0&logType=runtime&lines=24
[DMP] 2026-06-09 23:13:50 | 200 |     267.042µs |             ::1 | GET     /v3/logs/content?roomID=1&worldID=0&logType=runtime&lines=24
[DMP] 2026-06-09 23:13:52 | 200 |       456.5µs |             ::1 | GET     /v3/logs/content?roomID=1&worldID=0&logType=runtime&lines=24
[DMP] 2026-06-09 23:13:54 | 200 |     230.417µs |             ::1 | GET     /v3/logs/content?roomID=1&worldID=0&logType=runtime&lines=24
[DMP] 2026-06-09 23:13:56 | 200 |     217.333µs |             ::1 | GET     /v3/logs/content?roomID=1&worldID=0&logType=runtime&lines=24
[DMP] 2026-06-09 23:13:58 | 200 |     370.292µs |             ::1 | GET     /v3/logs/content?roomID=1&worldID=0&logType=runtime&lines=24
[DMP] 2026-06-09 23:14:00 | 200 |     225.041µs |             ::1 | GET     /v3/logs/content?roomID=1&worldID=0&logType=runtime&lines=24
[DMP] 2026-06-09 23:14:02 | 200 |     261.333µs |             ::1 | GET     /v3/logs/content?roomID=1&worldID=0&logType=runtime&lines=24
[DMP] 2026-06-09 23:14:04 | 200 |     290.416µs |             ::1 | GET     /v3/logs/content?roomID=1&worldID=0&logType=runtime&lines=24
[DMP] 2026-06-09 23:14:06 | 200 |     219.916µs |             ::1 | GET     /v3/logs/content?roomID=1&worldID=0&logType=runtime&lines=24
[DMP] 2026-06-09 23:14:08 | 200 |     212.709µs |             ::1 | GET     /v3/logs/content?roomID=1&worldID=0&logType=runtime&lines=24
[DMP] 2026-06-09 23:14:10 | 200 |     275.292µs |             ::1 | GET     /v3/logs/content?roomID=1&worldID=0&logType=runtime&lines=24
[DMP] 2026-06-09 23:14:12 | 200 |     244.167µs |             ::1 | GET     /v3/logs/content?roomID=1&worldID=0&logType=runtime&lines=24
[DMP] 2026-06-09 23:14:14 | 200 |     344.583µs |             ::1 | GET     /v3/logs/content?roomID=1&worldID=0&logType=runtime&lines=24
[DMP] 2026-06-09 23:14:16 | 200 |     221.375µs |             ::1 | GET     /v3/logs/content?roomID=1&worldID=0&logType=runtime&lines=24
[DMP] 2026-06-09 23:14:18 | 200 |       248.5µs |             ::1 | GET     /v3/logs/content?roomID=1&worldID=0&logType=runtime&lines=24
[DMP] 2026-06-09 23:14:20 | 200 |     378.666µs |             ::1 | GET     /v3/logs/content?roomID=1&worldID=0&logType=runtime&lines=24
[DMP] 2026-06-09 23:14:22 | 200 |     696.792µs |             ::1 | GET     /v3/logs/content?roomID=1&worldID=0&logType=runtime&lines=24
[DMP] 2026-06-09 23:14:24 | 200 |     247.417µs |             ::1 | GET     /v3/logs/content?roomID=1&worldID=0&logType=runtime&lines=24
[DMP] 2026-06-09 23:14:26 | 200 |     259.709µs |             ::1 | GET     /v3/logs/content?roomID=1&worldID=0&logType=runtime&lines=24
[DMP] 2026-06-09 23:14:28 | 200 |     211.208µs |             ::1 | GET     /v3/logs/content?roomID=1&worldID=0&logType=runtime&lines=24
[DMP] 2026-06-09 23:14:30 | 200 |     235.167µs |             ::1 | GET     /v3/logs/content?roomID=1&worldID=0&logType=runtime&lines=24
[DMP] 2026-06-09 23:14:32 | 200 |     214.125µs |             ::1 | GET     /v3/logs/content?roomID=1&worldID=0&logType=runtime&lines=24
[DMP] 2026-06-09 23:14:34 | 200 |     320.709µs |             ::1 | GET     /v3/logs/content?roomID=1&worldID=0&logType=runtime&lines=24
[DMP] 2026-06-09 23:14:36 | 200 |     364.791µs |             ::1 | GET     /v3/logs/content?roomID=1&worldID=0&logType=runtime&lines=24
[DMP] 2026-06-09 23:14:38 | 200 |     214.833µs |             ::1 | GET     /v3/logs/content?roomID=1&worldID=0&logType=runtime&lines=24
[DMP] 2026-06-09 23:14:40 | 200 |       312.5µs |             ::1 | GET     /v3/logs/content?roomID=1&worldID=0&logType=runtime&lines=24
[DMP] 2026-06-09 23:14:42 | 200 |     276.458µs |             ::1 | GET     /v3/logs/content?roomID=1&worldID=0&logType=runtime&lines=24
[DMP] 2026-06-09 23:14:44 | 200 |     200.708µs |             ::1 | GET     /v3/logs/content?roomID=1&worldID=0&logType=runtime&lines=24
[DMP] 2026-06-09 23:14:46 | 200 |     351.083µs |             ::1 | GET     /v3/logs/content?roomID=1&worldID=0&logType=runtime&lines=24
[DMP] 2026-06-09 23:14:48 | 200 |     246.708µs |             ::1 | GET     /v3/logs/content?roomID=1&worldID=0&logType=runtime&lines=24
[DMP] 2026-06-09 23:14:50 | 200 |     391.042µs |             ::1 | GET     /v3/logs/content?roomID=1&worldID=0&logType=runtime&lines=24
[DMP] 2026-06-09 23:14:52 | 200 |     153.666µs |             ::1 | GET     /v3/logs/content?roomID=1&worldID=0&logType=runtime&lines=24
[DMP] 2026-06-09 23:14:54 | 200 |     239.125µs |             ::1 | GET     /v3/logs/content?roomID=1&worldID=0&logType=runtime&lines=24
[DMP] 2026-06-09 23:14:56 | 200 |     250.875µs |             ::1 | GET     /v3/logs/content?roomID=1&worldID=0&logType=runtime&lines=24
[DMP] 2026-06-09 23:14:58 | 200 |     190.792µs |             ::1 | GET     /v3/logs/content?roomID=1&worldID=0&logType=runtime&lines=24
[DMP] 2026-06-09 23:15:00 | 200 |       175.5µs |             ::1 | GET     /v3/logs/content?roomID=1&worldID=0&logType=runtime&lines=24
[DMP] 2026-06-09 23:15:02 | 200 |     213.541µs |             ::1 | GET     /v3/logs/content?roomID=1&worldID=0&logType=runtime&lines=24
[DMP] 2026-06-09 23:15:04 | 200 |     442.417µs |             ::1 | GET     /v3/logs/content?roomID=1&worldID=0&logType=runtime&lines=24
[DMP] 2026-06-09 23:15:06 | 200 |     258.542µs |             ::1 | GET     /v3/logs/content?roomID=1&worldID=0&logType=runtime&lines=24
[DMP] 2026-06-09 23:15:08 | 200 |     238.542µs |             ::1 | GET     /v3/logs/content?roomID=1&worldID=0&logType=runtime&lines=24
[DMP] 2026-06-09 23:15:10 | 200 |      264.75µs |             ::1 | GET     /v3/logs/content?roomID=1&worldID=0&logType=runtime&lines=24
[DMP] 2026-06-09 23:15:12 | 200 |     479.375µs |             ::1 | GET     /v3/logs/content?roomID=1&worldID=0&logType=runtime&lines=24
[DMP] 2026-06-09 23:15:14 | 200 |     331.791µs |             ::1 | GET     /v3/logs/content?roomID=1&worldID=0&logType=runtime&lines=24
[DMP] 2026-06-09 23:15:16 | 200 |     366.417µs |             ::1 | GET     /v3/logs/content?roomID=1&worldID=0&logType=runtime&lines=24
[DMP] 2026-06-09 23:15:18 | 200 |     245.875µs |             ::1 | GET     /v3/logs/content?roomID=1&worldID=0&logType=runtime&lines=24
[DMP] 2026-06-09 23:15:20 | 200 |     301.375µs |             ::1 | GET     /v3/logs/content?roomID=1&worldID=0&logType=runtime&lines=24
[DMP] 2026-06-09 23:15:22 | 200 |     321.958µs |             ::1 | GET     /v3/logs/content?roomID=1&worldID=0&logType=runtime&lines=24
[DMP] 2026-06-09 23:15:24 | 200 |     413.417µs |             ::1 | GET     /v3/logs/content?roomID=1&worldID=0&logType=runtime&lines=24
[DMP] 2026-06-09 23:15:26 | 200 |     322.917µs |             ::1 | GET     /v3/logs/content?roomID=1&worldID=0&logType=runtime&lines=24
[DMP] 2026-06-09 23:15:28 | 200 |     360.667µs |             ::1 | GET     /v3/logs/content?roomID=1&worldID=0&logType=runtime&lines=24
[DMP] 2026-06-09 23:15:30 | 200 |       332.5µs |             ::1 | GET     /v3/logs/content?roomID=1&worldID=0&logType=runtime&lines=24
[DMP] 2026-06-09 23:15:32 | 200 |       202.5µs |             ::1 | GET     /v3/logs/content?roomID=1&worldID=0&logType=runtime&lines=24
[DMP] 2026-06-09 23:15:34 | 200 |     296.166µs |             ::1 | GET     /v3/logs/content?roomID=1&worldID=0&logType=runtime&lines=24
[DMP] 2026-06-09 23:15:36 | 200 |     217.042µs |             ::1 | GET     /v3/logs/content?roomID=1&worldID=0&logType=runtime&lines=24
[DMP] 2026-06-09 23:15:38 | 200 |      234.25µs |             ::1 | GET     /v3/logs/content?roomID=1&worldID=0&logType=runtime&lines=24
[DMP] 2026-06-09 23:15:40 | 200 |     178.125µs |             ::1 | GET     /v3/logs/content?roomID=1&worldID=0&logType=runtime&lines=24
[DMP] 2026-06-09 23:15:42 | 200 |     203.917µs |             ::1 | GET     /v3/logs/content?roomID=1&worldID=0&logType=runtime&lines=24
[DMP] 2026-06-09 23:15:44 | 200 |     181.417µs |             ::1 | GET     /v3/logs/content?roomID=1&worldID=0&logType=runtime&lines=24
[DMP] 2026-06-09 23:15:46 | 200 |     247.375µs |             ::1 | GET     /v3/logs/content?roomID=1&worldID=0&logType=runtime&lines=24
[DMP] 2026-06-09 23:15:48 | 200 |     206.792µs |             ::1 | GET     /v3/logs/content?roomID=1&worldID=0&logType=runtime&lines=24
[DMP] 2026-06-09 23:15:50 | 200 |     456.792µs |             ::1 | GET     /v3/logs/content?roomID=1&worldID=0&logType=runtime&lines=24
[DMP] 2026-06-09 23:15:52 | 200 |     238.083µs |             ::1 | GET     /v3/logs/content?roomID=1&worldID=0&logType=runtime&lines=24
[DMP] 2026-06-09 23:15:54 | 200 |     231.125µs |             ::1 | GET     /v3/logs/content?roomID=1&worldID=0&logType=runtime&lines=24
[DMP] 2026-06-09 23:15:56 | 200 |     234.167µs |             ::1 | GET     /v3/logs/content?roomID=1&worldID=0&logType=runtime&lines=24
[DMP] 2026-06-09 23:15:58 | 200 |     225.416µs |             ::1 | GET     /v3/logs/content?roomID=1&worldID=0&logType=runtime&lines=24
[DMP] 2026-06-09 23:16:00 | 200 |     356.833µs |             ::1 | GET     /v3/logs/content?roomID=1&worldID=0&logType=runtime&lines=24
[DMP] 2026-06-09 23:16:02 | 200 |     323.875µs |             ::1 | GET     /v3/logs/content?roomID=1&worldID=0&logType=runtime&lines=24
[DMP] 2026-06-09 23:16:04 | 200 |       504.5µs |             ::1 | GET     /v3/logs/content?roomID=1&worldID=0&logType=runtime&lines=24
[DMP] 2026-06-09 23:16:06 | 200 |     237.167µs |             ::1 | GET     /v3/logs/content?roomID=1&worldID=0&logType=runtime&lines=24
[DMP] 2026-06-09 23:16:08 | 200 |     266.417µs |             ::1 | GET     /v3/logs/content?roomID=1&worldID=0&logType=runtime&lines=24
[DMP] 2026-06-09 23:16:10 | 200 |     223.458µs |             ::1 | GET     /v3/logs/content?roomID=1&worldID=0&logType=runtime&lines=24
[DMP] 2026-06-09 23:16:12 | 200 |     263.084µs |             ::1 | GET     /v3/logs/content?roomID=1&worldID=0&logType=runtime&lines=24
[DMP] 2026-06-09 23:16:14 | 200 |     219.292µs |             ::1 | GET     /v3/logs/content?roomID=1&worldID=0&logType=runtime&lines=24
[DMP] 2026-06-09 23:16:16 | 200 |     195.208µs |             ::1 | GET     /v3/logs/content?roomID=1&worldID=0&logType=runtime&lines=24
[DMP] 2026-06-09 23:16:18 | 200 |     202.625µs |             ::1 | GET     /v3/logs/content?roomID=1&worldID=0&logType=runtime&lines=24
[DMP] 2026-06-09 23:16:20 | 200 |     534.292µs |             ::1 | GET     /v3/logs/content?roomID=1&worldID=0&logType=runtime&lines=24
[DMP] 2026-06-09 23:16:22 | 200 |         288µs |             ::1 | GET     /v3/logs/content?roomID=1&worldID=0&logType=runtime&lines=24
[DMP] 2026-06-09 23:16:24 | 200 |     215.792µs |             ::1 | GET     /v3/logs/content?roomID=1&worldID=0&logType=runtime&lines=24
[DMP] 2026-06-09 23:16:26 | 200 |     209.625µs |             ::1 | GET     /v3/logs/content?roomID=1&worldID=0&logType=runtime&lines=24
[DMP] 2026-06-09 23:16:28 | 200 |         658µs |             ::1 | GET     /v3/logs/content?roomID=1&worldID=0&logType=runtime&lines=24
[DMP] 2026-06-09 23:16:30 | 200 |      218.25µs |             ::1 | GET     /v3/logs/content?roomID=1&worldID=0&logType=runtime&lines=24
[DMP] 2026-06-09 23:16:32 | 200 |     308.541µs |             ::1 | GET     /v3/logs/content?roomID=1&worldID=0&logType=runtime&lines=24
[DMP] 2026-06-09 23:16:34 | 200 |     279.791µs |             ::1 | GET     /v3/logs/content?roomID=1&worldID=0&logType=runtime&lines=24
[DMP] 2026-06-09 23:16:36 | 200 |     222.583µs |             ::1 | GET     /v3/logs/content?roomID=1&worldID=0&logType=runtime&lines=24
[DMP] 2026-06-09 23:16:38 | 200 |     301.209µs |             ::1 | GET     /v3/logs/content?roomID=1&worldID=0&logType=runtime&lines=24
[DMP] 2026-06-09 23:16:40 | 200 |     247.833µs |             ::1 | GET     /v3/logs/content?roomID=1&worldID=0&logType=runtime&lines=24
[DMP] 2026-06-09 23:16:42 | 200 |     347.084µs |             ::1 | GET     /v3/logs/content?roomID=1&worldID=0&logType=runtime&lines=24
[DMP] 2026-06-09 23:16:44 | 200 |       268.5µs |             ::1 | GET     /v3/logs/content?roomID=1&worldID=0&logType=runtime&lines=24
[DMP] 2026-06-09 23:16:46 | 200 |      340.75µs |             ::1 | GET     /v3/logs/content?roomID=1&worldID=0&logType=runtime&lines=24
[DMP] 2026-06-09 23:16:48 | 200 |         431µs |             ::1 | GET     /v3/logs/content?roomID=1&worldID=0&logType=runtime&lines=24
[DMP] 2026-06-09 23:16:50 | 200 |     292.208µs |             ::1 | GET     /v3/logs/content?roomID=1&worldID=0&logType=runtime&lines=24
[DMP] 2026-06-09 23:16:52 | 200 |     293.917µs |             ::1 | GET     /v3/logs/content?roomID=1&worldID=0&logType=runtime&lines=24
[DMP] 2026-06-09 23:16:54 | 200 |     311.166µs |             ::1 | GET     /v3/logs/content?roomID=1&worldID=0&logType=runtime&lines=24
[DMP] 2026-06-09 23:16:56 | 200 |     330.916µs |             ::1 | GET     /v3/logs/content?roomID=1&worldID=0&logType=runtime&lines=24
[DMP] 2026-06-09 23:16:58 | 200 |     306.292µs |             ::1 | GET     /v3/logs/content?roomID=1&worldID=0&logType=runtime&lines=24
[DMP] 2026-06-09 23:17:00 | 200 |     235.125µs |             ::1 | GET     /v3/logs/content?roomID=1&worldID=0&logType=runtime&lines=24
[DMP] 2026-06-09 23:17:02 | 200 |     488.042µs |             ::1 | GET     /v3/logs/content?roomID=1&worldID=0&logType=runtime&lines=24
[DMP] 2026-06-09 23:17:04 | 200 |      674.75µs |             ::1 | GET     /v3/logs/content?roomID=1&worldID=0&logType=runtime&lines=24
[DMP] 2026-06-09 23:17:06 | 200 |     248.708µs |             ::1 | GET     /v3/logs/content?roomID=1&worldID=0&logType=runtime&lines=24
[DMP] 2026-06-09 23:17:08 | 200 |     427.667µs |             ::1 | GET     /v3/logs/content?roomID=1&worldID=0&logType=runtime&lines=24
[DMP] 2026-06-09 23:17:10 | 200 |     272.416µs |             ::1 | GET     /v3/logs/content?roomID=1&worldID=0&logType=runtime&lines=24
[DMP] 2026-06-09 23:17:12 | 200 |     353.625µs |             ::1 | GET     /v3/logs/content?roomID=1&worldID=0&logType=runtime&lines=24
[DMP] 2026-06-09 23:17:14 | 200 |      301.75µs |             ::1 | GET     /v3/logs/content?roomID=1&worldID=0&logType=runtime&lines=24
[DMP] 2026-06-09 23:17:16 | 200 |     602.625µs |             ::1 | GET     /v3/logs/content?roomID=1&worldID=0&logType=runtime&lines=24
[DMP] 2026-06-09 23:17:18 | 200 |     241.583µs |             ::1 | GET     /v3/logs/content?roomID=1&worldID=0&logType=runtime&lines=24
[DMP] 2026-06-09 23:17:20 | 200 |     264.667µs |             ::1 | GET     /v3/logs/content?roomID=1&worldID=0&logType=runtime&lines=24
[DMP] 2026-06-09 23:17:22 | 200 |     713.792µs |             ::1 | GET     /v3/logs/content?roomID=1&worldID=0&logType=runtime&lines=24
[DMP] 2026-06-09 23:17:24 | 200 |       225.5µs |             ::1 | GET     /v3/logs/content?roomID=1&worldID=0&logType=runtime&lines=24
[DMP] 2026-06-09 23:17:26 | 200 |     299.958µs |             ::1 | GET     /v3/logs/content?roomID=1&worldID=0&logType=runtime&lines=24
[DMP] 2026-06-09 23:17:28 | 200 |     220.083µs |             ::1 | GET     /v3/logs/content?roomID=1&worldID=0&logType=runtime&lines=24
[DMP] 2026-06-09 23:17:30 | 200 |     278.667µs |             ::1 | GET     /v3/logs/content?roomID=1&worldID=0&logType=runtime&lines=24
[DMP] 2026-06-09 23:17:32 | 200 |     361.125µs |             ::1 | GET     /v3/logs/content?roomID=1&worldID=0&logType=runtime&lines=24
[DMP] 2026-06-09 23:17:34 | 200 |       260.5µs |             ::1 | GET     /v3/logs/content?roomID=1&worldID=0&logType=runtime&lines=24
[DMP] 2026-06-09 23:17:36 | 200 |     290.667µs |             ::1 | GET     /v3/logs/content?roomID=1&worldID=0&logType=runtime&lines=24
[DMP] 2026-06-09 23:17:38 | 200 |     292.167µs |             ::1 | GET     /v3/logs/content?roomID=1&worldID=0&logType=runtime&lines=24
[DMP] 2026-06-09 23:17:40 | 200 |     239.084µs |             ::1 | GET     /v3/logs/content?roomID=1&worldID=0&logType=runtime&lines=24
[DMP] 2026-06-09 23:17:42 | 200 |     336.875µs |             ::1 | GET     /v3/logs/content?roomID=1&worldID=0&logType=runtime&lines=24
[DMP] 2026-06-09 23:17:44 | 200 |      250.25µs |             ::1 | GET     /v3/logs/content?roomID=1&worldID=0&logType=runtime&lines=24
[DMP] 2026-06-09 23:17:46 | 200 |     332.667µs |             ::1 | GET     /v3/logs/content?roomID=1&worldID=0&logType=runtime&lines=24
[DMP] 2026-06-09 23:17:48 | 200 |     236.833µs |             ::1 | GET     /v3/logs/content?roomID=1&worldID=0&logType=runtime&lines=24
[DMP] 2026-06-09 23:17:50 | 200 |     333.917µs |             ::1 | GET     /v3/logs/content?roomID=1&worldID=0&logType=runtime&lines=24
[DMP] 2026-06-09 23:17:52 | 200 |     295.917µs |             ::1 | GET     /v3/logs/content?roomID=1&worldID=0&logType=runtime&lines=24
[DMP] 2026-06-09 23:17:54 | 200 |      293.25µs |             ::1 | GET     /v3/logs/content?roomID=1&worldID=0&logType=runtime&lines=24
[DMP] 2026-06-09 23:17:56 | 200 |      415.25µs |             ::1 | GET     /v3/logs/content?roomID=1&worldID=0&logType=runtime&lines=24
[DMP] 2026-06-09 23:17:58 | 200 |       275.5µs |             ::1 | GET     /v3/logs/content?roomID=1&worldID=0&logType=runtime&lines=24
[DMP] 2026-06-09 23:18:00 | 200 |     174.625µs |             ::1 | GET     /v3/logs/content?roomID=1&worldID=0&logType=runtime&lines=24
[DMP] 2026-06-09 23:18:02 | 200 |     254.792µs |             ::1 | GET     /v3/logs/content?roomID=1&worldID=0&logType=runtime&lines=24
[DMP] 2026-06-09 23:18:04 | 200 |    1.085333ms |             ::1 | GET     /v3/logs/content?roomID=1&worldID=0&logType=runtime&lines=24
[DMP] 2026-06-09 23:18:06 | 200 |     208.041µs |             ::1 | GET     /v3/logs/content?roomID=1&worldID=0&logType=runtime&lines=24
[DMP] 2026-06-09 23:18:08 | 200 |     249.167µs |             ::1 | GET     /v3/logs/content?roomID=1&worldID=0&logType=runtime&lines=24
[DMP] 2026-06-09 23:18:10 | 200 |     259.541µs |             ::1 | GET     /v3/logs/content?roomID=1&worldID=0&logType=runtime&lines=24
[DMP] 2026-06-09 23:18:12 | 200 |      251.75µs |             ::1 | GET     /v3/logs/content?roomID=1&worldID=0&logType=runtime&lines=24
[DMP] 2026-06-09 23:18:14 | 200 |     246.584µs |             ::1 | GET     /v3/logs/content?roomID=1&worldID=0&logType=runtime&lines=24
[DMP] 2026-06-09 23:18:16 | 200 |      347.25µs |             ::1 | GET     /v3/logs/content?roomID=1&worldID=0&logType=runtime&lines=24
[DMP] 2026-06-09 23:18:18 | 200 |     302.291µs |             ::1 | GET     /v3/logs/content?roomID=1&worldID=0&logType=runtime&lines=24
[DMP] 2026-06-09 23:18:20 | 200 |     297.083µs |             ::1 | GET     /v3/logs/content?roomID=1&worldID=0&logType=runtime&lines=24
[DMP] 2026-06-09 23:18:22 | 200 |     484.208µs |             ::1 | GET     /v3/logs/content?roomID=1&worldID=0&logType=runtime&lines=24
[DMP] 2026-06-09 23:18:24 | 200 |     545.458µs |             ::1 | GET     /v3/logs/content?roomID=1&worldID=0&logType=runtime&lines=24
[DMP] 2026-06-09 23:18:26 | 200 |     306.125µs |             ::1 | GET     /v3/logs/content?roomID=1&worldID=0&logType=runtime&lines=24
[DMP] 2026-06-09 23:18:28 | 200 |     633.916µs |             ::1 | GET     /v3/logs/content?roomID=1&worldID=0&logType=runtime&lines=24
[DMP] 2026-06-09 23:18:30 | 200 |     210.375µs |             ::1 | GET     /v3/logs/content?roomID=1&worldID=0&logType=runtime&lines=24
[DMP] 2026-06-09 23:18:32 | 200 |     438.708µs |             ::1 | GET     /v3/logs/content?roomID=1&worldID=0&logType=runtime&lines=24
[DMP] 2026-06-09 23:18:34 | 200 |     276.875µs |             ::1 | GET     /v3/logs/content?roomID=1&worldID=0&logType=runtime&lines=24
[DMP] 2026-06-09 23:18:36 | 200 |     320.666µs |             ::1 | GET     /v3/logs/content?roomID=1&worldID=0&logType=runtime&lines=24
[DMP] 2026-06-09 23:18:38 | 200 |     231.541µs |             ::1 | GET     /v3/logs/content?roomID=1&worldID=0&logType=runtime&lines=24
[DMP] 2026-06-09 23:18:40 | 200 |     237.416µs |             ::1 | GET     /v3/logs/content?roomID=1&worldID=0&logType=runtime&lines=24
[DMP] 2026-06-09 23:18:42 | 200 |     291.083µs |             ::1 | GET     /v3/logs/content?roomID=1&worldID=0&logType=runtime&lines=24
[DMP] 2026-06-09 23:18:44 | 200 |     308.917µs |             ::1 | GET     /v3/logs/content?roomID=1&worldID=0&logType=runtime&lines=24
[DMP] 2026-06-09 23:18:46 | 200 |     221.709µs |             ::1 | GET     /v3/logs/content?roomID=1&worldID=0&logType=runtime&lines=24
[DMP] 2026-06-09 23:18:48 | 200 |      285.75µs |             ::1 | GET     /v3/logs/content?roomID=1&worldID=0&logType=runtime&lines=24
[DMP] 2026-06-09 23:18:50 | 200 |         388µs |             ::1 | GET     /v3/logs/content?roomID=1&worldID=0&logType=runtime&lines=24
[DMP] 2026-06-09 23:18:52 | 200 |     337.583µs |             ::1 | GET     /v3/logs/content?roomID=1&worldID=0&logType=runtime&lines=24
[DMP] 2026-06-09 23:18:54 | 200 |     300.625µs |             ::1 | GET     /v3/logs/content?roomID=1&worldID=0&logType=runtime&lines=24
[DMP] 2026-06-09 23:18:56 | 200 |     298.333µs |             ::1 | GET     /v3/logs/content?roomID=1&worldID=0&logType=runtime&lines=24
[DMP] 2026-06-09 23:18:58 | 200 |     303.667µs |             ::1 | GET     /v3/logs/content?roomID=1&worldID=0&logType=runtime&lines=24
[DMP] 2026-06-09 23:19:00 | 200 |     217.916µs |             ::1 | GET     /v3/logs/content?roomID=1&worldID=0&logType=runtime&lines=24
[DMP] 2026-06-09 23:19:02 | 200 |     219.167µs |             ::1 | GET     /v3/logs/content?roomID=1&worldID=0&logType=runtime&lines=24
[DMP] 2026-06-09 23:19:04 | 200 |     373.542µs |             ::1 | GET     /v3/logs/content?roomID=1&worldID=0&logType=runtime&lines=24
[DMP] 2026-06-09 23:19:06 | 200 |     253.666µs |             ::1 | GET     /v3/logs/content?roomID=1&worldID=0&logType=runtime&lines=24
[DMP] 2026-06-09 23:19:08 | 200 |     257.083µs |             ::1 | GET     /v3/logs/content?roomID=1&worldID=0&logType=runtime&lines=24
[DMP] 2026-06-09 23:19:10 | 200 |      212.25µs |             ::1 | GET     /v3/logs/content?roomID=1&worldID=0&logType=runtime&lines=24
[DMP] 2026-06-09 23:19:12 | 200 |     258.125µs |             ::1 | GET     /v3/logs/content?roomID=1&worldID=0&logType=runtime&lines=24
[DMP] 2026-06-09 23:19:14 | 200 |     218.333µs |             ::1 | GET     /v3/logs/content?roomID=1&worldID=0&logType=runtime&lines=24
[DMP] 2026-06-09 23:19:16 | 200 |     367.958µs |             ::1 | GET     /v3/logs/content?roomID=1&worldID=0&logType=runtime&lines=24
[DMP] 2026-06-09 23:19:18 | 200 |     511.625µs |             ::1 | GET     /v3/logs/content?roomID=1&worldID=0&logType=runtime&lines=24
[DMP] 2026-06-09 23:19:20 | 200 |     339.875µs |             ::1 | GET     /v3/logs/content?roomID=1&worldID=0&logType=runtime&lines=24
[DMP] 2026-06-09 23:19:22 | 200 |     278.541µs |             ::1 | GET     /v3/logs/content?roomID=1&worldID=0&logType=runtime&lines=24
[DMP] 2026-06-09 23:19:24 | 200 |     270.875µs |             ::1 | GET     /v3/logs/content?roomID=1&worldID=0&logType=runtime&lines=24
[DMP] 2026-06-09 23:19:26 | 200 |     265.208µs |             ::1 | GET     /v3/logs/content?roomID=1&worldID=0&logType=runtime&lines=24
[DMP] 2026-06-09 23:19:28 | 200 |     317.459µs |             ::1 | GET     /v3/logs/content?roomID=1&worldID=0&logType=runtime&lines=24
[DMP] 2026-06-09 23:19:30 | 200 |     270.291µs |             ::1 | GET     /v3/logs/content?roomID=1&worldID=0&logType=runtime&lines=24
[DMP] 2026-06-09 23:19:32 | 200 |     377.125µs |             ::1 | GET     /v3/logs/content?roomID=1&worldID=0&logType=runtime&lines=24
[DMP] 2026-06-09 23:19:34 | 200 |     229.375µs |             ::1 | GET     /v3/logs/content?roomID=1&worldID=0&logType=runtime&lines=24
[DMP] 2026-06-09 23:19:36 | 200 |     294.541µs |             ::1 | GET     /v3/logs/content?roomID=1&worldID=0&logType=runtime&lines=24
[DMP] 2026-06-09 23:19:38 | 200 |     730.792µs |             ::1 | GET     /v3/logs/content?roomID=1&worldID=0&logType=runtime&lines=24
[DMP] 2026-06-09 23:19:40 | 200 |     230.583µs |             ::1 | GET     /v3/logs/content?roomID=1&worldID=0&logType=runtime&lines=24
[DMP] 2026-06-09 23:19:42 | 200 |     210.208µs |             ::1 | GET     /v3/logs/content?roomID=1&worldID=0&logType=runtime&lines=24
[DMP] 2026-06-09 23:19:44 | 200 |     299.667µs |             ::1 | GET     /v3/logs/content?roomID=1&worldID=0&logType=runtime&lines=24
[DMP] 2026-06-09 23:19:46 | 200 |     309.041µs |             ::1 | GET     /v3/logs/content?roomID=1&worldID=0&logType=runtime&lines=24
[DMP] 2026-06-09 23:19:48 | 200 |     262.625µs |             ::1 | GET     /v3/logs/content?roomID=1&worldID=0&logType=runtime&lines=24
[DMP] 2026-06-09 23:19:50 | 200 |     199.625µs |             ::1 | GET     /v3/logs/content?roomID=1&worldID=0&logType=runtime&lines=24
[DMP] 2026-06-09 23:19:52 | 200 |     323.334µs |             ::1 | GET     /v3/logs/content?roomID=1&worldID=0&logType=runtime&lines=24
[DMP] 2026-06-09 23:19:54 | 200 |      430.25µs |             ::1 | GET     /v3/logs/content?roomID=1&worldID=0&logType=runtime&lines=24
[DMP] 2026-06-09 23:19:56 | 200 |     330.333µs |             ::1 | GET     /v3/logs/content?roomID=1&worldID=0&logType=runtime&lines=24
[DMP] 2026-06-09 23:19:58 | 200 |     233.834µs |             ::1 | GET     /v3/logs/content?roomID=1&worldID=0&logType=runtime&lines=24
[DMP] 2026-06-09 23:20:00 | 200 |     334.458µs |             ::1 | GET     /v3/logs/content?roomID=1&worldID=0&logType=runtime&lines=24
[DMP] 2026-06-09 23:20:02 | 200 |     241.167µs |             ::1 | GET     /v3/logs/content?roomID=1&worldID=0&logType=runtime&lines=24
[DMP] 2026-06-09 23:20:04 | 200 |     213.958µs |             ::1 | GET     /v3/logs/content?roomID=1&worldID=0&logType=runtime&lines=24
[DMP] 2026-06-09 23:20:06 | 200 |     459.459µs |             ::1 | GET     /v3/logs/content?roomID=1&worldID=0&logType=runtime&lines=24
[DMP] 2026-06-09 23:20:08 | 200 |     252.125µs |             ::1 | GET     /v3/logs/content?roomID=1&worldID=0&logType=runtime&lines=24
[DMP] 2026-06-09 23:20:10 | 200 |     259.083µs |             ::1 | GET     /v3/logs/content?roomID=1&worldID=0&logType=runtime&lines=24
[DMP] 2026-06-09 23:20:12 | 200 |     256.542µs |             ::1 | GET     /v3/logs/content?roomID=1&worldID=0&logType=runtime&lines=24
[DMP] 2026-06-09 23:20:14 | 200 |     282.208µs |             ::1 | GET     /v3/logs/content?roomID=1&worldID=0&logType=runtime&lines=24
[DMP] 2026-06-09 23:20:16 | 200 |     224.125µs |             ::1 | GET     /v3/logs/content?roomID=1&worldID=0&logType=runtime&lines=24
[DMP] 2026-06-09 23:20:18 | 200 |       333.5µs |             ::1 | GET     /v3/logs/content?roomID=1&worldID=0&logType=runtime&lines=24
[DMP] 2026-06-09 23:20:20 | 200 |     296.292µs |             ::1 | GET     /v3/logs/content?roomID=1&worldID=0&logType=runtime&lines=24
[DMP] 2026-06-09 23:20:22 | 200 |     390.583µs |             ::1 | GET     /v3/logs/content?roomID=1&worldID=0&logType=runtime&lines=24
[DMP] 2026-06-09 23:20:24 | 200 |       395.5µs |             ::1 | GET     /v3/logs/content?roomID=1&worldID=0&logType=runtime&lines=24
[DMP] 2026-06-09 23:20:26 | 200 |     338.708µs |             ::1 | GET     /v3/logs/content?roomID=1&worldID=0&logType=runtime&lines=24
[DMP] 2026-06-09 23:20:28 | 200 |     274.666µs |             ::1 | GET     /v3/logs/content?roomID=1&worldID=0&logType=runtime&lines=24
[DMP] 2026-06-09 23:20:30 | 200 |     373.959µs |             ::1 | GET     /v3/logs/content?roomID=1&worldID=0&logType=runtime&lines=24
[DMP] 2026-06-09 23:20:32 | 200 |         598µs |             ::1 | GET     /v3/logs/content?roomID=1&worldID=0&logType=runtime&lines=24
[DMP] 2026-06-09 23:20:34 | 200 |     245.125µs |             ::1 | GET     /v3/logs/content?roomID=1&worldID=0&logType=runtime&lines=24
[DMP] 2026-06-09 23:20:36 | 200 |     346.125µs |             ::1 | GET     /v3/logs/content?roomID=1&worldID=0&logType=runtime&lines=24
[DMP] 2026-06-09 23:20:38 | 200 |      273.75µs |             ::1 | GET     /v3/logs/content?roomID=1&worldID=0&logType=runtime&lines=24
[DMP] 2026-06-09 23:20:40 | 200 |     317.958µs |             ::1 | GET     /v3/logs/content?roomID=1&worldID=0&logType=runtime&lines=24
[DMP] 2026-06-09 23:20:42 | 200 |     288.542µs |             ::1 | GET     /v3/logs/content?roomID=1&worldID=0&logType=runtime&lines=24
[DMP] 2026-06-09 23:20:44 | 200 |     305.458µs |             ::1 | GET     /v3/logs/content?roomID=1&worldID=0&logType=runtime&lines=24
[DMP] 2026-06-09 23:20:46 | 200 |     252.709µs |             ::1 | GET     /v3/logs/content?roomID=1&worldID=0&logType=runtime&lines=24
[DMP] 2026-06-09 23:20:48 | 200 |     262.292µs |             ::1 | GET     /v3/logs/content?roomID=1&worldID=0&logType=runtime&lines=24
[DMP] 2026-06-09 23:20:50 | 200 |     358.666µs |             ::1 | GET     /v3/logs/content?roomID=1&worldID=0&logType=runtime&lines=24
[DMP] 2026-06-09 23:20:52 | 200 |     344.291µs |             ::1 | GET     /v3/logs/content?roomID=1&worldID=0&logType=runtime&lines=24
[DMP] 2026-06-09 23:20:54 | 200 |     289.083µs |             ::1 | GET     /v3/logs/content?roomID=1&worldID=0&logType=runtime&lines=24
[DMP] 2026-06-09 23:20:56 | 200 |      652.25µs |             ::1 | GET     /v3/logs/content?roomID=1&worldID=0&logType=runtime&lines=24
[DMP] 2026-06-09 23:20:58 | 200 |     294.375µs |             ::1 | GET     /v3/logs/content?roomID=1&worldID=0&logType=runtime&lines=24
[DMP] 2026-06-09 23:21:00 | 200 |     392.292µs |             ::1 | GET     /v3/logs/content?roomID=1&worldID=0&logType=runtime&lines=24
[DMP] 2026-06-09 23:21:02 | 200 |     327.917µs |             ::1 | GET     /v3/logs/content?roomID=1&worldID=0&logType=runtime&lines=24
[DMP] 2026-06-09 23:21:04 | 200 |     227.334µs |             ::1 | GET     /v3/logs/content?roomID=1&worldID=0&logType=runtime&lines=24
[DMP] 2026-06-09 23:21:06 | 200 |     265.125µs |             ::1 | GET     /v3/logs/content?roomID=1&worldID=0&logType=runtime&lines=24
[DMP] 2026-06-09 23:21:08 | 200 |     189.625µs |             ::1 | GET     /v3/logs/content?roomID=1&worldID=0&logType=runtime&lines=24
[DMP] 2026-06-09 23:21:10 | 200 |     270.375µs |             ::1 | GET     /v3/logs/content?roomID=1&worldID=0&logType=runtime&lines=24
[DMP] 2026-06-09 23:21:12 | 200 |       341.5µs |             ::1 | GET     /v3/logs/content?roomID=1&worldID=0&logType=runtime&lines=24
[DMP] 2026-06-09 23:21:14 | 200 |      298.75µs |             ::1 | GET     /v3/logs/content?roomID=1&worldID=0&logType=runtime&lines=24
[DMP] 2026-06-09 23:21:16 | 200 |     316.417µs |             ::1 | GET     /v3/logs/content?roomID=1&worldID=0&logType=runtime&lines=24
[DMP] 2026-06-09 23:21:18 | 200 |     315.292µs |             ::1 | GET     /v3/logs/content?roomID=1&worldID=0&logType=runtime&lines=24
[DMP] 2026-06-09 23:21:20 | 200 |         283µs |             ::1 | GET     /v3/logs/content?roomID=1&worldID=0&logType=runtime&lines=24
[DMP] 2026-06-09 23:21:22 | 200 |     276.458µs |             ::1 | GET     /v3/logs/content?roomID=1&worldID=0&logType=runtime&lines=24
[DMP] 2026-06-09 23:21:24 | 200 |     621.375µs |             ::1 | GET     /v3/logs/content?roomID=1&worldID=0&logType=runtime&lines=24
[DMP] 2026-06-09 23:21:26 | 200 |     258.667µs |             ::1 | GET     /v3/logs/content?roomID=1&worldID=0&logType=runtime&lines=24
[DMP] 2026-06-09 23:21:28 | 200 |     258.834µs |             ::1 | GET     /v3/logs/content?roomID=1&worldID=0&logType=runtime&lines=24
[DMP] 2026-06-09 23:21:30 | 200 |      404.75µs |             ::1 | GET     /v3/logs/content?roomID=1&worldID=0&logType=runtime&lines=24
[DMP] 2026-06-09 23:21:33 | 200 |    6.827333ms |             ::1 | GET     /v3/logs/content?roomID=1&worldID=0&logType=runtime&lines=24
[DMP] 2026-06-09 23:21:35 | 200 |     26.6485ms |             ::1 | GET     /v3/logs/content?roomID=1&worldID=0&logType=runtime&lines=24
[DMP] 2026-06-09 23:21:37 | 200 |     457.167µs |             ::1 | GET     /v3/logs/content?roomID=1&worldID=0&logType=runtime&lines=24
[DMP] 2026-06-09 23:21:39 | 200 |     380.875µs |             ::1 | GET     /v3/logs/content?roomID=1&worldID=0&logType=runtime&lines=24
[DMP] 2026-06-09 23:21:41 | 200 |     488.084µs |             ::1 | GET     /v3/logs/content?roomID=1&worldID=0&logType=runtime&lines=24
[DMP] 2026-06-09 23:21:43 | 200 |    2.690083ms |             ::1 | GET     /v3/logs/content?roomID=1&worldID=0&logType=runtime&lines=24
[DMP] 2026-06-09 23:21:45 | 200 |     366.542µs |             ::1 | GET     /v3/logs/content?roomID=1&worldID=0&logType=runtime&lines=24
[DMP] 2026-06-09 23:21:46 | 200 |     295.125µs |             ::1 | GET     /v3/logs/content?roomID=1&worldID=0&logType=runtime&lines=24
[DMP] 2026-06-09 23:21:48 | 200 |     201.875µs |             ::1 | GET     /v3/logs/content?roomID=1&worldID=0&logType=runtime&lines=24
[DMP] 2026-06-09 23:21:50 | 200 |      278.75µs |             ::1 | GET     /v3/logs/content?roomID=1&worldID=0&logType=runtime&lines=24
[DMP] 2026-06-09 23:21:52 | 200 |     204.167µs |             ::1 | GET     /v3/logs/content?roomID=1&worldID=0&logType=runtime&lines=24
[DMP] 2026-06-09 23:21:54 | 200 |      227.75µs |             ::1 | GET     /v3/logs/content?roomID=1&worldID=0&logType=runtime&lines=24
[DMP] 2026-06-09 23:21:56 | 200 |     216.834µs |             ::1 | GET     /v3/logs/content?roomID=1&worldID=0&logType=runtime&lines=24
[DMP] 2026-06-09 23:21:57 | 200 |    1.014959ms |             ::1 | GET     /
[DMP] 2026-06-09 23:21:58 | 200 |     369.292µs |             ::1 | GET     /v3/platform/game_version
[DMP] 2026-06-09 23:21:58 | 200 |     785.792µs |             ::1 | GET     /v3/room/basic
[DMP] 2026-06-09 23:22:00 | 200 |     301.791µs |             ::1 | GET     /v3/logs/content?roomID=1&worldID=0&logType=runtime&lines=24
[DMP] 2026-06-09 23:22:00 | 200 |    2.559667ms |             ::1 | GET     /v3/room/list?gameName=&page=1&pageSize=4
[DMP] 2026-06-09 23:22:01 | 200 |      478.25µs |             ::1 | GET     /v3/dashboard/info/sys
[DMP] 2026-06-09 23:22:01 | 200 |  292.918292ms |             ::1 | GET     /v3/dashboard/info/base?roomID=1
[DMP] 2026-06-09 23:22:01 | 200 |     747.916µs |             ::1 | GET     /v3/dashboard/connection_code?roomID=1
[DMP] 2026-06-09 23:22:03 | 200 |         131µs |             ::1 | GET     /v3/dashboard/info/sys
[DMP] 2026-06-09 23:22:03 | 200 |  165.050917ms |             ::1 | POST    /v3/dashboard/exec/game
[DMP] 2026-06-09 23:22:04 | 200 |  772.881167ms |             ::1 | GET     /v3/dashboard/info/base?roomID=1
[DMP] 2026-06-09 23:22:05 | 200 |      171.75µs |             ::1 | GET     /v3/dashboard/info/sys
[DMP] 2026-06-09 23:22:07 | 200 |      75.333µs |             ::1 | GET     /v3/dashboard/info/sys
[DMP] 2026-06-09 23:22:09 | 200 |     822.584µs |             ::1 | GET     /v3/dashboard/info/sys
[DMP] 2026-06-09 23:22:11 | 200 |       220.5µs |             ::1 | GET     /v3/dashboard/info/sys
[DMP] 2026-06-09 23:22:11 | 200 |  237.487792ms |             ::1 | GET     /v3/dashboard/info/base?roomID=1
[DMP] 2026-06-09 23:22:13 | 200 |     240.417µs |             ::1 | GET     /v3/dashboard/info/sys
[DMP] 2026-06-09 23:22:15 | 200 |     137.416µs |             ::1 | GET     /v3/dashboard/info/sys
[DMP] 2026-06-09 23:22:17 | 200 |     118.541µs |             ::1 | GET     /v3/dashboard/info/sys
[DMP] 2026-06-09 23:22:19 | 200 |       157.5µs |             ::1 | GET     /v3/dashboard/info/sys
[DMP] 2026-06-09 23:22:25 | 200 |    1.875542ms |             ::1 | GET     /v3/dashboard/info/sys
[DMP] 2026-06-09 23:22:26 | 200 |    3.442042ms |             ::1 | GET     /
[DMP] 2026-06-09 23:22:27 | 200 |     128.125µs |             ::1 | GET     /v3/dashboard/info/sys
[DMP] 2026-06-09 23:22:27 | 200 |     417.125µs |             ::1 | GET     /v3/platform/game_version
[DMP] 2026-06-09 23:22:27 | 200 |     579.584µs |             ::1 | GET     /v3/room/basic
[DMP] 2026-06-09 23:22:27 | 200 |  335.070875ms |             ::1 | GET     /v3/dashboard/info/base?roomID=1
[DMP] 2026-06-09 23:22:27 | 200 |     382.584µs |             ::1 | GET     /v3/dashboard/connection_code?roomID=1
[DMP] 2026-06-09 23:22:29 | 200 |    1.748625ms |             ::1 | GET     /v3/room/list?gameName=&page=1&pageSize=4
[DMP] 2026-06-09 23:22:33 | 200 |  2.055712375s |             ::1 | POST    /v3/room/deactivate
[DMP] 2026-06-09 23:22:33 | 200 |    4.472875ms |             ::1 | GET     /v3/room/list?gameName=&page=1&pageSize=4
[DMP] 2026-06-09 23:22:34 | 200 |  168.052375ms |             ::1 | POST    /v3/room/activate
[DMP] 2026-06-09 23:22:34 | 200 |    1.117917ms |             ::1 | GET     /v3/room/list?gameName=&page=1&pageSize=4
[DMP] 2026-06-09 23:22:36 | 200 |     121.667µs |             ::1 | GET     /v3/dashboard/info/sys
[DMP] 2026-06-09 23:22:37 | 200 |  757.562959ms |             ::1 | GET     /v3/dashboard/info/base?roomID=1
[DMP] 2026-06-09 23:22:37 | 200 |     397.667µs |             ::1 | GET     /v3/dashboard/connection_code?roomID=1
[DMP] 2026-06-09 23:22:39 | 200 |     392.583µs |             ::1 | GET     /v3/dashboard/info/sys
[DMP] 2026-06-09 23:22:39 | 200 |  141.411541ms |             ::1 | POST    /v3/dashboard/exec/game
[DMP] 2026-06-09 23:22:40 | 200 |  697.631416ms |             ::1 | GET     /v3/dashboard/info/base?roomID=1
[DMP] 2026-06-09 23:22:41 | 200 |     136.166µs |             ::1 | GET     /v3/dashboard/info/sys
[DMP] 2026-06-09 23:22:43 | 200 |      79.584µs |             ::1 | GET     /v3/dashboard/info/sys
[DMP] 2026-06-09 23:22:45 | 200 |     154.125µs |             ::1 | GET     /v3/dashboard/info/sys
[DMP] 2026-06-09 23:22:47 | 200 |       108.5µs |             ::1 | GET     /v3/dashboard/info/sys
[DMP] 2026-06-09 23:22:47 | 200 |  244.541583ms |             ::1 | GET     /v3/dashboard/info/base?roomID=1
[DMP] 2026-06-09 23:22:49 | 200 |      241.75µs |             ::1 | GET     /v3/dashboard/info/sys
[DMP] 2026-06-09 23:22:51 | 200 |      254.25µs |             ::1 | GET     /v3/dashboard/info/sys
[DMP] 2026-06-09 23:22:51 | 200 |  2.232355041s |             ::1 | POST    /v3/dashboard/exec/game
[DMP] 2026-06-09 23:22:52 | 200 |  659.155166ms |             ::1 | GET     /v3/dashboard/info/base?roomID=1
[DMP] 2026-06-09 23:22:53 | 200 |      94.917µs |             ::1 | GET     /v3/dashboard/info/sys
[DMP] 2026-06-09 23:22:56 | 200 |         270µs |             ::1 | GET     /v3/logs/content?roomID=1&worldID=0&logType=runtime&lines=24
[DMP] 2026-06-09 23:22:58 | 200 |       391.5µs |             ::1 | GET     /v3/logs/content?roomID=1&worldID=0&logType=runtime&lines=24
[DMP] 2026-06-09 23:23:00 | 200 |     168.458µs |             ::1 | GET     /v3/logs/content?roomID=1&worldID=0&logType=runtime&lines=24
[DMP] 2026-06-09 23:23:02 | 200 |     163.625µs |             ::1 | GET     /v3/logs/content?roomID=1&worldID=0&logType=runtime&lines=24
[DMP] 2026-06-09 23:23:04 | 200 |     164.583µs |             ::1 | GET     /v3/logs/content?roomID=1&worldID=0&logType=runtime&lines=24
[DMP] 2026-06-09 23:23:06 | 200 |    1.064375ms |             ::1 | GET     /v3/room/list?gameName=&page=1&pageSize=4
[DMP] 2026-06-09 23:23:07 | 200 |     178.208µs |             ::1 | GET     /v3/dashboard/info/sys
[DMP] 2026-06-09 23:23:07 | 200 |  222.004041ms |             ::1 | GET     /v3/dashboard/info/base?roomID=1
[DMP] 2026-06-09 23:23:07 | 200 |     497.875µs |             ::1 | GET     /v3/dashboard/connection_code?roomID=1
[DMP] 2026-06-09 23:23:09 | 200 |     175.042µs |             ::1 | GET     /v3/dashboard/info/sys
[DMP] 2026-06-09 23:23:09 | 200 |  163.100333ms |             ::1 | POST    /v3/dashboard/exec/game
[DMP] 2026-06-09 23:23:10 | 200 |  694.839834ms |             ::1 | GET     /v3/dashboard/info/base?roomID=1
[DMP] 2026-06-09 23:23:11 | 200 |      109.25µs |             ::1 | GET     /v3/dashboard/info/sys
[DMP] 2026-06-09 23:23:14 | 200 |     196.208µs |             ::1 | GET     /v3/logs/content?roomID=1&worldID=0&logType=runtime&lines=24
[DMP] 2026-06-09 23:23:16 | 200 |     192.125µs |             ::1 | GET     /v3/logs/content?roomID=1&worldID=0&logType=runtime&lines=24
[DMP] 2026-06-09 23:23:18 | 200 |     182.042µs |             ::1 | GET     /v3/logs/content?roomID=1&worldID=0&logType=runtime&lines=24
[DMP] 2026-06-09 23:23:20 | 200 |     161.833µs |             ::1 | GET     /v3/logs/content?roomID=1&worldID=0&logType=runtime&lines=24
[DMP] 2026-06-09 23:23:22 | 200 |         218µs |             ::1 | GET     /v3/logs/content?roomID=1&worldID=0&logType=runtime&lines=24
[DMP] 2026-06-09 23:23:24 | 200 |     323.542µs |             ::1 | GET     /v3/logs/content?roomID=1&worldID=0&logType=runtime&lines=24
[DMP] 2026-06-09 23:23:26 | 200 |     475.083µs |             ::1 | GET     /v3/logs/content?roomID=1&worldID=0&logType=runtime&lines=24
[DMP] 2026-06-09 23:23:28 | 200 |     187.708µs |             ::1 | GET     /v3/logs/content?roomID=1&worldID=0&logType=runtime&lines=24
[DMP] 2026-06-09 23:23:30 | 200 |     331.583µs |             ::1 | GET     /v3/logs/content?roomID=1&worldID=0&logType=runtime&lines=24
[DMP] 2026-06-09 23:23:32 | 200 |     313.833µs |             ::1 | GET     /v3/logs/content?roomID=1&worldID=0&logType=runtime&lines=24
[DMP] 2026-06-09 23:23:34 | 200 |     288.084µs |             ::1 | GET     /v3/logs/content?roomID=1&worldID=0&logType=runtime&lines=24
[DMP] 2026-06-09 23:23:36 | 200 |     253.666µs |             ::1 | GET     /v3/logs/content?roomID=1&worldID=0&logType=runtime&lines=24
[DMP] 2026-06-09 23:23:38 | 200 |     238.208µs |             ::1 | GET     /v3/logs/content?roomID=1&worldID=0&logType=runtime&lines=24
[DMP] 2026-06-09 23:23:40 | 200 |     255.458µs |             ::1 | GET     /v3/logs/content?roomID=1&worldID=0&logType=runtime&lines=24
[DMP] 2026-06-09 23:23:42 | 200 |     196.375µs |             ::1 | GET     /v3/logs/content?roomID=1&worldID=0&logType=runtime&lines=24
[DMP] 2026-06-09 23:23:44 | 200 |     223.875µs |             ::1 | GET     /v3/logs/content?roomID=1&worldID=0&logType=runtime&lines=24
[DMP] 2026-06-09 23:23:46 | 200 |     211.375µs |             ::1 | GET     /v3/logs/content?roomID=1&worldID=0&logType=runtime&lines=24
[DMP] 2026-06-09 23:23:48 | 200 |     235.125µs |             ::1 | GET     /v3/logs/content?roomID=1&worldID=0&logType=runtime&lines=24
[DMP] 2026-06-09 23:23:50 | 200 |     419.208µs |             ::1 | GET     /v3/logs/content?roomID=1&worldID=0&logType=runtime&lines=24
[DMP] 2026-06-09 23:23:52 | 200 |     464.792µs |             ::1 | GET     /v3/logs/content?roomID=1&worldID=0&logType=runtime&lines=24
[DMP] 2026-06-09 23:23:54 | 200 |     403.375µs |             ::1 | GET     /v3/logs/content?roomID=1&worldID=0&logType=runtime&lines=24
[DMP] 2026-06-09 23:23:56 | 200 |     302.083µs |             ::1 | GET     /v3/logs/content?roomID=1&worldID=0&logType=runtime&lines=24
[DMP] 2026-06-09 23:23:58 | 200 |      167.75µs |             ::1 | GET     /v3/logs/content?roomID=1&worldID=0&logType=runtime&lines=24
[DMP] 2026-06-09 23:24:00 | 200 |     220.292µs |             ::1 | GET     /v3/logs/content?roomID=1&worldID=0&logType=runtime&lines=24
[DMP] 2026-06-09 23:24:02 | 200 |     264.125µs |             ::1 | GET     /v3/logs/content?roomID=1&worldID=0&logType=runtime&lines=24
[DMP] 2026-06-09 23:24:04 | 200 |     326.666µs |             ::1 | GET     /v3/logs/content?roomID=1&worldID=0&logType=runtime&lines=24
[DMP] 2026-06-09 23:24:06 | 200 |     216.625µs |             ::1 | GET     /v3/logs/content?roomID=1&worldID=0&logType=runtime&lines=24
[DMP] 2026-06-09 23:24:08 | 200 |     447.625µs |             ::1 | GET     /v3/logs/content?roomID=1&worldID=0&logType=runtime&lines=24
[DMP] 2026-06-09 23:24:10 | 200 |     172.375µs |             ::1 | GET     /v3/logs/content?roomID=1&worldID=0&logType=runtime&lines=24
[DMP] 2026-06-09 23:24:12 | 200 |       185.5µs |             ::1 | GET     /v3/logs/content?roomID=1&worldID=0&logType=runtime&lines=24
[DMP] 2026-06-09 23:24:14 | 200 |     277.709µs |             ::1 | GET     /v3/logs/content?roomID=1&worldID=0&logType=runtime&lines=24
[DMP] 2026-06-09 23:24:16 | 200 |     269.417µs |             ::1 | GET     /v3/logs/content?roomID=1&worldID=0&logType=runtime&lines=24
[DMP] 2026-06-09 23:24:18 | 200 |      310.75µs |             ::1 | GET     /v3/logs/content?roomID=1&worldID=0&logType=runtime&lines=24
[DMP] 2026-06-09 23:24:20 | 200 |     311.542µs |             ::1 | GET     /v3/logs/content?roomID=1&worldID=0&logType=runtime&lines=24
[DMP] 2026-06-09 23:24:22 | 200 |      222.25µs |             ::1 | GET     /v3/logs/content?roomID=1&worldID=0&logType=runtime&lines=24
[DMP] 2026-06-09 23:24:24 | 200 |     258.584µs |             ::1 | GET     /v3/logs/content?roomID=1&worldID=0&logType=runtime&lines=24
[DMP] 2026-06-09 23:24:26 | 200 |     283.041µs |             ::1 | GET     /v3/logs/content?roomID=1&worldID=0&logType=runtime&lines=24
[DMP] 2026-06-09 23:24:28 | 200 |     282.875µs |             ::1 | GET     /v3/logs/content?roomID=1&worldID=0&logType=runtime&lines=24
[DMP] 2026-06-09 23:24:30 | 200 |     184.292µs |             ::1 | GET     /v3/logs/content?roomID=1&worldID=0&logType=runtime&lines=24
[DMP] 2026-06-09 23:24:32 | 200 |     231.833µs |             ::1 | GET     /v3/logs/content?roomID=1&worldID=0&logType=runtime&lines=24
[DMP] 2026-06-09 23:24:34 | 200 |     208.667µs |             ::1 | GET     /v3/logs/content?roomID=1&worldID=0&logType=runtime&lines=24
[DMP] 2026-06-09 23:24:36 | 200 |       212.5µs |             ::1 | GET     /v3/logs/content?roomID=1&worldID=0&logType=runtime&lines=24
[DMP] 2026-06-09 23:24:38 | 200 |     243.333µs |             ::1 | GET     /v3/logs/content?roomID=1&worldID=0&logType=runtime&lines=24
[DMP] 2026-06-09 23:24:40 | 200 |     202.834µs |             ::1 | GET     /v3/logs/content?roomID=1&worldID=0&logType=runtime&lines=24
[DMP] 2026-06-09 23:24:42 | 200 |     259.375µs |             ::1 | GET     /v3/logs/content?roomID=1&worldID=0&logType=runtime&lines=24
[DMP] 2026-06-09 23:24:44 | 200 |       232.5µs |             ::1 | GET     /v3/logs/content?roomID=1&worldID=0&logType=runtime&lines=24
[DMP] 2026-06-09 23:24:46 | 200 |     155.292µs |             ::1 | GET     /v3/logs/content?roomID=1&worldID=0&logType=runtime&lines=24
[DMP] 2026-06-09 23:24:48 | 200 |     368.083µs |             ::1 | GET     /v3/logs/content?roomID=1&worldID=0&logType=runtime&lines=24
[DMP] 2026-06-09 23:24:50 | 200 |       219.5µs |             ::1 | GET     /v3/logs/content?roomID=1&worldID=0&logType=runtime&lines=24
[DMP] 2026-06-09 23:24:52 | 200 |     241.667µs |             ::1 | GET     /v3/logs/content?roomID=1&worldID=0&logType=runtime&lines=24
[DMP] 2026-06-09 23:24:54 | 200 |     229.291µs |             ::1 | GET     /v3/logs/content?roomID=1&worldID=0&logType=runtime&lines=24
[DMP] 2026-06-09 23:24:56 | 200 |     210.083µs |             ::1 | GET     /v3/logs/content?roomID=1&worldID=0&logType=runtime&lines=24
[DMP] 2026-06-09 23:24:58 | 200 |     225.209µs |             ::1 | GET     /v3/logs/content?roomID=1&worldID=0&logType=runtime&lines=24
[DMP] 2026-06-09 23:25:00 | 200 |     196.708µs |             ::1 | GET     /v3/logs/content?roomID=1&worldID=0&logType=runtime&lines=24
[DMP] 2026-06-09 23:25:02 | 200 |         156µs |             ::1 | GET     /v3/logs/content?roomID=1&worldID=0&logType=runtime&lines=24
[DMP] 2026-06-09 23:25:04 | 200 |         353µs |             ::1 | GET     /v3/logs/content?roomID=1&worldID=0&logType=runtime&lines=24
[DMP] 2026-06-09 23:25:06 | 200 |         190µs |             ::1 | GET     /v3/logs/content?roomID=1&worldID=0&logType=runtime&lines=24
[DMP] 2026-06-09 23:25:08 | 200 |     281.916µs |             ::1 | GET     /v3/logs/content?roomID=1&worldID=0&logType=runtime&lines=24
[DMP] 2026-06-09 23:25:10 | 200 |     305.875µs |             ::1 | GET     /v3/logs/content?roomID=1&worldID=0&logType=runtime&lines=24
[DMP] 2026-06-09 23:25:12 | 200 |     188.917µs |             ::1 | GET     /v3/logs/content?roomID=1&worldID=0&logType=runtime&lines=24
[DMP] 2026-06-09 23:25:14 | 200 |     269.208µs |             ::1 | GET     /v3/logs/content?roomID=1&worldID=0&logType=runtime&lines=24
[DMP] 2026-06-09 23:25:16 | 200 |     197.667µs |             ::1 | GET     /v3/logs/content?roomID=1&worldID=0&logType=runtime&lines=24
[DMP] 2026-06-09 23:25:18 | 200 |     210.208µs |             ::1 | GET     /v3/logs/content?roomID=1&worldID=0&logType=runtime&lines=24
[DMP] 2026-06-09 23:25:20 | 200 |     173.667µs |             ::1 | GET     /v3/logs/content?roomID=1&worldID=0&logType=runtime&lines=24
[DMP] 2026-06-09 23:25:22 | 200 |     203.834µs |             ::1 | GET     /v3/logs/content?roomID=1&worldID=0&logType=runtime&lines=24
[DMP] 2026-06-09 23:25:24 | 200 |     267.584µs |             ::1 | GET     /v3/logs/content?roomID=1&worldID=0&logType=runtime&lines=24
[DMP] 2026-06-09 23:25:26 | 200 |     220.375µs |             ::1 | GET     /v3/logs/content?roomID=1&worldID=0&logType=runtime&lines=24
[DMP] 2026-06-09 23:25:28 | 200 |     351.542µs |             ::1 | GET     /v3/logs/content?roomID=1&worldID=0&logType=runtime&lines=24
[DMP] 2026-06-09 23:25:30 | 200 |     279.833µs |             ::1 | GET     /v3/logs/content?roomID=1&worldID=0&logType=runtime&lines=24
[DMP] 2026-06-09 23:25:32 | 200 |     247.417µs |             ::1 | GET     /v3/logs/content?roomID=1&worldID=0&logType=runtime&lines=24
[DMP] 2026-06-09 23:25:34 | 200 |     402.834µs |             ::1 | GET     /v3/logs/content?roomID=1&worldID=0&logType=runtime&lines=24
[DMP] 2026-06-09 23:25:36 | 200 |     278.542µs |             ::1 | GET     /v3/logs/content?roomID=1&worldID=0&logType=runtime&lines=24
[DMP] 2026-06-09 23:25:38 | 200 |     275.917µs |             ::1 | GET     /v3/logs/content?roomID=1&worldID=0&logType=runtime&lines=24
[DMP] 2026-06-09 23:25:40 | 200 |     245.834µs |             ::1 | GET     /v3/logs/content?roomID=1&worldID=0&logType=runtime&lines=24
[DMP] 2026-06-09 23:25:42 | 200 |     248.375µs |             ::1 | GET     /v3/logs/content?roomID=1&worldID=0&logType=runtime&lines=24
[DMP] 2026-06-09 23:25:44 | 200 |     296.916µs |             ::1 | GET     /v3/logs/content?roomID=1&worldID=0&logType=runtime&lines=24
[DMP] 2026-06-09 23:25:46 | 200 |     216.333µs |             ::1 | GET     /v3/logs/content?roomID=1&worldID=0&logType=runtime&lines=24
[DMP] 2026-06-09 23:25:48 | 200 |      213.75µs |             ::1 | GET     /v3/logs/content?roomID=1&worldID=0&logType=runtime&lines=24
[DMP] 2026-06-09 23:25:50 | 200 |     395.167µs |             ::1 | GET     /v3/logs/content?roomID=1&worldID=0&logType=runtime&lines=24
[DMP] 2026-06-09 23:25:52 | 200 |      189.75µs |             ::1 | GET     /v3/logs/content?roomID=1&worldID=0&logType=runtime&lines=24
[DMP] 2026-06-09 23:25:54 | 200 |     274.875µs |             ::1 | GET     /v3/logs/content?roomID=1&worldID=0&logType=runtime&lines=24
[DMP] 2026-06-09 23:25:56 | 200 |     208.833µs |             ::1 | GET     /v3/logs/content?roomID=1&worldID=0&logType=runtime&lines=24
[DMP] 2026-06-09 23:25:58 | 200 |     209.875µs |             ::1 | GET     /v3/logs/content?roomID=1&worldID=0&logType=runtime&lines=24
[DMP] 2026-06-09 23:26:00 | 200 |     196.458µs |             ::1 | GET     /v3/logs/content?roomID=1&worldID=0&logType=runtime&lines=24
[DMP] 2026-06-09 23:26:02 | 200 |     220.292µs |             ::1 | GET     /v3/logs/content?roomID=1&worldID=0&logType=runtime&lines=24
[DMP] 2026-06-09 23:26:04 | 200 |         455µs |             ::1 | GET     /v3/logs/content?roomID=1&worldID=0&logType=runtime&lines=24
[DMP] 2026-06-09 23:26:06 | 200 |     364.875µs |             ::1 | GET     /v3/logs/content?roomID=1&worldID=0&logType=runtime&lines=24
[DMP] 2026-06-09 23:26:08 | 200 |     273.667µs |             ::1 | GET     /v3/logs/content?roomID=1&worldID=0&logType=runtime&lines=24
[DMP] 2026-06-09 23:26:10 | 200 |     222.125µs |             ::1 | GET     /v3/logs/content?roomID=1&worldID=0&logType=runtime&lines=24
[DMP] 2026-06-09 23:26:12 | 200 |     214.916µs |             ::1 | GET     /v3/logs/content?roomID=1&worldID=0&logType=runtime&lines=24
[DMP] 2026-06-09 23:26:14 | 200 |     263.833µs |             ::1 | GET     /v3/logs/content?roomID=1&worldID=0&logType=runtime&lines=24
[DMP] 2026-06-09 23:26:16 | 200 |     215.709µs |             ::1 | GET     /v3/logs/content?roomID=1&worldID=0&logType=runtime&lines=24
[DMP] 2026-06-09 23:26:18 | 200 |     296.541µs |             ::1 | GET     /v3/logs/content?roomID=1&worldID=0&logType=runtime&lines=24
[DMP] 2026-06-09 23:26:20 | 200 |     196.834µs |             ::1 | GET     /v3/logs/content?roomID=1&worldID=0&logType=runtime&lines=24
[DMP] 2026-06-09 23:26:22 | 200 |     256.667µs |             ::1 | GET     /v3/logs/content?roomID=1&worldID=0&logType=runtime&lines=24
[DMP] 2026-06-09 23:26:24 | 200 |     312.959µs |             ::1 | GET     /v3/logs/content?roomID=1&worldID=0&logType=runtime&lines=24
[DMP] 2026-06-09 23:26:26 | 200 |     365.125µs |             ::1 | GET     /v3/logs/content?roomID=1&worldID=0&logType=runtime&lines=24
[DMP] 2026-06-09 23:26:28 | 200 |      222.75µs |             ::1 | GET     /v3/logs/content?roomID=1&worldID=0&logType=runtime&lines=24
[DMP] 2026-06-09 23:26:30 | 200 |     220.833µs |             ::1 | GET     /v3/logs/content?roomID=1&worldID=0&logType=runtime&lines=24
[DMP] 2026-06-09 23:26:32 | 200 |     330.916µs |             ::1 | GET     /v3/logs/content?roomID=1&worldID=0&logType=runtime&lines=24
[DMP] 2026-06-09 23:26:34 | 200 |     268.958µs |             ::1 | GET     /v3/logs/content?roomID=1&worldID=0&logType=runtime&lines=24
[DMP] 2026-06-09 23:26:36 | 200 |     270.167µs |             ::1 | GET     /v3/logs/content?roomID=1&worldID=0&logType=runtime&lines=24
[DMP] 2026-06-09 23:26:38 | 200 |       227.5µs |             ::1 | GET     /v3/logs/content?roomID=1&worldID=0&logType=runtime&lines=24
[DMP] 2026-06-09 23:26:40 | 200 |     267.292µs |             ::1 | GET     /v3/logs/content?roomID=1&worldID=0&logType=runtime&lines=24
[DMP] 2026-06-09 23:26:42 | 200 |     203.458µs |             ::1 | GET     /v3/logs/content?roomID=1&worldID=0&logType=runtime&lines=24
[DMP] 2026-06-09 23:26:44 | 200 |     179.375µs |             ::1 | GET     /v3/logs/content?roomID=1&worldID=0&logType=runtime&lines=24
[DMP] 2026-06-09 23:26:46 | 200 |     359.042µs |             ::1 | GET     /v3/logs/content?roomID=1&worldID=0&logType=runtime&lines=24
[DMP] 2026-06-09 23:26:48 | 200 |     225.041µs |             ::1 | GET     /v3/logs/content?roomID=1&worldID=0&logType=runtime&lines=24
[DMP] 2026-06-09 23:26:50 | 200 |     210.375µs |             ::1 | GET     /v3/logs/content?roomID=1&worldID=0&logType=runtime&lines=24
[DMP] 2026-06-09 23:26:52 | 200 |     178.334µs |             ::1 | GET     /v3/logs/content?roomID=1&worldID=0&logType=runtime&lines=24
[DMP] 2026-06-09 23:26:54 | 200 |     217.917µs |             ::1 | GET     /v3/logs/content?roomID=1&worldID=0&logType=runtime&lines=24
[DMP] 2026-06-09 23:26:56 | 200 |     170.292µs |             ::1 | GET     /v3/logs/content?roomID=1&worldID=0&logType=runtime&lines=24
[DMP] 2026-06-09 23:26:58 | 200 |     275.167µs |             ::1 | GET     /v3/logs/content?roomID=1&worldID=0&logType=runtime&lines=24
[DMP] 2026-06-09 23:27:00 | 200 |     343.167µs |             ::1 | GET     /v3/logs/content?roomID=1&worldID=0&logType=runtime&lines=24
[DMP] 2026-06-09 23:27:02 | 200 |     203.459µs |             ::1 | GET     /v3/logs/content?roomID=1&worldID=0&logType=runtime&lines=24
[DMP] 2026-06-09 23:27:04 | 200 |     390.667µs |             ::1 | GET     /v3/logs/content?roomID=1&worldID=0&logType=runtime&lines=24
[DMP] 2026-06-09 23:27:06 | 200 |     186.084µs |             ::1 | GET     /v3/logs/content?roomID=1&worldID=0&logType=runtime&lines=24
[DMP] 2026-06-09 23:27:08 | 200 |      217.25µs |             ::1 | GET     /v3/logs/content?roomID=1&worldID=0&logType=runtime&lines=24
[DMP] 2026-06-09 23:27:10 | 200 |     193.417µs |             ::1 | GET     /v3/logs/content?roomID=1&worldID=0&logType=runtime&lines=24
[DMP] 2026-06-09 23:27:12 | 200 |     153.458µs |             ::1 | GET     /v3/logs/content?roomID=1&worldID=0&logType=runtime&lines=24
[DMP] 2026-06-09 23:27:14 | 200 |     363.333µs |             ::1 | GET     /v3/logs/content?roomID=1&worldID=0&logType=runtime&lines=24
[DMP] 2026-06-09 23:27:16 | 200 |     584.833µs |             ::1 | GET     /v3/logs/content?roomID=1&worldID=0&logType=runtime&lines=24
[DMP] 2026-06-09 23:27:18 | 200 |     261.708µs |             ::1 | GET     /v3/logs/content?roomID=1&worldID=0&logType=runtime&lines=24
[DMP] 2026-06-09 23:27:20 | 200 |     206.833µs |             ::1 | GET     /v3/logs/content?roomID=1&worldID=0&logType=runtime&lines=24
[DMP] 2026-06-09 23:27:22 | 200 |      226.25µs |             ::1 | GET     /v3/logs/content?roomID=1&worldID=0&logType=runtime&lines=24
[DMP] 2026-06-09 23:27:24 | 200 |      307.25µs |             ::1 | GET     /v3/logs/content?roomID=1&worldID=0&logType=runtime&lines=24
[DMP] 2026-06-09 23:27:26 | 200 |      497.25µs |             ::1 | GET     /v3/logs/content?roomID=1&worldID=0&logType=runtime&lines=24
[DMP] 2026-06-09 23:27:28 | 200 |     324.916µs |             ::1 | GET     /v3/logs/content?roomID=1&worldID=0&logType=runtime&lines=24
[DMP] 2026-06-09 23:27:30 | 200 |     195.042µs |             ::1 | GET     /v3/logs/content?roomID=1&worldID=0&logType=runtime&lines=24
[DMP] 2026-06-09 23:27:32 | 200 |     377.708µs |             ::1 | GET     /v3/logs/content?roomID=1&worldID=0&logType=runtime&lines=24
[DMP] 2026-06-09 23:27:34 | 200 |     193.125µs |             ::1 | GET     /v3/logs/content?roomID=1&worldID=0&logType=runtime&lines=24
[DMP] 2026-06-09 23:27:36 | 200 |     167.708µs |             ::1 | GET     /v3/logs/content?roomID=1&worldID=0&logType=runtime&lines=24
[DMP] 2026-06-09 23:27:38 | 200 |     337.917µs |             ::1 | GET     /v3/logs/content?roomID=1&worldID=0&logType=runtime&lines=24
[DMP] 2026-06-09 23:27:40 | 200 |     299.792µs |             ::1 | GET     /v3/logs/content?roomID=1&worldID=0&logType=runtime&lines=24
[DMP] 2026-06-09 23:27:42 | 200 |     313.666µs |             ::1 | GET     /v3/logs/content?roomID=1&worldID=0&logType=runtime&lines=24
[DMP] 2026-06-09 23:27:44 | 200 |     211.167µs |             ::1 | GET     /v3/logs/content?roomID=1&worldID=0&logType=runtime&lines=24
[DMP] 2026-06-09 23:27:46 | 200 |     240.791µs |             ::1 | GET     /v3/logs/content?roomID=1&worldID=0&logType=runtime&lines=24
[DMP] 2026-06-09 23:27:48 | 200 |     173.375µs |             ::1 | GET     /v3/logs/content?roomID=1&worldID=0&logType=runtime&lines=24
[DMP] 2026-06-09 23:27:50 | 200 |     222.166µs |             ::1 | GET     /v3/logs/content?roomID=1&worldID=0&logType=runtime&lines=24
[DMP] 2026-06-09 23:27:52 | 200 |     190.542µs |             ::1 | GET     /v3/logs/content?roomID=1&worldID=0&logType=runtime&lines=24
[DMP] 2026-06-09 23:27:54 | 200 |     265.459µs |             ::1 | GET     /v3/logs/content?roomID=1&worldID=0&logType=runtime&lines=24
[DMP] 2026-06-09 23:27:56 | 200 |     224.959µs |             ::1 | GET     /v3/logs/content?roomID=1&worldID=0&logType=runtime&lines=24
[DMP] 2026-06-09 23:27:58 | 200 |     284.291µs |             ::1 | GET     /v3/logs/content?roomID=1&worldID=0&logType=runtime&lines=24
[DMP] 2026-06-09 23:28:00 | 200 |     253.917µs |             ::1 | GET     /v3/logs/content?roomID=1&worldID=0&logType=runtime&lines=24
[DMP] 2026-06-09 23:28:02 | 200 |     246.667µs |             ::1 | GET     /v3/logs/content?roomID=1&worldID=0&logType=runtime&lines=24
[DMP] 2026-06-09 23:28:04 | 200 |     270.084µs |             ::1 | GET     /v3/logs/content?roomID=1&worldID=0&logType=runtime&lines=24
[DMP] 2026-06-09 23:28:06 | 200 |     394.291µs |             ::1 | GET     /v3/logs/content?roomID=1&worldID=0&logType=runtime&lines=24
[DMP] 2026-06-09 23:28:08 | 200 |     243.625µs |             ::1 | GET     /v3/logs/content?roomID=1&worldID=0&logType=runtime&lines=24
[DMP] 2026-06-09 23:28:10 | 200 |     324.875µs |             ::1 | GET     /v3/logs/content?roomID=1&worldID=0&logType=runtime&lines=24
[DMP] 2026-06-09 23:28:12 | 200 |     210.875µs |             ::1 | GET     /v3/logs/content?roomID=1&worldID=0&logType=runtime&lines=24
[DMP] 2026-06-09 23:28:14 | 200 |     180.958µs |             ::1 | GET     /v3/logs/content?roomID=1&worldID=0&logType=runtime&lines=24
[DMP] 2026-06-09 23:28:16 | 200 |      421.75µs |             ::1 | GET     /v3/logs/content?roomID=1&worldID=0&logType=runtime&lines=24
[DMP] 2026-06-09 23:28:18 | 200 |     476.334µs |             ::1 | GET     /v3/logs/content?roomID=1&worldID=0&logType=runtime&lines=24
[DMP] 2026-06-09 23:28:20 | 200 |     445.666µs |             ::1 | GET     /v3/logs/content?roomID=1&worldID=0&logType=runtime&lines=24
[DMP] 2026-06-09 23:28:22 | 200 |     167.375µs |             ::1 | GET     /v3/logs/content?roomID=1&worldID=0&logType=runtime&lines=24
[DMP] 2026-06-09 23:28:24 | 200 |     211.583µs |             ::1 | GET     /v3/logs/content?roomID=1&worldID=0&logType=runtime&lines=24
[DMP] 2026-06-09 23:28:26 | 200 |     230.541µs |             ::1 | GET     /v3/logs/content?roomID=1&worldID=0&logType=runtime&lines=24
[DMP] 2026-06-09 23:28:28 | 200 |     237.375µs |             ::1 | GET     /v3/logs/content?roomID=1&worldID=0&logType=runtime&lines=24
[DMP] 2026-06-09 23:28:30 | 200 |     244.375µs |             ::1 | GET     /v3/logs/content?roomID=1&worldID=0&logType=runtime&lines=24
[DMP] 2026-06-09 23:28:32 | 200 |     289.875µs |             ::1 | GET     /v3/logs/content?roomID=1&worldID=0&logType=runtime&lines=24
[DMP] 2026-06-09 23:28:34 | 200 |     227.167µs |             ::1 | GET     /v3/logs/content?roomID=1&worldID=0&logType=runtime&lines=24
[DMP] 2026-06-09 23:28:36 | 200 |       162.5µs |             ::1 | GET     /v3/logs/content?roomID=1&worldID=0&logType=runtime&lines=24
[DMP] 2026-06-09 23:28:38 | 200 |     300.375µs |             ::1 | GET     /v3/logs/content?roomID=1&worldID=0&logType=runtime&lines=24
[DMP] 2026-06-09 23:28:40 | 200 |     351.125µs |             ::1 | GET     /v3/logs/content?roomID=1&worldID=0&logType=runtime&lines=24
[DMP] 2026-06-09 23:28:42 | 200 |     237.125µs |             ::1 | GET     /v3/logs/content?roomID=1&worldID=0&logType=runtime&lines=24
[DMP] 2026-06-09 23:28:44 | 200 |     267.417µs |             ::1 | GET     /v3/logs/content?roomID=1&worldID=0&logType=runtime&lines=24
[DMP] 2026-06-09 23:28:46 | 200 |     333.417µs |             ::1 | GET     /v3/logs/content?roomID=1&worldID=0&logType=runtime&lines=24
[DMP] 2026-06-09 23:28:48 | 200 |     195.916µs |             ::1 | GET     /v3/logs/content?roomID=1&worldID=0&logType=runtime&lines=24
[DMP] 2026-06-09 23:28:50 | 200 |      224.75µs |             ::1 | GET     /v3/logs/content?roomID=1&worldID=0&logType=runtime&lines=24
[DMP] 2026-06-09 23:28:52 | 200 |      455.75µs |             ::1 | GET     /v3/logs/content?roomID=1&worldID=0&logType=runtime&lines=24
[DMP] 2026-06-09 23:28:54 | 200 |     302.917µs |             ::1 | GET     /v3/logs/content?roomID=1&worldID=0&logType=runtime&lines=24
[DMP] 2026-06-09 23:28:56 | 200 |     309.542µs |             ::1 | GET     /v3/logs/content?roomID=1&worldID=0&logType=runtime&lines=24
[DMP] 2026-06-09 23:28:58 | 200 |     239.166µs |             ::1 | GET     /v3/logs/content?roomID=1&worldID=0&logType=runtime&lines=24
[DMP] 2026-06-09 23:29:00 | 200 |     233.166µs |             ::1 | GET     /v3/logs/content?roomID=1&worldID=0&logType=runtime&lines=24
[DMP] 2026-06-09 23:29:02 | 200 |     200.833µs |             ::1 | GET     /v3/logs/content?roomID=1&worldID=0&logType=runtime&lines=24
[DMP] 2026-06-09 23:29:04 | 200 |     204.417µs |             ::1 | GET     /v3/logs/content?roomID=1&worldID=0&logType=runtime&lines=24
[DMP] 2026-06-09 23:29:06 | 200 |      337.25µs |             ::1 | GET     /v3/logs/content?roomID=1&worldID=0&logType=runtime&lines=24
[DMP] 2026-06-09 23:29:08 | 200 |     312.333µs |             ::1 | GET     /v3/logs/content?roomID=1&worldID=0&logType=runtime&lines=24
[DMP] 2026-06-09 23:29:10 | 200 |     267.292µs |             ::1 | GET     /v3/logs/content?roomID=1&worldID=0&logType=runtime&lines=24
[DMP] 2026-06-09 23:29:12 | 200 |     372.791µs |             ::1 | GET     /v3/logs/content?roomID=1&worldID=0&logType=runtime&lines=24
[DMP] 2026-06-09 23:29:14 | 200 |     197.917µs |             ::1 | GET     /v3/logs/content?roomID=1&worldID=0&logType=runtime&lines=24
[DMP] 2026-06-09 23:29:16 | 200 |       324.5µs |             ::1 | GET     /v3/logs/content?roomID=1&worldID=0&logType=runtime&lines=24
[DMP] 2026-06-09 23:29:18 | 200 |     287.041µs |             ::1 | GET     /v3/logs/content?roomID=1&worldID=0&logType=runtime&lines=24
[DMP] 2026-06-09 23:29:20 | 200 |     208.792µs |             ::1 | GET     /v3/logs/content?roomID=1&worldID=0&logType=runtime&lines=24
[DMP] 2026-06-09 23:29:22 | 200 |      227.75µs |             ::1 | GET     /v3/logs/content?roomID=1&worldID=0&logType=runtime&lines=24
[DMP] 2026-06-09 23:29:24 | 200 |     209.625µs |             ::1 | GET     /v3/logs/content?roomID=1&worldID=0&logType=runtime&lines=24
[DMP] 2026-06-09 23:29:26 | 200 |     261.125µs |             ::1 | GET     /v3/logs/content?roomID=1&worldID=0&logType=runtime&lines=24
[DMP] 2026-06-09 23:29:28 | 200 |     362.416µs |             ::1 | GET     /v3/logs/content?roomID=1&worldID=0&logType=runtime&lines=24
[DMP] 2026-06-09 23:29:30 | 200 |     611.667µs |             ::1 | GET     /v3/logs/content?roomID=1&worldID=0&logType=runtime&lines=24
[DMP] 2026-06-09 23:29:32 | 200 |     194.458µs |             ::1 | GET     /v3/logs/content?roomID=1&worldID=0&logType=runtime&lines=24
[DMP] 2026-06-09 23:29:34 | 200 |     222.292µs |             ::1 | GET     /v3/logs/content?roomID=1&worldID=0&logType=runtime&lines=24
[DMP] 2026-06-09 23:29:36 | 200 |     197.334µs |             ::1 | GET     /v3/logs/content?roomID=1&worldID=0&logType=runtime&lines=24
[DMP] 2026-06-09 23:29:38 | 200 |     180.459µs |             ::1 | GET     /v3/logs/content?roomID=1&worldID=0&logType=runtime&lines=24
[DMP] 2026-06-09 23:29:40 | 200 |      186.25µs |             ::1 | GET     /v3/logs/content?roomID=1&worldID=0&logType=runtime&lines=24
[DMP] 2026-06-09 23:29:42 | 200 |       233.5µs |             ::1 | GET     /v3/logs/content?roomID=1&worldID=0&logType=runtime&lines=24
[DMP] 2026-06-09 23:29:44 | 200 |     293.666µs |             ::1 | GET     /v3/logs/content?roomID=1&worldID=0&logType=runtime&lines=24
[DMP] 2026-06-09 23:29:46 | 200 |     206.292µs |             ::1 | GET     /v3/logs/content?roomID=1&worldID=0&logType=runtime&lines=24
[DMP] 2026-06-09 23:29:48 | 200 |     289.208µs |             ::1 | GET     /v3/logs/content?roomID=1&worldID=0&logType=runtime&lines=24
[DMP] 2026-06-09 23:29:50 | 200 |     208.542µs |             ::1 | GET     /v3/logs/content?roomID=1&worldID=0&logType=runtime&lines=24
[DMP] 2026-06-09 23:29:52 | 200 |     395.833µs |             ::1 | GET     /v3/logs/content?roomID=1&worldID=0&logType=runtime&lines=24
[DMP] 2026-06-09 23:29:54 | 200 |     236.708µs |             ::1 | GET     /v3/logs/content?roomID=1&worldID=0&logType=runtime&lines=24
[DMP] 2026-06-09 23:29:56 | 200 |     288.125µs |             ::1 | GET     /v3/logs/content?roomID=1&worldID=0&logType=runtime&lines=24
[DMP] 2026-06-09 23:29:58 | 200 |     247.333µs |             ::1 | GET     /v3/logs/content?roomID=1&worldID=0&logType=runtime&lines=24
[DMP] 2026-06-09 23:30:00 | 200 |     365.542µs |             ::1 | GET     /v3/logs/content?roomID=1&worldID=0&logType=runtime&lines=24
[DMP] 2026-06-09 23:30:02 | 200 |     186.041µs |             ::1 | GET     /v3/logs/content?roomID=1&worldID=0&logType=runtime&lines=24
[DMP] 2026-06-09 23:30:04 | 200 |      199.75µs |             ::1 | GET     /v3/logs/content?roomID=1&worldID=0&logType=runtime&lines=24
[DMP] 2026-06-09 23:30:06 | 200 |       692.5µs |             ::1 | GET     /v3/logs/content?roomID=1&worldID=0&logType=runtime&lines=24
[DMP] 2026-06-09 23:30:08 | 200 |     204.042µs |             ::1 | GET     /v3/logs/content?roomID=1&worldID=0&logType=runtime&lines=24
[DMP] 2026-06-09 23:30:10 | 200 |     278.958µs |             ::1 | GET     /v3/logs/content?roomID=1&worldID=0&logType=runtime&lines=24
[DMP] 2026-06-09 23:30:12 | 200 |       174.5µs |             ::1 | GET     /v3/logs/content?roomID=1&worldID=0&logType=runtime&lines=24
[DMP] 2026-06-09 23:30:14 | 200 |     218.542µs |             ::1 | GET     /v3/logs/content?roomID=1&worldID=0&logType=runtime&lines=24
[DMP] 2026-06-09 23:30:16 | 200 |      219.75µs |             ::1 | GET     /v3/logs/content?roomID=1&worldID=0&logType=runtime&lines=24
[DMP] 2026-06-09 23:30:18 | 200 |     267.625µs |             ::1 | GET     /v3/logs/content?roomID=1&worldID=0&logType=runtime&lines=24
[DMP] 2026-06-09 23:30:20 | 200 |     196.916µs |             ::1 | GET     /v3/logs/content?roomID=1&worldID=0&logType=runtime&lines=24
[DMP] 2026-06-09 23:30:22 | 200 |     197.167µs |             ::1 | GET     /v3/logs/content?roomID=1&worldID=0&logType=runtime&lines=24
[DMP] 2026-06-09 23:30:24 | 200 |     207.167µs |             ::1 | GET     /v3/logs/content?roomID=1&worldID=0&logType=runtime&lines=24
[DMP] 2026-06-09 23:30:26 | 200 |     264.333µs |             ::1 | GET     /v3/logs/content?roomID=1&worldID=0&logType=runtime&lines=24
[DMP] 2026-06-09 23:30:28 | 200 |     414.459µs |             ::1 | GET     /v3/logs/content?roomID=1&worldID=0&logType=runtime&lines=24
[DMP] 2026-06-09 23:30:30 | 200 |     208.875µs |             ::1 | GET     /v3/logs/content?roomID=1&worldID=0&logType=runtime&lines=24
[DMP] 2026-06-09 23:30:32 | 200 |      336.75µs |             ::1 | GET     /v3/logs/content?roomID=1&worldID=0&logType=runtime&lines=24
[DMP] 2026-06-09 23:30:34 | 200 |       288.5µs |             ::1 | GET     /v3/logs/content?roomID=1&worldID=0&logType=runtime&lines=24
[DMP] 2026-06-09 23:30:36 | 200 |     225.958µs |             ::1 | GET     /v3/logs/content?roomID=1&worldID=0&logType=runtime&lines=24
[DMP] 2026-06-09 23:30:38 | 200 |     177.875µs |             ::1 | GET     /v3/logs/content?roomID=1&worldID=0&logType=runtime&lines=24
[DMP] 2026-06-09 23:30:39 | 200 |     205.333µs |             ::1 | GET     /v3/dashboard/info/sys
[DMP] 2026-06-09 23:30:39 | 200 |  360.014333ms |             ::1 | GET     /v3/dashboard/info/base?roomID=1
[DMP] 2026-06-09 23:30:39 | 200 |         899µs |             ::1 | GET     /v3/dashboard/connection_code?roomID=1
[DMP] 2026-06-09 23:30:41 | 200 |         152µs |             ::1 | GET     /v3/dashboard/info/sys
[DMP] 2026-06-09 23:30:43 | 200 |  148.196416ms |             ::1 | POST    /v3/dashboard/exec/game
[DMP] 2026-06-09 23:30:43 | 200 |     107.208µs |             ::1 | GET     /v3/dashboard/info/sys
[DMP] 2026-06-09 23:30:43 | 200 |  618.023791ms |             ::1 | GET     /v3/dashboard/info/base?roomID=1
[DMP] 2026-06-09 23:30:45 | 200 |    2.216167ms |             ::1 | GET     /v3/room/list?gameName=&page=1&pageSize=4
[DMP] 2026-06-09 23:30:49 | 200 |  2.058420042s |             ::1 | POST    /v3/room/deactivate
[DMP] 2026-06-09 23:30:49 | 200 |     828.959µs |             ::1 | GET     /v3/room/list?gameName=&page=1&pageSize=4
[DMP] 2026-06-09 23:30:51 | 200 |  179.591458ms |             ::1 | POST    /v3/room/activate
[DMP] 2026-06-09 23:30:51 | 200 |     1.77825ms |             ::1 | GET     /v3/room/list?gameName=&page=1&pageSize=4
[DMP] 2026-06-09 23:30:54 | 200 |     792.083µs |             ::1 | GET     /v3/dashboard/info/sys
[DMP] 2026-06-09 23:30:54 | 200 |  605.490042ms |             ::1 | GET     /v3/dashboard/info/base?roomID=1
[DMP] 2026-06-09 23:30:54 | 200 |     760.917µs |             ::1 | GET     /v3/dashboard/connection_code?roomID=1
[DMP] 2026-06-09 23:30:56 | 200 |  167.988417ms |             ::1 | POST    /v3/dashboard/exec/game
[DMP] 2026-06-09 23:30:56 | 200 |     162.709µs |             ::1 | GET     /v3/dashboard/info/sys
[DMP] 2026-06-09 23:30:57 | 200 |  673.650625ms |             ::1 | GET     /v3/dashboard/info/base?roomID=1
[DMP] 2026-06-09 23:30:58 | 200 |     134.334µs |             ::1 | GET     /v3/dashboard/info/sys
[DMP] 2026-06-09 23:31:00 | 200 |       85.75µs |             ::1 | GET     /v3/dashboard/info/sys
[DMP] 2026-06-09 23:31:04 | 200 |     239.625µs |             ::1 | GET     /v3/logs/content?roomID=1&worldID=0&logType=runtime&lines=24
[DMP] 2026-06-09 23:31:06 | 200 |     176.375µs |             ::1 | GET     /v3/logs/content?roomID=1&worldID=0&logType=runtime&lines=24
[DMP] 2026-06-09 23:31:08 | 200 |     171.583µs |             ::1 | GET     /v3/logs/content?roomID=1&worldID=0&logType=runtime&lines=24
[DMP] 2026-06-09 23:31:10 | 200 |     191.041µs |             ::1 | GET     /v3/logs/content?roomID=1&worldID=0&logType=runtime&lines=24
[DMP] 2026-06-09 23:34:38 | 200 |    2.081542ms |             ::1 | GET     /
[DMP] 2026-06-09 23:34:38 | 200 |       33.25µs |             ::1 | GET     /loader.css
[DMP] 2026-06-09 23:34:38 | 200 |     283.667µs |             ::1 | GET     /dmp.svg
[DMP] 2026-06-09 23:34:38 | 200 |    3.327792ms |             ::1 | GET     /assets/index-DX6aT22F.js
[DMP] 2026-06-09 23:34:38 | 200 |    6.921875ms |             ::1 | GET     /assets/index-B8H_cGqH.css
[DMP] 2026-06-09 23:34:38 | 200 |    2.189458ms |             ::1 | GET     /assets/ZhuZiAYuanJWD-QsAh7QwZ.woff2
[DMP] 2026-06-09 23:34:38 | 200 |      27.875µs |             ::1 | GET     /assets/blank-DhKRzYp_.js
[DMP] 2026-06-09 23:34:38 | 200 |          26µs |             ::1 | GET     /assets/blank-CExWZhJD.css
[DMP] 2026-06-09 23:34:38 | 200 |     880.333µs |             ::1 | GET     /assets/VList-sXS2G4RN.js
[DMP] 2026-06-09 23:34:38 | 200 |    1.218334ms |             ::1 | GET     /assets/ssrBoot-DH6vmL6r.js
[DMP] 2026-06-09 23:34:38 | 200 |     937.125µs |             ::1 | GET     /assets/transitions-DltpVA_R.js
[DMP] 2026-06-09 23:34:38 | 200 |       123.5µs |             ::1 | GET     /assets/VList-XzlumDsQ.css
[DMP] 2026-06-09 23:34:38 | 200 |       1.989ms |             ::1 | GET     /assets/login-Bpu7NfXJ.js
[DMP] 2026-06-09 23:34:38 | 200 |     504.084µs |             ::1 | GET     /assets/NavHeader-BFVKte6P.js
[DMP] 2026-06-09 23:34:38 | 200 |      23.458µs |             ::1 | GET     /assets/VMenu-B5Z3xNKL.css
[DMP] 2026-06-09 23:34:38 | 200 |      31.083µs |             ::1 | GET     /assets/VTooltip-BM7CWzvj.css
[DMP] 2026-06-09 23:34:38 | 200 |      41.083µs |             ::1 | GET     /assets/VBadge-C4umDbX3.css
[DMP] 2026-06-09 23:34:38 | 200 |      52.208µs |             ::1 | GET     /assets/NavHeader-DmtNGx9N.css
[DMP] 2026-06-09 23:34:38 | 200 |      45.625µs |             ::1 | GET     /assets/VDialog-BAhN0CPI.css
[DMP] 2026-06-09 23:34:38 | 200 |     170.375µs |             ::1 | GET     /assets/VTextField-DO210nuN.css
[DMP] 2026-06-09 23:34:38 | 200 |    1.043792ms |             ::1 | GET     /assets/VChip-DHyjCp9r.css
[DMP] 2026-06-09 23:34:38 | 200 |       118.5µs |             ::1 | GET     /assets/VInput-LJmBwxtu.css
[DMP] 2026-06-09 23:34:39 | 200 |     399.125µs |             ::1 | GET     /assets/VRow-Dd63ltWq.css
[DMP] 2026-06-09 23:34:39 | 200 |      18.459µs |             ::1 | GET     /assets/VSpacer-izdAGX-2.css
[DMP] 2026-06-09 23:34:39 | 200 |      36.833µs |             ::1 | GET     /assets/login-Bw2DmugQ.css
[DMP] 2026-06-09 23:34:39 | 200 |      94.959µs |             ::1 | GET     /assets/VMenu-D74M-2j1.js
[DMP] 2026-06-09 23:34:39 | 200 |      48.625µs |             ::1 | GET     /assets/VTooltip-Ca8vvEWq.js
[DMP] 2026-06-09 23:34:39 | 200 |     526.458µs |             ::1 | GET     /assets/tooltip-MiE0SSnw.js
[DMP] 2026-06-09 23:34:39 | 200 |     217.792µs |             ::1 | GET     /assets/VTextField-DbNMGM8m.js
[DMP] 2026-06-09 23:34:39 | 200 |     611.459µs |             ::1 | GET     /assets/VInput-DDHsFiip.js
[DMP] 2026-06-09 23:34:39 | 200 |    1.496042ms |             ::1 | GET     /assets/VChip-Ci8C1TXg.js
[DMP] 2026-06-09 23:34:39 | 200 |      35.708µs |             ::1 | GET     /assets/VRow-ED8P4uE8.js
[DMP] 2026-06-09 23:34:39 | 200 |      11.084µs |             ::1 | GET     /assets/VCol-Cso820yo.js
[DMP] 2026-06-09 23:34:39 | 200 |       8.708µs |             ::1 | GET     /assets/VDialog-D7EevxY9.js
[DMP] 2026-06-09 23:34:39 | 200 |      21.125µs |             ::1 | GET     /assets/VForm-D0ThlYrn.js
[DMP] 2026-06-09 23:34:39 | 200 |      64.459µs |             ::1 | GET     /assets/VBadge-Dggh-7xk.js
[DMP] 2026-06-09 23:34:39 | 200 |      26.125µs |             ::1 | GET     /assets/user-BV3kAaw7.js
[DMP] 2026-06-09 23:34:39 | 200 |       8.333µs |             ::1 | GET     /assets/VSpacer-hKnb7AO8.js
[DMP] 2026-06-09 23:34:39 | 200 |     223.417µs |             ::1 | GET     /assets/colors-ZeNeb7aC.js
[DMP] 2026-06-09 23:34:39 | 200 |         183µs |             ::1 | GET     /assets/axios-NA08nQbD.js
[DMP] 2026-06-09 23:34:39 | 200 |     188.458µs |             ::1 | GET     /favicon.ico
[DMP] 2026-06-09 23:34:39 | 200 |     333.125µs |             ::1 | GET     /v3/user/register
[DMP] 2026-06-09 23:34:42 | 200 |     185.667µs |             ::1 | GET     /assets/Dst_Emoji_ChangGeMenTu-BhrCtzw1.ttf
[DMP] 2026-06-09 23:34:43 | 200 |   83.657959ms |             ::1 | POST    /v3/user/login
[DMP] 2026-06-09 23:34:43 | 200 |     376.375µs |             ::1 | GET     /v3/user/base
[DMP] 2026-06-09 23:34:43 | 200 |      68.792µs |             ::1 | GET     /v3/user/menu
[DMP] 2026-06-09 23:34:43 | 200 |     303.792µs |             ::1 | GET     /assets/default-DVdrG0Be.js
[DMP] 2026-06-09 23:34:43 | 200 |      95.917µs |             ::1 | GET     /assets/VListItemAction-DnsV90zU.js
[DMP] 2026-06-09 23:34:43 | 200 |      71.084µs |             ::1 | GET     /assets/room-CC6ffVqu.js
[DMP] 2026-06-09 23:34:43 | 200 |      99.541µs |             ::1 | GET     /assets/eventBus-W_rhoHEE.js
[DMP] 2026-06-09 23:34:43 | 200 |     251.375µs |             ::1 | GET     /assets/platform-CDGbNDLN.js
[DMP] 2026-06-09 23:34:43 | 200 |       45.25µs |             ::1 | GET     /assets/default-D2pfjRme.css
[DMP] 2026-06-09 23:34:43 | 200 |      11.416µs |             ::1 | GET     /assets/VPagination-DhQZiiFl.css
[DMP] 2026-06-09 23:34:43 | 200 |          34µs |             ::1 | GET     /assets/VAlert-DJzjTb47.css
[DMP] 2026-06-09 23:34:43 | 200 |       6.709µs |             ::1 | GET     /assets/ConfirmBox-Dl9KDCIE.css
[DMP] 2026-06-09 23:34:43 | 200 |       19.75µs |             ::1 | GET     /assets/VContainer-ySpYEHpu.css
[DMP] 2026-06-09 23:34:43 | 200 |          33µs |             ::1 | GET     /assets/rooms-DBC4VRsN.js
[DMP] 2026-06-09 23:34:43 | 200 |      50.666µs |             ::1 | GET     /assets/dist-DrBkUWdl.js
[DMP] 2026-06-09 23:34:43 | 200 |     226.958µs |             ::1 | GET     /assets/vue3-count-to.esm-48Q9akvJ.js
[DMP] 2026-06-09 23:34:43 | 200 |     232.708µs |             ::1 | GET     /assets/VPagination-BGM4Nwo2.js
[DMP] 2026-06-09 23:34:43 | 200 |      43.041µs |             ::1 | GET     /assets/api-DhOFK6FL.js
[DMP] 2026-06-09 23:34:43 | 200 |     184.084µs |             ::1 | GET     /assets/VSparkline-ugGo-fZC.js
[DMP] 2026-06-09 23:34:43 | 200 |      48.417µs |             ::1 | GET     /assets/VAlert-CFXNR38f.js
[DMP] 2026-06-09 23:34:43 | 200 |      37.167µs |             ::1 | GET     /assets/ConfirmBox-5TgqNvL0.js
[DMP] 2026-06-09 23:34:43 | 200 |      47.875µs |             ::1 | GET     /assets/Result-CsPMKhZ7.js
[DMP] 2026-06-09 23:34:43 | 200 |      59.833µs |             ::1 | GET     /assets/VContainer-DYUCMCwR.js
[DMP] 2026-06-09 23:34:43 | 200 |     505.709µs |             ::1 | GET     /v3/platform/game_version
[DMP] 2026-06-09 23:34:43 | 200 |     929.292µs |             ::1 | GET     /v3/room/list?gameName=&page=1&pageSize=4
[DMP] 2026-06-09 23:34:43 | 200 |     203.625µs |             ::1 | GET     /assets/avatar-1-CxOKCzdw.png
[DMP] 2026-06-09 23:34:43 | 200 |     284.916µs |             ::1 | GET     /v3/room/basic
[DMP] 2026-06-09 23:34:46 | 200 |      58.667µs |             ::1 | GET     /assets/filter-eAE18c8c.js
[DMP] 2026-06-09 23:34:46 | 200 |       876.5µs |             ::1 | GET     /assets/dashboard-DHHnEwQP.js
[DMP] 2026-06-09 23:34:46 | 200 |     459.875µs |             ::1 | GET     /assets/VDataTable-Cgafl6p6.js
[DMP] 2026-06-09 23:34:46 | 200 |     396.916µs |             ::1 | GET     /assets/preview-COGjbazB.css
[DMP] 2026-06-09 23:34:46 | 200 |    1.203916ms |             ::1 | GET     /assets/VSelectionControl-CvBDGzuM.js
[DMP] 2026-06-09 23:34:46 | 200 |    4.081458ms |             ::1 | GET     /assets/preview-zjfuaHi3.js
[DMP] 2026-06-09 23:34:46 | 200 |      26.959µs |             ::1 | GET     /assets/VRadioGroup-CTaWno3b.css
[DMP] 2026-06-09 23:34:46 | 200 |       77.25µs |             ::1 | GET     /assets/VTable-Zz8VJdBA.css
[DMP] 2026-06-09 23:34:46 | 200 |      43.125µs |             ::1 | GET     /assets/VNumberInput-D_pvjVZS.css
[DMP] 2026-06-09 23:34:46 | 200 |      59.958µs |             ::1 | GET     /assets/VSelectionControl-CgKG0efP.css
[DMP] 2026-06-09 23:34:46 | 200 |     125.584µs |             ::1 | GET     /assets/VSelect-BMtlZwD6.css
[DMP] 2026-06-09 23:34:46 | 200 |     660.125µs |             ::1 | GET     /assets/VDataTable-zOhmX82s.css
[DMP] 2026-06-09 23:34:46 | 200 |      30.125µs |             ::1 | GET     /assets/VSwitch-B0fk6FAq.css
[DMP] 2026-06-09 23:34:46 | 200 |      61.042µs |             ::1 | GET     /assets/VSkeletonLoader-BEXCRMyw.css
[DMP] 2026-06-09 23:34:46 | 200 |      86.166µs |             ::1 | GET     /assets/VSelect-DKGKtXG1.js
[DMP] 2026-06-09 23:34:46 | 200 |      18.542µs |             ::1 | GET     /assets/VTable-BLX0BzDC.js
[DMP] 2026-06-09 23:34:46 | 200 |      277.75µs |             ::1 | GET     /assets/VNumberInput-8mGAWxDw.js
[DMP] 2026-06-09 23:34:46 | 200 |      16.334µs |             ::1 | GET     /assets/VRadioGroup-BWuS0MIY.js
[DMP] 2026-06-09 23:34:46 | 200 |      19.958µs |             ::1 | GET     /assets/VSkeletonLoader-BjQjz2_e.js
[DMP] 2026-06-09 23:34:46 | 200 |      19.625µs |             ::1 | GET     /assets/VSwitch-DAGkKvlx.js
[DMP] 2026-06-09 23:34:46 | 200 |     181.875µs |             ::1 | GET     /v3/dashboard/info/sys
[DMP] 2026-06-09 23:34:46 | 200 |  176.104834ms |             ::1 | GET     /v3/dashboard/info/base?roomID=1
[DMP] 2026-06-09 23:34:46 | 200 |      827.75µs |             ::1 | GET     /v3/dashboard/connection_code?roomID=1
[DMP] 2026-06-09 23:34:48 | 200 |   20.294416ms |             ::1 | POST    /v3/dashboard/exec/game
[DMP] 2026-06-09 23:34:48 | 200 |     172.583µs |             ::1 | GET     /v3/dashboard/info/sys
[DMP] 2026-06-09 23:34:48 | 200 |  168.406792ms |             ::1 | GET     /v3/dashboard/info/base?roomID=1
[DMP] 2026-06-09 23:34:50 | 200 |     125.708µs |             ::1 | GET     /v3/dashboard/info/sys
[DMP] 2026-06-09 23:34:50 | 200 |   15.592458ms |             ::1 | POST    /v3/dashboard/exec/game
[DMP] 2026-06-09 23:34:50 | 200 |    168.3055ms |             ::1 | GET     /v3/dashboard/info/base?roomID=1
[DMP] 2026-06-09 23:34:51 | 200 |   17.613167ms |             ::1 | POST    /v3/dashboard/exec/game
[DMP] 2026-06-09 23:34:51 | 200 |  183.050917ms |             ::1 | GET     /v3/dashboard/info/base?roomID=1
[DMP] 2026-06-09 23:34:52 | 200 |     103.917µs |             ::1 | GET     /v3/dashboard/info/sys
[DMP] 2026-06-09 23:34:54 | 200 |      72.209µs |             ::1 | GET     /v3/dashboard/info/sys
[DMP] 2026-06-09 23:34:56 | 200 |   16.811541ms |             ::1 | POST    /v3/dashboard/exec/game
[DMP] 2026-06-09 23:34:56 | 200 |     109.625µs |             ::1 | GET     /v3/dashboard/info/sys
[DMP] 2026-06-09 23:34:56 | 200 |  197.802125ms |             ::1 | GET     /v3/dashboard/info/base?roomID=1
[DMP] 2026-06-09 23:34:56 | 200 |     173.691ms |             ::1 | GET     /v3/dashboard/info/base?roomID=1
[DMP] 2026-06-09 23:34:58 | 200 |     357.958µs |             ::1 | GET     /v3/dashboard/info/sys
[DMP] 2026-06-09 23:34:59 | 200 |      31.416µs |             ::1 | GET     /assets/runtime-C_YhoJru.js
[DMP] 2026-06-09 23:34:59 | 200 |      13.667µs |             ::1 | GET     /assets/logs-xkzV_pEG.js
[DMP] 2026-06-09 23:34:59 | 200 |      10.917µs |             ::1 | GET     /assets/log-DWr6Dcj-.css
[DMP] 2026-06-09 23:34:59 | 200 |      27.208µs |             ::1 | GET     /assets/log-nXe8oOwy.js
[DMP] 2026-06-09 23:34:59 | 200 |       56.25µs |             ::1 | GET     /assets/singleLog-BjhhVR9E.js
[DMP] 2026-06-09 23:35:01 | 200 |     445.708µs |             ::1 | GET     /v3/logs/content?roomID=1&worldID=0&logType=runtime&lines=24
[DMP] 2026-06-09 23:35:03 | 200 |     399.583µs |             ::1 | GET     /v3/logs/content?roomID=1&worldID=0&logType=runtime&lines=24
[DMP] 2026-06-09 23:35:05 | 200 |     233.666µs |             ::1 | GET     /v3/logs/content?roomID=1&worldID=0&logType=runtime&lines=24
[DMP] 2026-06-09 23:35:07 | 200 |     182.417µs |             ::1 | GET     /v3/logs/content?roomID=1&worldID=0&logType=runtime&lines=24
[DMP] 2026-06-09 23:35:09 | 200 |     173.417µs |             ::1 | GET     /v3/logs/content?roomID=1&worldID=0&logType=runtime&lines=24
[DMP] 2026-06-09 23:35:11 | 200 |     330.917µs |             ::1 | GET     /v3/logs/content?roomID=1&worldID=0&logType=runtime&lines=24
[DMP] 2026-06-09 23:35:13 | 200 |     279.959µs |             ::1 | GET     /v3/logs/content?roomID=1&worldID=0&logType=runtime&lines=24
[DMP] 2026-06-09 23:35:15 | 200 |     253.541µs |             ::1 | GET     /v3/logs/content?roomID=1&worldID=0&logType=runtime&lines=24
[DMP] 2026-06-09 23:35:17 | 200 |      175.25µs |             ::1 | GET     /v3/logs/content?roomID=1&worldID=0&logType=runtime&lines=24
[DMP] 2026-06-09 23:35:19 | 200 |     203.208µs |             ::1 | GET     /v3/logs/content?roomID=1&worldID=0&logType=runtime&lines=24
[DMP] 2026-06-09 23:35:21 | 200 |     200.042µs |             ::1 | GET     /v3/logs/content?roomID=1&worldID=0&logType=runtime&lines=24
[DMP] 2026-06-09 23:35:23 | 200 |     385.458µs |             ::1 | GET     /v3/logs/content?roomID=1&worldID=0&logType=runtime&lines=24
[DMP] 2026-06-09 23:35:25 | 200 |     348.083µs |             ::1 | GET     /v3/logs/content?roomID=1&worldID=0&logType=runtime&lines=24
[DMP] 2026-06-09 23:35:27 | 200 |     411.417µs |             ::1 | GET     /v3/dashboard/info/sys
[DMP] 2026-06-09 23:35:27 | 200 |  186.656416ms |             ::1 | GET     /v3/dashboard/info/base?roomID=1
[DMP] 2026-06-09 23:35:27 | 200 |     330.208µs |             ::1 | GET     /v3/dashboard/connection_code?roomID=1
[DMP] 2026-06-09 23:35:29 | 200 |        88.5µs |             ::1 | GET     /v3/dashboard/info/sys
[DMP] 2026-06-09 23:35:29 | 200 |     246.458µs |             ::1 | GET     /assets/base-D12IXQPM.js
[DMP] 2026-06-09 23:35:29 | 200 |     137.541µs |             ::1 | GET     /assets/CodeEditor-CyqJJ46C.css
[DMP] 2026-06-09 23:35:29 | 200 |     136.292µs |             ::1 | GET     /assets/VTabs-4fQCrnJX.js
[DMP] 2026-06-09 23:35:29 | 200 |      86.583µs |             ::1 | GET     /assets/VTabs-BucEMn5J.css
[DMP] 2026-06-09 23:35:29 | 200 |     925.583µs |             ::1 | GET     /assets/world-D232fCwR.js
[DMP] 2026-06-09 23:35:29 | 200 |    1.061041ms |             ::1 | GET     /assets/CodeEditor-gVsP4fYu.js
[DMP] 2026-06-09 23:35:29 | 200 |     118.333µs |             ::1 | GET     /assets/world-S0-ELuRI.css
[DMP] 2026-06-09 23:35:29 | 200 |     165.917µs |             ::1 | GET     /assets/VSlider-CKFwmwo8.css
[DMP] 2026-06-09 23:35:29 | 200 |     236.208µs |             ::1 | GET     /assets/room-CQ9h0iDp.css
[DMP] 2026-06-09 23:35:29 | 200 |      95.541µs |             ::1 | GET     /assets/base-CdOyRpJJ.css
[DMP] 2026-06-09 23:35:29 | 200 |     1.30925ms |             ::1 | GET     /assets/VTimePicker-CNQ4JxNy.css
[DMP] 2026-06-09 23:35:29 | 200 |     857.375µs |             ::1 | GET     /assets/levelDataSetting-K9_jCWjZ.js
[DMP] 2026-06-09 23:35:29 | 200 |         230µs |             ::1 | GET     /assets/base-BsYNToIQ.js
[DMP] 2026-06-09 23:35:29 | 200 |     273.333µs |             ::1 | GET     /assets/VSlider-D230ypOa.js
[DMP] 2026-06-09 23:35:29 | 200 |     153.084µs |             ::1 | GET     /assets/room-CIQ8_6_W.js
[DMP] 2026-06-09 23:35:29 | 200 |     219.792µs |             ::1 | GET     /assets/VTimePicker-Dt2xg-J5.js
[DMP] 2026-06-09 23:35:29 | 200 |     124.375µs |             ::1 | GET     /assets/roomSetting-BwmmjCQj.js
[DMP] 2026-06-09 23:35:29 | 200 |     464.625µs |             ::1 | GET     /v3/room/factor
[DMP] 2026-06-09 23:35:29 | 200 |    1.252542ms |             ::1 | GET     /v3/room?id=1
[DMP] 2026-06-09 23:35:33 | 200 |     40.5555ms |             ::1 | PUT     /v3/room
[DMP] 2026-06-09 23:35:33 | 200 |     451.583µs |             ::1 | GET     /v3/room/factor
[DMP] 2026-06-09 23:35:33 | 200 |     776.875µs |             ::1 | GET     /v3/room?id=1
[DMP] 2026-06-09 23:35:35 | 200 |    1.562833ms |             ::1 | GET     /v3/room/list?gameName=&page=1&pageSize=4
[DMP] 2026-06-09 23:35:39 | 200 |  2.052905542s |             ::1 | POST    /v3/room/deactivate
[DMP] 2026-06-09 23:35:39 | 200 |     617.084µs |             ::1 | GET     /v3/room/list?gameName=&page=1&pageSize=4
[DMP] 2026-06-09 23:35:40 | 200 |   18.011042ms |             ::1 | POST    /v3/room/activate
[DMP] 2026-06-09 23:35:40 | 200 |     853.291µs |             ::1 | GET     /v3/room/list?gameName=&page=1&pageSize=4
[DMP] 2026-06-09 23:35:41 | 200 |     219.708µs |             ::1 | GET     /v3/dashboard/info/sys
[DMP] 2026-06-09 23:35:41 | 200 |  174.398667ms |             ::1 | GET     /v3/dashboard/info/base?roomID=1
[DMP] 2026-06-09 23:35:41 | 200 |     391.792µs |             ::1 | GET     /v3/dashboard/connection_code?roomID=1
[DMP] 2026-06-09 23:35:43 | 200 |     104.583µs |             ::1 | GET     /v3/dashboard/info/sys
[DMP] 2026-06-09 23:35:45 | 200 |   19.055542ms |             ::1 | POST    /v3/dashboard/exec/game
[DMP] 2026-06-09 23:35:45 | 200 |     104.959µs |             ::1 | GET     /v3/dashboard/info/sys
[DMP] 2026-06-09 23:35:45 | 200 |  171.333083ms |             ::1 | GET     /v3/dashboard/info/base?roomID=1
[DMP] 2026-06-09 23:35:47 | 200 |      95.458µs |             ::1 | GET     /v3/dashboard/info/sys
[DMP] 2026-06-09 23:35:48 | 200 |    1.194167ms |             ::1 | GET     /v3/room/list?gameName=&page=1&pageSize=4
[DMP] 2026-06-09 23:35:51 | 200 |     561.541µs |             ::1 | GET     /v3/room/factor
[DMP] 2026-06-09 23:35:51 | 200 |    1.059041ms |             ::1 | GET     /v3/room?id=1
[DMP] 2026-06-09 23:35:56 | 200 |       52.75µs |             ::1 | GET     /assets/game-BLHAYtDr.js
[DMP] 2026-06-09 23:35:56 | 200 |      31.667µs |             ::1 | GET     /assets/setting-QyI_t4QG.css
[DMP] 2026-06-09 23:35:56 | 200 |      12.875µs |             ::1 | GET     /assets/settingForm-k8g-inpu.css
[DMP] 2026-06-09 23:35:56 | 200 |      95.417µs |             ::1 | GET     /assets/add-DOuZUFdi.js
[DMP] 2026-06-09 23:35:56 | 200 |      55.334µs |             ::1 | GET     /assets/setting-CNxUfGPN.js
[DMP] 2026-06-09 23:35:56 | 200 |      49.834µs |             ::1 | GET     /assets/settingForm-BKAAPFjS.js
[DMP] 2026-06-09 23:35:56 | 200 |      21.834µs |             ::1 | GET     /assets/download-GmZz_rE-.css
[DMP] 2026-06-09 23:35:56 | 200 |      16.583µs |             ::1 | GET     /assets/download-sDCHXtjK.js
[DMP] 2026-06-09 23:35:56 | 200 |      14.292µs |             ::1 | GET     /assets/modInfo-h9cqDHAf.css
[DMP] 2026-06-09 23:35:56 | 200 |     130.458µs |             ::1 | GET     /assets/modInfo-X6RezOBK.js
[DMP] 2026-06-09 23:35:58 | 200 |  1.543254958s |             ::1 | GET     /v3/mod/search?page=1&pageSize=36&searchText=&searchType=text
[DMP] 2026-06-09 23:36:01 | 200 |     156.417µs |             ::1 | GET     /v3/dashboard/info/sys
[DMP] 2026-06-09 23:36:01 | 200 |  190.648875ms |             ::1 | GET     /v3/dashboard/info/base?roomID=1
[DMP] 2026-06-09 23:36:01 | 200 |     396.625µs |             ::1 | GET     /v3/dashboard/connection_code?roomID=1
[DMP] 2026-06-09 23:36:03 | 200 |     574.708µs |             ::1 | GET     /v3/room/list?gameName=&page=1&pageSize=4
[DMP] 2026-06-09 23:36:08 | 200 |  2.062533458s |             ::1 | DELETE  /v3/room
[DMP] 2026-06-09 23:36:08 | 200 |     394.958µs |             ::1 | GET     /v3/room/list?gameName=&page=1&pageSize=4
[DMP] 2026-06-09 23:36:10 | 200 |     268.917µs |             ::1 | GET     /v3/room/factor
[DMP] 2026-06-09 23:36:34 | 200 |       95.25µs |             ::1 | GET     /assets/specialevent-0mBwhM57.png
[DMP] 2026-06-09 23:36:34 | 200 |     116.333µs |             ::1 | GET     /assets/krampus-BKCdaJdU.png
[DMP] 2026-06-09 23:36:34 | 200 |     170.292µs |             ::1 | GET     /assets/portalresurection-CX_cPV7x.png
[DMP] 2026-06-09 23:36:34 | 200 |     195.084µs |             ::1 | GET     /assets/summer-DomkaGPE.png
[DMP] 2026-06-09 23:36:34 | 200 |      94.542µs |             ::1 | GET     /assets/ghostsanitydrain-BEycIdYZ.png
[DMP] 2026-06-09 23:36:34 | 200 |      58.958µs |             ::1 | GET     /assets/autumn-DdDoHNql.png
[DMP] 2026-06-09 23:36:34 | 200 |      98.791µs |             ::1 | GET     /assets/day-DsU0VFQM.png
[DMP] 2026-06-09 23:36:34 | 200 |      51.375µs |             ::1 | GET     /assets/winter-DPK96nxE.png
[DMP] 2026-06-09 23:36:34 | 200 |      86.917µs |             ::1 | GET     /assets/spawnmode-BSS6RfIz.png
[DMP] 2026-06-09 23:36:34 | 200 |     162.708µs |             ::1 | GET     /assets/resettime-BT54k7XF.png
[DMP] 2026-06-09 23:36:35 | 200 |      46.375µs |             ::1 | GET     /assets/ghostenabled-BEsLf8iQ.png
[DMP] 2026-06-09 23:36:35 | 200 |      72.333µs |             ::1 | GET     /assets/beefaloheat-DQ99l1VZ.png
[DMP] 2026-06-09 23:36:35 | 200 |      92.333µs |             ::1 | GET     /assets/spring-CjBjq8NW.png
[DMP] 2026-06-09 23:37:20 | 200 |   40.561208ms |             ::1 | POST    /v3/room
[DMP] 2026-06-09 23:37:20 | 200 |    1.343041ms |             ::1 | GET     /v3/room/factor
[DMP] 2026-06-09 23:37:20 | 200 |    2.567791ms |             ::1 | GET     /v3/room?id=2
[DMP] 2026-06-09 23:37:22 | 200 |     787.625µs |             ::1 | GET     /v3/room/list?gameName=&page=1&pageSize=4
[DMP] 2026-06-09 23:37:22 | 200 |      96.334µs |             ::1 | GET     /v3/dashboard/info/sys
[DMP] 2026-06-09 23:37:23 | 200 |  191.686083ms |             ::1 | GET     /v3/dashboard/info/base?roomID=2
[DMP] 2026-06-09 23:37:23 | 200 |     570.041µs |             ::1 | GET     /v3/dashboard/connection_code?roomID=2
[DMP] 2026-06-09 23:37:23 | 200 |     819.167µs |             ::1 | GET     /v3/room/list?gameName=&page=1&pageSize=4
[DMP] 2026-06-09 23:37:24 | 200 |     517.625µs |             ::1 | GET     /v3/dashboard/info/sys
[DMP] 2026-06-09 23:37:24 | 200 |  182.440959ms |             ::1 | GET     /v3/dashboard/info/base?roomID=2
[DMP] 2026-06-09 23:37:24 | 200 |     456.625µs |             ::1 | GET     /v3/dashboard/connection_code?roomID=2
[DMP] 2026-06-09 23:37:26 | 200 |     118.125µs |             ::1 | GET     /v3/dashboard/info/sys
[DMP] 2026-06-09 23:37:26 | 200 |   19.040167ms |             ::1 | POST    /v3/dashboard/exec/game
[DMP] 2026-06-09 23:37:26 | 200 |   181.49725ms |             ::1 | GET     /v3/dashboard/info/base?roomID=2
[DMP] 2026-06-09 23:37:28 | 200 |     107.459µs |             ::1 | GET     /v3/dashboard/info/sys
[DMP] 2026-06-09 23:37:30 | 200 |      95.334µs |             ::1 | GET     /v3/dashboard/info/sys
[DMP] 2026-06-09 23:37:32 | 200 |      88.334µs |             ::1 | GET     /v3/dashboard/info/sys
[DMP] 2026-06-09 23:37:34 | 200 |     253.167µs |             ::1 | GET     /v3/logs/content?roomID=2&worldID=0&logType=runtime&lines=24
[DMP] 2026-06-09 23:37:36 | 200 |     219.541µs |             ::1 | GET     /v3/logs/content?roomID=2&worldID=0&logType=runtime&lines=24
[DMP] 2026-06-09 23:37:38 | 200 |     340.833µs |             ::1 | GET     /v3/logs/content?roomID=2&worldID=0&logType=runtime&lines=24
[DMP] 2026-06-09 23:37:40 | 200 |     249.666µs |             ::1 | GET     /v3/logs/content?roomID=2&worldID=0&logType=runtime&lines=24
[DMP] 2026-06-09 23:37:42 | 200 |     212.708µs |             ::1 | GET     /v3/logs/content?roomID=2&worldID=0&logType=runtime&lines=24
[DMP] 2026-06-09 23:37:44 | 200 |     186.208µs |             ::1 | GET     /v3/logs/content?roomID=2&worldID=0&logType=runtime&lines=24
[DMP] 2026-06-09 23:37:46 | 200 |     276.083µs |             ::1 | GET     /v3/logs/content?roomID=2&worldID=0&logType=runtime&lines=24
[DMP] 2026-06-09 23:37:48 | 200 |     236.167µs |             ::1 | GET     /v3/logs/content?roomID=2&worldID=0&logType=runtime&lines=24
[DMP] 2026-06-09 23:37:50 | 200 |     366.292µs |             ::1 | GET     /v3/logs/content?roomID=2&worldID=0&logType=runtime&lines=24
[DMP] 2026-06-09 23:37:52 | 200 |     368.708µs |             ::1 | GET     /v3/logs/content?roomID=2&worldID=0&logType=runtime&lines=24
[DMP] 2026-06-09 23:37:54 | 200 |      223.75µs |             ::1 | GET     /v3/logs/content?roomID=2&worldID=0&logType=runtime&lines=24
[DMP] 2026-06-09 23:37:56 | 200 |     231.292µs |             ::1 | GET     /v3/logs/content?roomID=2&worldID=0&logType=runtime&lines=24
[DMP] 2026-06-09 23:37:58 | 200 |     375.083µs |             ::1 | GET     /v3/logs/content?roomID=2&worldID=0&logType=runtime&lines=24
[DMP] 2026-06-09 23:38:00 | 200 |     188.417µs |             ::1 | GET     /v3/logs/content?roomID=2&worldID=0&logType=runtime&lines=24
[DMP] 2026-06-09 23:38:02 | 200 |     242.167µs |             ::1 | GET     /v3/logs/content?roomID=2&worldID=0&logType=runtime&lines=24
[DMP] 2026-06-09 23:38:04 | 200 |     197.667µs |             ::1 | GET     /v3/logs/content?roomID=2&worldID=0&logType=runtime&lines=24
[DMP] 2026-06-09 23:38:06 | 200 |     267.542µs |             ::1 | GET     /v3/logs/content?roomID=2&worldID=0&logType=runtime&lines=24
[DMP] 2026-06-09 23:38:08 | 200 |     200.709µs |             ::1 | GET     /v3/logs/content?roomID=2&worldID=0&logType=runtime&lines=24
[DMP] 2026-06-09 23:38:10 | 200 |     551.709µs |             ::1 | GET     /v3/logs/content?roomID=2&worldID=0&logType=runtime&lines=24
[DMP] 2026-06-09 23:38:12 | 200 |      218.25µs |             ::1 | GET     /v3/logs/content?roomID=2&worldID=0&logType=runtime&lines=24
[DMP] 2026-06-09 23:38:14 | 200 |     240.583µs |             ::1 | GET     /v3/logs/content?roomID=2&worldID=0&logType=runtime&lines=24
[DMP] 2026-06-09 23:38:16 | 200 |     201.125µs |             ::1 | GET     /v3/logs/content?roomID=2&worldID=0&logType=runtime&lines=24
[DMP] 2026-06-09 23:38:18 | 200 |     286.459µs |             ::1 | GET     /v3/logs/content?roomID=2&worldID=0&logType=runtime&lines=24
[DMP] 2026-06-09 23:38:20 | 200 |     246.792µs |             ::1 | GET     /v3/logs/content?roomID=2&worldID=0&logType=runtime&lines=24
[DMP] 2026-06-09 23:38:22 | 200 |     318.041µs |             ::1 | GET     /v3/logs/content?roomID=2&worldID=0&logType=runtime&lines=24
[DMP] 2026-06-09 23:38:24 | 200 |     197.458µs |             ::1 | GET     /v3/logs/content?roomID=2&worldID=0&logType=runtime&lines=24
[DMP] 2026-06-09 23:38:26 | 200 |     213.916µs |             ::1 | GET     /v3/logs/content?roomID=2&worldID=0&logType=runtime&lines=24
[DMP] 2026-06-09 23:38:28 | 200 |     243.542µs |             ::1 | GET     /v3/logs/content?roomID=2&worldID=0&logType=runtime&lines=24
[DMP] 2026-06-09 23:38:30 | 200 |       799.5µs |             ::1 | GET     /v3/logs/content?roomID=2&worldID=0&logType=runtime&lines=24
[DMP] 2026-06-09 23:38:32 | 200 |     450.416µs |             ::1 | GET     /v3/logs/content?roomID=2&worldID=0&logType=runtime&lines=24
[DMP] 2026-06-09 23:38:34 | 200 |     183.708µs |             ::1 | GET     /v3/logs/content?roomID=2&worldID=0&logType=runtime&lines=24
[DMP] 2026-06-09 23:38:36 | 200 |      231.75µs |             ::1 | GET     /v3/logs/content?roomID=2&worldID=0&logType=runtime&lines=24
[DMP] 2026-06-09 23:38:38 | 200 |     246.334µs |             ::1 | GET     /v3/logs/content?roomID=2&worldID=0&logType=runtime&lines=24
[DMP] 2026-06-09 23:38:40 | 200 |     175.708µs |             ::1 | GET     /v3/logs/content?roomID=2&worldID=0&logType=runtime&lines=24
[DMP] 2026-06-09 23:38:42 | 200 |     213.667µs |             ::1 | GET     /v3/logs/content?roomID=2&worldID=0&logType=runtime&lines=24
[DMP] 2026-06-09 23:38:44 | 200 |     263.917µs |             ::1 | GET     /v3/logs/content?roomID=2&worldID=0&logType=runtime&lines=24
[DMP] 2026-06-09 23:38:46 | 200 |     184.792µs |             ::1 | GET     /v3/logs/content?roomID=2&worldID=0&logType=runtime&lines=24
[DMP] 2026-06-09 23:38:48 | 200 |      271.25µs |             ::1 | GET     /v3/logs/content?roomID=2&worldID=0&logType=runtime&lines=24
[DMP] 2026-06-09 23:38:50 | 200 |     391.292µs |             ::1 | GET     /v3/logs/content?roomID=2&worldID=0&logType=runtime&lines=24
[DMP] 2026-06-09 23:38:52 | 200 |     303.125µs |             ::1 | GET     /v3/logs/content?roomID=2&worldID=0&logType=runtime&lines=24
[DMP] 2026-06-09 23:38:54 | 200 |         211µs |             ::1 | GET     /v3/logs/content?roomID=2&worldID=0&logType=runtime&lines=24
[DMP] 2026-06-09 23:38:56 | 200 |     387.417µs |             ::1 | GET     /v3/logs/content?roomID=2&worldID=0&logType=runtime&lines=24
[DMP] 2026-06-09 23:38:58 | 200 |     322.916µs |             ::1 | GET     /v3/logs/content?roomID=2&worldID=0&logType=runtime&lines=24
[DMP] 2026-06-09 23:39:00 | 200 |     221.375µs |             ::1 | GET     /v3/logs/content?roomID=2&worldID=0&logType=runtime&lines=24
[DMP] 2026-06-09 23:39:02 | 200 |     316.458µs |             ::1 | GET     /v3/logs/content?roomID=2&worldID=0&logType=runtime&lines=24
[DMP] 2026-06-09 23:39:04 | 200 |     185.792µs |             ::1 | GET     /v3/logs/content?roomID=2&worldID=0&logType=runtime&lines=24
[DMP] 2026-06-09 23:39:06 | 200 |      315.25µs |             ::1 | GET     /v3/logs/content?roomID=2&worldID=0&logType=runtime&lines=24
[DMP] 2026-06-09 23:39:08 | 200 |      333.25µs |             ::1 | GET     /v3/logs/content?roomID=2&worldID=0&logType=runtime&lines=24
[DMP] 2026-06-09 23:39:10 | 200 |     220.833µs |             ::1 | GET     /v3/logs/content?roomID=2&worldID=0&logType=runtime&lines=24
[DMP] 2026-06-09 23:39:12 | 200 |     274.125µs |             ::1 | GET     /v3/logs/content?roomID=2&worldID=0&logType=runtime&lines=24
[DMP] 2026-06-09 23:39:14 | 200 |     316.375µs |             ::1 | GET     /v3/logs/content?roomID=2&worldID=0&logType=runtime&lines=24
[DMP] 2026-06-09 23:39:16 | 200 |         327µs |             ::1 | GET     /v3/logs/content?roomID=2&worldID=0&logType=runtime&lines=24
[DMP] 2026-06-09 23:39:18 | 200 |     230.542µs |             ::1 | GET     /v3/logs/content?roomID=2&worldID=0&logType=runtime&lines=24
[DMP] 2026-06-09 23:39:20 | 200 |     239.584µs |             ::1 | GET     /v3/logs/content?roomID=2&worldID=0&logType=runtime&lines=24
[DMP] 2026-06-09 23:39:22 | 200 |     278.959µs |             ::1 | GET     /v3/logs/content?roomID=2&worldID=0&logType=runtime&lines=24
[DMP] 2026-06-09 23:39:24 | 200 |     327.166µs |             ::1 | GET     /v3/logs/content?roomID=2&worldID=0&logType=runtime&lines=24
[DMP] 2026-06-09 23:39:26 | 200 |         211µs |             ::1 | GET     /v3/logs/content?roomID=2&worldID=0&logType=runtime&lines=24
[DMP] 2026-06-09 23:39:28 | 200 |     292.833µs |             ::1 | GET     /v3/logs/content?roomID=2&worldID=0&logType=runtime&lines=24
[DMP] 2026-06-09 23:39:30 | 200 |     464.542µs |             ::1 | GET     /v3/logs/content?roomID=2&worldID=0&logType=runtime&lines=24
[DMP] 2026-06-09 23:39:32 | 200 |     212.625µs |             ::1 | GET     /v3/logs/content?roomID=2&worldID=0&logType=runtime&lines=24
[DMP] 2026-06-09 23:39:34 | 200 |      189.75µs |             ::1 | GET     /v3/logs/content?roomID=2&worldID=0&logType=runtime&lines=24
[DMP] 2026-06-09 23:39:36 | 200 |     188.167µs |             ::1 | GET     /v3/logs/content?roomID=2&worldID=0&logType=runtime&lines=24
[DMP] 2026-06-09 23:39:38 | 200 |       344.5µs |             ::1 | GET     /v3/logs/content?roomID=2&worldID=0&logType=runtime&lines=24
[DMP] 2026-06-09 23:39:40 | 200 |     228.708µs |             ::1 | GET     /v3/logs/content?roomID=2&worldID=0&logType=runtime&lines=24
[DMP] 2026-06-09 23:39:42 | 200 |     291.209µs |             ::1 | GET     /v3/logs/content?roomID=2&worldID=0&logType=runtime&lines=24
[DMP] 2026-06-09 23:39:44 | 200 |     251.708µs |             ::1 | GET     /v3/logs/content?roomID=2&worldID=0&logType=runtime&lines=24
[DMP] 2026-06-09 23:39:46 | 200 |     184.208µs |             ::1 | GET     /v3/logs/content?roomID=2&worldID=0&logType=runtime&lines=24
[DMP] 2026-06-09 23:39:48 | 200 |     188.459µs |             ::1 | GET     /v3/logs/content?roomID=2&worldID=0&logType=runtime&lines=24
[DMP] 2026-06-09 23:39:50 | 200 |     205.417µs |             ::1 | GET     /v3/logs/content?roomID=2&worldID=0&logType=runtime&lines=24
[DMP] 2026-06-09 23:39:52 | 200 |     291.209µs |             ::1 | GET     /v3/logs/content?roomID=2&worldID=0&logType=runtime&lines=24
[DMP] 2026-06-09 23:39:54 | 200 |     255.375µs |             ::1 | GET     /v3/logs/content?roomID=2&worldID=0&logType=runtime&lines=24
[DMP] 2026-06-09 23:39:56 | 200 |     242.583µs |             ::1 | GET     /v3/logs/content?roomID=2&worldID=0&logType=runtime&lines=24
[DMP] 2026-06-09 23:39:58 | 200 |     208.958µs |             ::1 | GET     /v3/logs/content?roomID=2&worldID=0&logType=runtime&lines=24
[DMP] 2026-06-09 23:40:00 | 200 |     208.917µs |             ::1 | GET     /v3/logs/content?roomID=2&worldID=0&logType=runtime&lines=24
[DMP] 2026-06-09 23:40:02 | 200 |     257.583µs |             ::1 | GET     /v3/logs/content?roomID=2&worldID=0&logType=runtime&lines=24
[DMP] 2026-06-09 23:40:04 | 200 |     272.459µs |             ::1 | GET     /v3/logs/content?roomID=2&worldID=0&logType=runtime&lines=24
[DMP] 2026-06-09 23:40:06 | 200 |     320.625µs |             ::1 | GET     /v3/logs/content?roomID=2&worldID=0&logType=runtime&lines=24
[DMP] 2026-06-09 23:40:08 | 200 |      1.2185ms |             ::1 | GET     /v3/logs/content?roomID=2&worldID=0&logType=runtime&lines=24
[DMP] 2026-06-09 23:40:10 | 200 |      211.75µs |             ::1 | GET     /v3/logs/content?roomID=2&worldID=0&logType=runtime&lines=24
[DMP] 2026-06-09 23:40:12 | 200 |     217.917µs |             ::1 | GET     /v3/logs/content?roomID=2&worldID=0&logType=runtime&lines=24
[DMP] 2026-06-09 23:40:14 | 200 |       228.5µs |             ::1 | GET     /v3/logs/content?roomID=2&worldID=0&logType=runtime&lines=24
[DMP] 2026-06-09 23:40:16 | 200 |     265.917µs |             ::1 | GET     /v3/logs/content?roomID=2&worldID=0&logType=runtime&lines=24
[DMP] 2026-06-09 23:40:18 | 200 |     319.083µs |             ::1 | GET     /v3/logs/content?roomID=2&worldID=0&logType=runtime&lines=24
[DMP] 2026-06-09 23:40:20 | 200 |         213µs |             ::1 | GET     /v3/logs/content?roomID=2&worldID=0&logType=runtime&lines=24
[DMP] 2026-06-09 23:40:22 | 200 |     180.541µs |             ::1 | GET     /v3/logs/content?roomID=2&worldID=0&logType=runtime&lines=24
[DMP] 2026-06-09 23:40:24 | 200 |     262.792µs |             ::1 | GET     /v3/logs/content?roomID=2&worldID=0&logType=runtime&lines=24
[DMP] 2026-06-09 23:40:26 | 200 |      391.75µs |             ::1 | GET     /v3/logs/content?roomID=2&worldID=0&logType=runtime&lines=24
[DMP] 2026-06-09 23:40:28 | 200 |     200.125µs |             ::1 | GET     /v3/logs/content?roomID=2&worldID=0&logType=runtime&lines=24
[DMP] 2026-06-09 23:40:30 | 200 |     400.875µs |             ::1 | GET     /v3/logs/content?roomID=2&worldID=0&logType=runtime&lines=24
[DMP] 2026-06-09 23:40:32 | 200 |     237.208µs |             ::1 | GET     /v3/logs/content?roomID=2&worldID=0&logType=runtime&lines=24
[DMP] 2026-06-09 23:40:34 | 200 |     217.458µs |             ::1 | GET     /v3/logs/content?roomID=2&worldID=0&logType=runtime&lines=24
[DMP] 2026-06-09 23:40:36 | 200 |     229.292µs |             ::1 | GET     /v3/logs/content?roomID=2&worldID=0&logType=runtime&lines=24
[DMP] 2026-06-09 23:40:38 | 200 |     258.042µs |             ::1 | GET     /v3/logs/content?roomID=2&worldID=0&logType=runtime&lines=24
[DMP] 2026-06-09 23:40:40 | 200 |     194.167µs |             ::1 | GET     /v3/logs/content?roomID=2&worldID=0&logType=runtime&lines=24
[DMP] 2026-06-09 23:40:42 | 200 |     243.584µs |             ::1 | GET     /v3/logs/content?roomID=2&worldID=0&logType=runtime&lines=24
[DMP] 2026-06-09 23:40:44 | 200 |      235.25µs |             ::1 | GET     /v3/logs/content?roomID=2&worldID=0&logType=runtime&lines=24
[DMP] 2026-06-09 23:40:46 | 200 |     232.166µs |             ::1 | GET     /v3/logs/content?roomID=2&worldID=0&logType=runtime&lines=24
[DMP] 2026-06-09 23:40:48 | 200 |     220.041µs |             ::1 | GET     /v3/logs/content?roomID=2&worldID=0&logType=runtime&lines=24
[DMP] 2026-06-09 23:40:50 | 200 |     287.167µs |             ::1 | GET     /v3/logs/content?roomID=2&worldID=0&logType=runtime&lines=24
[DMP] 2026-06-09 23:40:52 | 200 |     269.833µs |             ::1 | GET     /v3/logs/content?roomID=2&worldID=0&logType=runtime&lines=24
[DMP] 2026-06-09 23:40:54 | 200 |     241.958µs |             ::1 | GET     /v3/logs/content?roomID=2&worldID=0&logType=runtime&lines=24
[DMP] 2026-06-09 23:40:56 | 200 |     358.625µs |             ::1 | GET     /v3/logs/content?roomID=2&worldID=0&logType=runtime&lines=24
[DMP] 2026-06-09 23:40:58 | 200 |     221.959µs |             ::1 | GET     /v3/logs/content?roomID=2&worldID=0&logType=runtime&lines=24
[DMP] 2026-06-09 23:41:00 | 200 |     221.625µs |             ::1 | GET     /v3/logs/content?roomID=2&worldID=0&logType=runtime&lines=24
[DMP] 2026-06-09 23:41:02 | 200 |     288.917µs |             ::1 | GET     /v3/logs/content?roomID=2&worldID=0&logType=runtime&lines=24
[DMP] 2026-06-09 23:41:04 | 200 |     219.167µs |             ::1 | GET     /v3/logs/content?roomID=2&worldID=0&logType=runtime&lines=24
[DMP] 2026-06-09 23:41:06 | 200 |     200.375µs |             ::1 | GET     /v3/logs/content?roomID=2&worldID=0&logType=runtime&lines=24
[DMP] 2026-06-09 23:41:08 | 200 |      397.25µs |             ::1 | GET     /v3/logs/content?roomID=2&worldID=0&logType=runtime&lines=24
[DMP] 2026-06-09 23:41:10 | 200 |     233.542µs |             ::1 | GET     /v3/logs/content?roomID=2&worldID=0&logType=runtime&lines=24
[DMP] 2026-06-09 23:41:12 | 200 |     444.416µs |             ::1 | GET     /v3/logs/content?roomID=2&worldID=0&logType=runtime&lines=24
[DMP] 2026-06-09 23:41:14 | 200 |     188.875µs |             ::1 | GET     /v3/logs/content?roomID=2&worldID=0&logType=runtime&lines=24
[DMP] 2026-06-09 23:41:16 | 200 |     364.125µs |             ::1 | GET     /v3/logs/content?roomID=2&worldID=0&logType=runtime&lines=24
[DMP] 2026-06-09 23:41:18 | 200 |     201.084µs |             ::1 | GET     /v3/logs/content?roomID=2&worldID=0&logType=runtime&lines=24
[DMP] 2026-06-09 23:41:20 | 200 |       226.5µs |             ::1 | GET     /v3/logs/content?roomID=2&worldID=0&logType=runtime&lines=24
[DMP] 2026-06-09 23:41:22 | 200 |     260.417µs |             ::1 | GET     /v3/logs/content?roomID=2&worldID=0&logType=runtime&lines=24
[DMP] 2026-06-09 23:41:24 | 200 |     183.292µs |             ::1 | GET     /v3/logs/content?roomID=2&worldID=0&logType=runtime&lines=24
[DMP] 2026-06-09 23:41:26 | 200 |     379.334µs |             ::1 | GET     /v3/logs/content?roomID=2&worldID=0&logType=runtime&lines=24
[DMP] 2026-06-09 23:41:28 | 200 |     214.792µs |             ::1 | GET     /v3/logs/content?roomID=2&worldID=0&logType=runtime&lines=24
[DMP] 2026-06-09 23:41:30 | 200 |     735.208µs |             ::1 | GET     /v3/logs/content?roomID=2&worldID=0&logType=runtime&lines=24
[DMP] 2026-06-09 23:41:32 | 200 |     226.583µs |             ::1 | GET     /v3/logs/content?roomID=2&worldID=0&logType=runtime&lines=24
[DMP] 2026-06-09 23:41:34 | 200 |     376.083µs |             ::1 | GET     /v3/logs/content?roomID=2&worldID=0&logType=runtime&lines=24
[DMP] 2026-06-09 23:41:36 | 200 |     358.333µs |             ::1 | GET     /v3/logs/content?roomID=2&worldID=0&logType=runtime&lines=24
[DMP] 2026-06-09 23:41:38 | 200 |     211.916µs |             ::1 | GET     /v3/logs/content?roomID=2&worldID=0&logType=runtime&lines=24
[DMP] 2026-06-09 23:41:40 | 200 |     228.875µs |             ::1 | GET     /v3/logs/content?roomID=2&worldID=0&logType=runtime&lines=24
[DMP] 2026-06-09 23:41:42 | 200 |     382.083µs |             ::1 | GET     /v3/logs/content?roomID=2&worldID=0&logType=runtime&lines=24
[DMP] 2026-06-09 23:41:44 | 200 |     235.375µs |             ::1 | GET     /v3/logs/content?roomID=2&worldID=0&logType=runtime&lines=24
[DMP] 2026-06-09 23:41:46 | 200 |     252.916µs |             ::1 | GET     /v3/logs/content?roomID=2&worldID=0&logType=runtime&lines=24
[DMP] 2026-06-09 23:41:48 | 200 |     216.542µs |             ::1 | GET     /v3/logs/content?roomID=2&worldID=0&logType=runtime&lines=24
[DMP] 2026-06-09 23:41:50 | 200 |     248.459µs |             ::1 | GET     /v3/logs/content?roomID=2&worldID=0&logType=runtime&lines=24
[DMP] 2026-06-09 23:41:52 | 200 |         311µs |             ::1 | GET     /v3/logs/content?roomID=2&worldID=0&logType=runtime&lines=24
[DMP] 2026-06-09 23:41:54 | 200 |      219.25µs |             ::1 | GET     /v3/logs/content?roomID=2&worldID=0&logType=runtime&lines=24
[DMP] 2026-06-09 23:41:56 | 200 |     171.834µs |             ::1 | GET     /v3/logs/content?roomID=2&worldID=0&logType=runtime&lines=24
[DMP] 2026-06-09 23:41:58 | 200 |     371.833µs |             ::1 | GET     /v3/logs/content?roomID=2&worldID=0&logType=runtime&lines=24
[DMP] 2026-06-09 23:42:00 | 200 |     300.084µs |             ::1 | GET     /v3/logs/content?roomID=2&worldID=0&logType=runtime&lines=24
[DMP] 2026-06-09 23:42:02 | 200 |      286.25µs |             ::1 | GET     /v3/logs/content?roomID=2&worldID=0&logType=runtime&lines=24
[DMP] 2026-06-09 23:42:04 | 200 |     257.708µs |             ::1 | GET     /v3/logs/content?roomID=2&worldID=0&logType=runtime&lines=24
[DMP] 2026-06-09 23:42:06 | 200 |     213.125µs |             ::1 | GET     /v3/logs/content?roomID=2&worldID=0&logType=runtime&lines=24
[DMP] 2026-06-09 23:42:08 | 200 |     238.667µs |             ::1 | GET     /v3/logs/content?roomID=2&worldID=0&logType=runtime&lines=24
[DMP] 2026-06-09 23:42:10 | 200 |     306.833µs |             ::1 | GET     /v3/logs/content?roomID=2&worldID=0&logType=runtime&lines=24
[DMP] 2026-06-09 23:42:12 | 200 |         187µs |             ::1 | GET     /v3/logs/content?roomID=2&worldID=0&logType=runtime&lines=24
[DMP] 2026-06-09 23:42:14 | 200 |     422.416µs |             ::1 | GET     /v3/logs/content?roomID=2&worldID=0&logType=runtime&lines=24
[DMP] 2026-06-09 23:42:16 | 200 |     242.958µs |             ::1 | GET     /v3/logs/content?roomID=2&worldID=0&logType=runtime&lines=24
[DMP] 2026-06-09 23:42:18 | 200 |     167.208µs |             ::1 | GET     /v3/logs/content?roomID=2&worldID=0&logType=runtime&lines=24
[DMP] 2026-06-09 23:42:20 | 200 |     269.333µs |             ::1 | GET     /v3/logs/content?roomID=2&worldID=0&logType=runtime&lines=24
[DMP] 2026-06-09 23:42:22 | 200 |     230.625µs |             ::1 | GET     /v3/logs/content?roomID=2&worldID=0&logType=runtime&lines=24
[DMP] 2026-06-09 23:42:24 | 200 |       286.5µs |             ::1 | GET     /v3/logs/content?roomID=2&worldID=0&logType=runtime&lines=24
[DMP] 2026-06-09 23:42:26 | 200 |     217.458µs |             ::1 | GET     /v3/logs/content?roomID=2&worldID=0&logType=runtime&lines=24
[DMP] 2026-06-09 23:42:28 | 200 |         268µs |             ::1 | GET     /v3/logs/content?roomID=2&worldID=0&logType=runtime&lines=24
[DMP] 2026-06-09 23:42:30 | 200 |     253.833µs |             ::1 | GET     /v3/logs/content?roomID=2&worldID=0&logType=runtime&lines=24
[DMP] 2026-06-09 23:42:32 | 200 |     292.041µs |             ::1 | GET     /v3/logs/content?roomID=2&worldID=0&logType=runtime&lines=24
[DMP] 2026-06-09 23:42:34 | 200 |     323.708µs |             ::1 | GET     /v3/logs/content?roomID=2&worldID=0&logType=runtime&lines=24
[DMP] 2026-06-09 23:42:36 | 200 |     345.334µs |             ::1 | GET     /v3/logs/content?roomID=2&worldID=0&logType=runtime&lines=24
[DMP] 2026-06-09 23:42:38 | 200 |     235.583µs |             ::1 | GET     /v3/logs/content?roomID=2&worldID=0&logType=runtime&lines=24
[DMP] 2026-06-09 23:42:40 | 200 |     250.708µs |             ::1 | GET     /v3/logs/content?roomID=2&worldID=0&logType=runtime&lines=24
[DMP] 2026-06-09 23:42:42 | 200 |     239.583µs |             ::1 | GET     /v3/logs/content?roomID=2&worldID=0&logType=runtime&lines=24
[DMP] 2026-06-09 23:42:44 | 200 |     204.667µs |             ::1 | GET     /v3/logs/content?roomID=2&worldID=0&logType=runtime&lines=24
[DMP] 2026-06-09 23:42:46 | 200 |     360.792µs |             ::1 | GET     /v3/logs/content?roomID=2&worldID=0&logType=runtime&lines=24
[DMP] 2026-06-09 23:42:48 | 200 |     490.833µs |             ::1 | GET     /v3/logs/content?roomID=2&worldID=0&logType=runtime&lines=24
[DMP] 2026-06-09 23:42:50 | 200 |     220.208µs |             ::1 | GET     /v3/logs/content?roomID=2&worldID=0&logType=runtime&lines=24
[DMP] 2026-06-09 23:42:52 | 200 |     327.625µs |             ::1 | GET     /v3/logs/content?roomID=2&worldID=0&logType=runtime&lines=24
[DMP] 2026-06-09 23:42:54 | 200 |      312.75µs |             ::1 | GET     /v3/logs/content?roomID=2&worldID=0&logType=runtime&lines=24
[DMP] 2026-06-09 23:42:56 | 200 |     197.708µs |             ::1 | GET     /v3/logs/content?roomID=2&worldID=0&logType=runtime&lines=24
[DMP] 2026-06-09 23:42:58 | 200 |     213.958µs |             ::1 | GET     /v3/logs/content?roomID=2&worldID=0&logType=runtime&lines=24
[DMP] 2026-06-09 23:43:00 | 200 |     236.541µs |             ::1 | GET     /v3/logs/content?roomID=2&worldID=0&logType=runtime&lines=24
[DMP] 2026-06-09 23:43:02 | 200 |     320.959µs |             ::1 | GET     /v3/logs/content?roomID=2&worldID=0&logType=runtime&lines=24
[DMP] 2026-06-09 23:43:04 | 200 |     213.167µs |             ::1 | GET     /v3/logs/content?roomID=2&worldID=0&logType=runtime&lines=24
[DMP] 2026-06-09 23:43:06 | 200 |         183µs |             ::1 | GET     /v3/logs/content?roomID=2&worldID=0&logType=runtime&lines=24
[DMP] 2026-06-09 23:43:08 | 200 |     232.375µs |             ::1 | GET     /v3/logs/content?roomID=2&worldID=0&logType=runtime&lines=24
[DMP] 2026-06-09 23:43:10 | 200 |     342.458µs |             ::1 | GET     /v3/logs/content?roomID=2&worldID=0&logType=runtime&lines=24
[DMP] 2026-06-09 23:43:12 | 200 |     263.334µs |             ::1 | GET     /v3/logs/content?roomID=2&worldID=0&logType=runtime&lines=24
[DMP] 2026-06-09 23:43:14 | 200 |     255.292µs |             ::1 | GET     /v3/logs/content?roomID=2&worldID=0&logType=runtime&lines=24
[DMP] 2026-06-09 23:43:16 | 200 |     759.083µs |             ::1 | GET     /v3/logs/content?roomID=2&worldID=0&logType=runtime&lines=24
[DMP] 2026-06-09 23:43:18 | 200 |     231.083µs |             ::1 | GET     /v3/logs/content?roomID=2&worldID=0&logType=runtime&lines=24
[DMP] 2026-06-09 23:43:20 | 200 |     236.833µs |             ::1 | GET     /v3/logs/content?roomID=2&worldID=0&logType=runtime&lines=24
[DMP] 2026-06-09 23:43:22 | 200 |     266.084µs |             ::1 | GET     /v3/logs/content?roomID=2&worldID=0&logType=runtime&lines=24
[DMP] 2026-06-09 23:43:24 | 200 |     242.375µs |             ::1 | GET     /v3/logs/content?roomID=2&worldID=0&logType=runtime&lines=24
[DMP] 2026-06-09 23:43:26 | 200 |     453.333µs |             ::1 | GET     /v3/logs/content?roomID=2&worldID=0&logType=runtime&lines=24
[DMP] 2026-06-09 23:43:28 | 200 |      209.75µs |             ::1 | GET     /v3/logs/content?roomID=2&worldID=0&logType=runtime&lines=24
[DMP] 2026-06-09 23:43:30 | 200 |      508.75µs |             ::1 | GET     /v3/logs/content?roomID=2&worldID=0&logType=runtime&lines=24
[DMP] 2026-06-09 23:43:32 | 200 |     305.916µs |             ::1 | GET     /v3/logs/content?roomID=2&worldID=0&logType=runtime&lines=24
[DMP] 2026-06-09 23:43:34 | 200 |     239.792µs |             ::1 | GET     /v3/logs/content?roomID=2&worldID=0&logType=runtime&lines=24
[DMP] 2026-06-09 23:43:36 | 200 |     207.334µs |             ::1 | GET     /v3/logs/content?roomID=2&worldID=0&logType=runtime&lines=24
[DMP] 2026-06-09 23:43:38 | 200 |      222.75µs |             ::1 | GET     /v3/logs/content?roomID=2&worldID=0&logType=runtime&lines=24
[DMP] 2026-06-09 23:43:40 | 200 |       259.5µs |             ::1 | GET     /v3/logs/content?roomID=2&worldID=0&logType=runtime&lines=24
[DMP] 2026-06-09 23:43:42 | 200 |     174.958µs |             ::1 | GET     /v3/logs/content?roomID=2&worldID=0&logType=runtime&lines=24
[DMP] 2026-06-09 23:43:44 | 200 |     191.083µs |             ::1 | GET     /v3/logs/content?roomID=2&worldID=0&logType=runtime&lines=24
[DMP] 2026-06-09 23:43:46 | 200 |     265.833µs |             ::1 | GET     /v3/logs/content?roomID=2&worldID=0&logType=runtime&lines=24
[DMP] 2026-06-09 23:43:48 | 200 |      232.25µs |             ::1 | GET     /v3/logs/content?roomID=2&worldID=0&logType=runtime&lines=24
[DMP] 2026-06-09 23:43:50 | 200 |     218.833µs |             ::1 | GET     /v3/logs/content?roomID=2&worldID=0&logType=runtime&lines=24
[DMP] 2026-06-09 23:43:52 | 200 |     334.083µs |             ::1 | GET     /v3/logs/content?roomID=2&worldID=0&logType=runtime&lines=24
[DMP] 2026-06-09 23:43:54 | 200 |     255.125µs |             ::1 | GET     /v3/logs/content?roomID=2&worldID=0&logType=runtime&lines=24
[DMP] 2026-06-09 23:43:56 | 200 |     214.041µs |             ::1 | GET     /v3/logs/content?roomID=2&worldID=0&logType=runtime&lines=24
[DMP] 2026-06-09 23:43:58 | 200 |     239.708µs |             ::1 | GET     /v3/logs/content?roomID=2&worldID=0&logType=runtime&lines=24
[DMP] 2026-06-09 23:44:00 | 200 |     347.459µs |             ::1 | GET     /v3/logs/content?roomID=2&worldID=0&logType=runtime&lines=24
[DMP] 2026-06-09 23:44:02 | 200 |     249.875µs |             ::1 | GET     /v3/logs/content?roomID=2&worldID=0&logType=runtime&lines=24
[DMP] 2026-06-09 23:44:04 | 200 |     293.083µs |             ::1 | GET     /v3/logs/content?roomID=2&worldID=0&logType=runtime&lines=24
[DMP] 2026-06-09 23:44:06 | 200 |     288.916µs |             ::1 | GET     /v3/logs/content?roomID=2&worldID=0&logType=runtime&lines=24
[DMP] 2026-06-09 23:44:08 | 200 |     280.042µs |             ::1 | GET     /v3/logs/content?roomID=2&worldID=0&logType=runtime&lines=24
[DMP] 2026-06-09 23:44:10 | 200 |     200.125µs |             ::1 | GET     /v3/logs/content?roomID=2&worldID=0&logType=runtime&lines=24
[DMP] 2026-06-09 23:44:12 | 200 |     403.041µs |             ::1 | GET     /v3/logs/content?roomID=2&worldID=0&logType=runtime&lines=24
[DMP] 2026-06-09 23:44:14 | 200 |     336.625µs |             ::1 | GET     /v3/logs/content?roomID=2&worldID=0&logType=runtime&lines=24
[DMP] 2026-06-09 23:44:16 | 200 |     365.167µs |             ::1 | GET     /v3/logs/content?roomID=2&worldID=0&logType=runtime&lines=24
[DMP] 2026-06-09 23:44:18 | 200 |     252.459µs |             ::1 | GET     /v3/logs/content?roomID=2&worldID=0&logType=runtime&lines=24
[DMP] 2026-06-09 23:44:20 | 200 |     225.041µs |             ::1 | GET     /v3/logs/content?roomID=2&worldID=0&logType=runtime&lines=24
[DMP] 2026-06-09 23:44:22 | 200 |     256.709µs |             ::1 | GET     /v3/logs/content?roomID=2&worldID=0&logType=runtime&lines=24
[DMP] 2026-06-09 23:44:24 | 200 |     224.208µs |             ::1 | GET     /v3/logs/content?roomID=2&worldID=0&logType=runtime&lines=24
[DMP] 2026-06-09 23:44:26 | 200 |     237.875µs |             ::1 | GET     /v3/logs/content?roomID=2&worldID=0&logType=runtime&lines=24
[DMP] 2026-06-09 23:44:28 | 200 |      304.25µs |             ::1 | GET     /v3/logs/content?roomID=2&worldID=0&logType=runtime&lines=24
[DMP] 2026-06-09 23:44:30 | 200 |     348.833µs |             ::1 | GET     /v3/logs/content?roomID=2&worldID=0&logType=runtime&lines=24
[DMP] 2026-06-09 23:44:32 | 200 |     294.584µs |             ::1 | GET     /v3/logs/content?roomID=2&worldID=0&logType=runtime&lines=24
[DMP] 2026-06-09 23:44:34 | 200 |     314.291µs |             ::1 | GET     /v3/logs/content?roomID=2&worldID=0&logType=runtime&lines=24
[DMP] 2026-06-09 23:44:36 | 200 |     624.125µs |             ::1 | GET     /v3/logs/content?roomID=2&worldID=0&logType=runtime&lines=24
[DMP] 2026-06-09 23:44:38 | 200 |      337.25µs |             ::1 | GET     /v3/logs/content?roomID=2&worldID=0&logType=runtime&lines=24
[DMP] 2026-06-09 23:44:40 | 200 |     384.958µs |             ::1 | GET     /v3/logs/content?roomID=2&worldID=0&logType=runtime&lines=24
[DMP] 2026-06-09 23:44:42 | 200 |    3.726959ms |             ::1 | GET     /
[DMP] 2026-06-09 23:44:43 | 200 |         783µs |             ::1 | GET     /v3/platform/game_version
[DMP] 2026-06-09 23:44:43 | 200 |     808.833µs |             ::1 | GET     /v3/room/basic
[DMP] 2026-06-09 23:44:44 | 200 |     253.667µs |             ::1 | GET     /v3/dashboard/info/sys
[DMP] 2026-06-09 23:44:44 | 200 |  186.213083ms |             ::1 | GET     /v3/dashboard/info/base?roomID=2
[DMP] 2026-06-09 23:44:44 | 200 |     518.125µs |             ::1 | GET     /v3/dashboard/connection_code?roomID=2
[DMP] 2026-06-09 23:44:45 | 200 |     976.167µs |             ::1 | GET     /v3/room/list?gameName=&page=1&pageSize=4
[DMP] 2026-06-09 23:44:49 | 200 |  2.057961375s |             ::1 | POST    /v3/room/deactivate
[DMP] 2026-06-09 23:44:49 | 200 |         993µs |             ::1 | GET     /v3/room/list?gameName=&page=1&pageSize=4
[DMP] 2026-06-09 23:44:50 | 200 |  141.488416ms |             ::1 | POST    /v3/room/activate
[DMP] 2026-06-09 23:44:50 | 200 |     845.625µs |             ::1 | GET     /v3/room/list?gameName=&page=1&pageSize=4
[DMP] 2026-06-09 23:44:52 | 200 |      639.25µs |             ::1 | GET     /v3/room/factor
[DMP] 2026-06-09 23:44:52 | 200 |    4.488959ms |             ::1 | GET     /v3/room?id=2
[DMP] 2026-06-09 23:44:53 | 200 |    38.13575ms |             ::1 | PUT     /v3/room
[DMP] 2026-06-09 23:44:53 | 200 |     552.167µs |             ::1 | GET     /v3/room/factor
[DMP] 2026-06-09 23:44:53 | 200 |     808.917µs |             ::1 | GET     /v3/room?id=2
[DMP] 2026-06-09 23:44:56 | 200 |     161.958µs |             ::1 | GET     /v3/dashboard/info/sys
[DMP] 2026-06-09 23:44:56 | 200 |  180.462666ms |             ::1 | GET     /v3/dashboard/info/base?roomID=2
[DMP] 2026-06-09 23:44:56 | 200 |     369.959µs |             ::1 | GET     /v3/dashboard/connection_code?roomID=2
[DMP] 2026-06-09 23:44:58 | 200 |     119.583µs |             ::1 | GET     /v3/dashboard/info/sys
[DMP] 2026-06-09 23:44:58 | 200 |  137.945167ms |             ::1 | POST    /v3/dashboard/exec/game
[DMP] 2026-06-09 23:44:59 | 200 |   235.91425ms |             ::1 | GET     /v3/dashboard/info/base?roomID=2
[DMP] 2026-06-09 23:45:00 | 200 |         121µs |             ::1 | GET     /v3/dashboard/info/sys
[DMP] 2026-06-09 23:45:02 | 200 |   83.700875ms |             ::1 | POST    /v3/dashboard/exec/game
[DMP] 2026-06-09 23:45:02 | 200 |  243.459834ms |             ::1 | GET     /v3/dashboard/info/base?roomID=2
[DMP] 2026-06-09 23:45:02 | 200 |     257.417µs |             ::1 | GET     /v3/dashboard/info/sys
[DMP] 2026-06-09 23:45:04 | 200 |     103.416µs |             ::1 | GET     /v3/dashboard/info/sys
[DMP] 2026-06-09 23:45:05 | 200 |   135.73725ms |             ::1 | POST    /v3/dashboard/exec/game
[DMP] 2026-06-09 23:45:06 | 200 |   245.07725ms |             ::1 | GET     /v3/dashboard/info/base?roomID=2
[DMP] 2026-06-09 23:45:06 | 200 |     105.875µs |             ::1 | GET     /v3/dashboard/info/sys
[DMP] 2026-06-09 23:45:06 | 200 |  173.754291ms |             ::1 | GET     /v3/dashboard/info/base?roomID=2
[DMP] 2026-06-09 23:45:08 | 200 |      99.125µs |             ::1 | GET     /v3/dashboard/info/sys
[DMP] 2026-06-09 23:45:08 | 200 |   80.532083ms |             ::1 | POST    /v3/dashboard/exec/game
[DMP] 2026-06-09 23:45:09 | 200 |  231.471666ms |             ::1 | GET     /v3/dashboard/info/base?roomID=2
[DMP] 2026-06-09 23:45:09 | 200 |   84.763333ms |             ::1 | POST    /v3/dashboard/exec/game
[DMP] 2026-06-09 23:45:10 | 200 |  225.910416ms |             ::1 | GET     /v3/dashboard/info/base?roomID=2
[DMP] 2026-06-09 23:45:10 | 200 |      99.084µs |             ::1 | GET     /v3/dashboard/info/sys
[DMP] 2026-06-09 23:45:12 | 200 |  132.031709ms |             ::1 | POST    /v3/dashboard/exec/game
[DMP] 2026-06-09 23:45:12 | 200 |  256.008125ms |             ::1 | GET     /v3/dashboard/info/base?roomID=2
[DMP] 2026-06-09 23:45:12 | 200 |     121.667µs |             ::1 | GET     /v3/dashboard/info/sys
[DMP] 2026-06-09 23:45:13 | 200 |      38.584µs |             ::1 | GET     /
[DMP] 2026-06-09 23:45:14 | 200 |     110.208µs |             ::1 | GET     /v3/dashboard/info/sys
[DMP] 2026-06-09 23:45:14 | 200 |      848.25µs |             ::1 | GET     /v3/platform/game_version
[DMP] 2026-06-09 23:45:14 | 200 |     549.958µs |             ::1 | GET     /v3/room/basic
[DMP] 2026-06-09 23:45:14 | 200 |  204.227166ms |             ::1 | GET     /v3/dashboard/info/base?roomID=2
[DMP] 2026-06-09 23:45:14 | 200 |       417.5µs |             ::1 | GET     /v3/dashboard/connection_code?roomID=2
[DMP] 2026-06-09 23:45:16 | 200 |          82µs |             ::1 | GET     /v3/dashboard/info/sys
[DMP] 2026-06-09 23:45:18 | 200 |      88.209µs |             ::1 | GET     /v3/dashboard/info/sys
[DMP] 2026-06-09 23:45:20 | 200 |     149.792µs |             ::1 | GET     /v3/dashboard/info/sys
[DMP] 2026-06-09 23:45:20 | 200 |      83.921ms |             ::1 | POST    /v3/dashboard/exec/game
[DMP] 2026-06-09 23:45:20 | 200 |  235.156292ms |             ::1 | GET     /v3/dashboard/info/base?roomID=2
[DMP] 2026-06-09 23:45:21 | 200 |   80.097083ms |             ::1 | POST    /v3/dashboard/exec/game
[DMP] 2026-06-09 23:45:21 | 200 |      252.59ms |             ::1 | GET     /v3/dashboard/info/base?roomID=2
[DMP] 2026-06-09 23:45:22 | 200 |       135.5µs |             ::1 | GET     /v3/dashboard/info/sys
[DMP] 2026-06-09 23:45:24 | 200 |     273.625µs |             ::1 | GET     /v3/dashboard/info/sys
[DMP] 2026-06-09 23:45:24 | 200 |  175.881833ms |             ::1 | GET     /v3/dashboard/info/base?roomID=2
[DMP] 2026-06-09 23:45:27 | 200 |     222.458µs |             ::1 | GET     /v3/logs/content?roomID=2&worldID=0&logType=runtime&lines=24
[DMP] 2026-06-09 23:45:29 | 200 |     433.375µs |             ::1 | GET     /v3/logs/content?roomID=2&worldID=0&logType=runtime&lines=24
[DMP] 2026-06-09 23:45:31 | 200 |     315.667µs |             ::1 | GET     /v3/logs/content?roomID=2&worldID=0&logType=runtime&lines=24
[DMP] 2026-06-09 23:45:33 | 200 |       141.5µs |             ::1 | GET     /v3/logs/content?roomID=2&worldID=0&logType=runtime&lines=24
[DMP] 2026-06-09 23:45:35 | 200 |     336.792µs |             ::1 | GET     /v3/logs/content?roomID=2&worldID=0&logType=runtime&lines=24
[DMP] 2026-06-09 23:45:37 | 200 |     277.833µs |             ::1 | GET     /v3/logs/content?roomID=2&worldID=0&logType=runtime&lines=24
[DMP] 2026-06-09 23:45:39 | 200 |      331.25µs |             ::1 | GET     /v3/logs/content?roomID=2&worldID=0&logType=runtime&lines=24
[DMP] 2026-06-09 23:45:41 | 200 |     219.709µs |             ::1 | GET     /v3/logs/content?roomID=2&worldID=0&logType=runtime&lines=24
[DMP] 2026-06-09 23:45:43 | 200 |     189.708µs |             ::1 | GET     /v3/logs/content?roomID=2&worldID=0&logType=runtime&lines=24
[DMP] 2026-06-09 23:45:45 | 200 |     228.417µs |             ::1 | GET     /v3/logs/content?roomID=2&worldID=0&logType=runtime&lines=24
[DMP] 2026-06-09 23:45:47 | 200 |       198.5µs |             ::1 | GET     /v3/logs/content?roomID=2&worldID=0&logType=runtime&lines=24
[DMP] 2026-06-09 23:45:49 | 200 |     242.917µs |             ::1 | GET     /v3/logs/content?roomID=2&worldID=0&logType=runtime&lines=24
[DMP] 2026-06-09 23:45:51 | 200 |     441.333µs |             ::1 | GET     /v3/logs/content?roomID=2&worldID=0&logType=runtime&lines=24
[DMP] 2026-06-09 23:45:53 | 200 |     432.625µs |             ::1 | GET     /v3/logs/content?roomID=2&worldID=0&logType=runtime&lines=24
[DMP] 2026-06-09 23:45:55 | 200 |     253.042µs |             ::1 | GET     /v3/logs/content?roomID=2&worldID=0&logType=runtime&lines=24
[DMP] 2026-06-09 23:45:57 | 200 |         385µs |             ::1 | GET     /v3/logs/content?roomID=2&worldID=0&logType=runtime&lines=24
[DMP] 2026-06-09 23:45:59 | 200 |         232µs |             ::1 | GET     /v3/logs/content?roomID=2&worldID=0&logType=runtime&lines=24
[DMP] 2026-06-09 23:46:01 | 200 |         252µs |             ::1 | GET     /v3/logs/content?roomID=2&worldID=0&logType=runtime&lines=24
[DMP] 2026-06-09 23:46:03 | 200 |     251.458µs |             ::1 | GET     /v3/logs/content?roomID=2&worldID=0&logType=runtime&lines=24
[DMP] 2026-06-09 23:46:05 | 200 |     469.792µs |             ::1 | GET     /v3/logs/content?roomID=2&worldID=0&logType=runtime&lines=24
[DMP] 2026-06-09 23:46:07 | 200 |     252.042µs |             ::1 | GET     /v3/logs/content?roomID=2&worldID=0&logType=runtime&lines=24
[DMP] 2026-06-09 23:46:09 | 200 |     217.292µs |             ::1 | GET     /v3/logs/content?roomID=2&worldID=0&logType=runtime&lines=24
[DMP] 2026-06-09 23:46:11 | 200 |     467.958µs |             ::1 | GET     /v3/logs/content?roomID=2&worldID=0&logType=runtime&lines=24
[DMP] 2026-06-09 23:46:13 | 200 |      231.75µs |             ::1 | GET     /v3/logs/content?roomID=2&worldID=0&logType=runtime&lines=24
[DMP] 2026-06-09 23:46:15 | 200 |     273.416µs |             ::1 | GET     /v3/logs/content?roomID=2&worldID=0&logType=runtime&lines=24
[DMP] 2026-06-09 23:46:17 | 200 |     253.375µs |             ::1 | GET     /v3/logs/content?roomID=2&worldID=0&logType=runtime&lines=24
[DMP] 2026-06-09 23:46:19 | 200 |     265.792µs |             ::1 | GET     /v3/logs/content?roomID=2&worldID=0&logType=runtime&lines=24
[DMP] 2026-06-09 23:46:21 | 200 |     229.375µs |             ::1 | GET     /v3/logs/content?roomID=2&worldID=0&logType=runtime&lines=24
[DMP] 2026-06-09 23:46:23 | 200 |     393.875µs |             ::1 | GET     /v3/logs/content?roomID=2&worldID=0&logType=runtime&lines=24
[DMP] 2026-06-09 23:46:25 | 200 |      250.25µs |             ::1 | GET     /v3/logs/content?roomID=2&worldID=0&logType=runtime&lines=24
[DMP] 2026-06-09 23:46:27 | 200 |       267.5µs |             ::1 | GET     /v3/logs/content?roomID=2&worldID=0&logType=runtime&lines=24
[DMP] 2026-06-09 23:46:29 | 200 |     307.416µs |             ::1 | GET     /v3/logs/content?roomID=2&worldID=0&logType=runtime&lines=24
[DMP] 2026-06-09 23:46:31 | 200 |         219µs |             ::1 | GET     /v3/logs/content?roomID=2&worldID=0&logType=runtime&lines=24
[DMP] 2026-06-09 23:46:33 | 200 |     256.583µs |             ::1 | GET     /v3/logs/content?roomID=2&worldID=0&logType=runtime&lines=24
[DMP] 2026-06-09 23:46:35 | 200 |         295µs |             ::1 | GET     /v3/logs/content?roomID=2&worldID=0&logType=runtime&lines=24
[DMP] 2026-06-09 23:46:37 | 200 |       295.5µs |             ::1 | GET     /v3/logs/content?roomID=2&worldID=0&logType=runtime&lines=24
[DMP] 2026-06-09 23:46:39 | 200 |     244.917µs |             ::1 | GET     /v3/logs/content?roomID=2&worldID=0&logType=runtime&lines=24
[DMP] 2026-06-09 23:46:41 | 200 |     308.792µs |             ::1 | GET     /v3/logs/content?roomID=2&worldID=0&logType=runtime&lines=24
[DMP] 2026-06-09 23:46:43 | 200 |     271.875µs |             ::1 | GET     /v3/logs/content?roomID=2&worldID=0&logType=runtime&lines=24
[DMP] 2026-06-09 23:46:45 | 200 |     216.792µs |             ::1 | GET     /v3/logs/content?roomID=2&worldID=0&logType=runtime&lines=24
[DMP] 2026-06-09 23:46:47 | 200 |      238.75µs |             ::1 | GET     /v3/logs/content?roomID=2&worldID=0&logType=runtime&lines=24
[DMP] 2026-06-09 23:46:49 | 200 |     211.583µs |             ::1 | GET     /v3/logs/content?roomID=2&worldID=0&logType=runtime&lines=24
[DMP] 2026-06-09 23:46:51 | 200 |     327.958µs |             ::1 | GET     /v3/logs/content?roomID=2&worldID=0&logType=runtime&lines=24
[DMP] 2026-06-09 23:46:53 | 200 |     225.542µs |             ::1 | GET     /v3/logs/content?roomID=2&worldID=0&logType=runtime&lines=24
[DMP] 2026-06-09 23:46:55 | 200 |     318.208µs |             ::1 | GET     /v3/logs/content?roomID=2&worldID=0&logType=runtime&lines=24
[DMP] 2026-06-09 23:46:57 | 200 |     238.875µs |             ::1 | GET     /v3/logs/content?roomID=2&worldID=0&logType=runtime&lines=24
[DMP] 2026-06-09 23:46:59 | 200 |     360.709µs |             ::1 | GET     /v3/logs/content?roomID=2&worldID=0&logType=runtime&lines=24
[DMP] 2026-06-09 23:47:01 | 200 |     246.708µs |             ::1 | GET     /v3/logs/content?roomID=2&worldID=0&logType=runtime&lines=24
[DMP] 2026-06-09 23:47:03 | 200 |      252.75µs |             ::1 | GET     /v3/logs/content?roomID=2&worldID=0&logType=runtime&lines=24
[DMP] 2026-06-09 23:47:05 | 200 |     400.583µs |             ::1 | GET     /v3/logs/content?roomID=2&worldID=0&logType=runtime&lines=24
[DMP] 2026-06-09 23:47:07 | 200 |     277.209µs |             ::1 | GET     /v3/logs/content?roomID=2&worldID=0&logType=runtime&lines=24
[DMP] 2026-06-09 23:47:09 | 200 |     343.375µs |             ::1 | GET     /v3/logs/content?roomID=2&worldID=0&logType=runtime&lines=24
[DMP] 2026-06-09 23:47:11 | 200 |     259.042µs |             ::1 | GET     /v3/logs/content?roomID=2&worldID=0&logType=runtime&lines=24
[DMP] 2026-06-09 23:47:13 | 200 |      247.75µs |             ::1 | GET     /v3/logs/content?roomID=2&worldID=0&logType=runtime&lines=24
[DMP] 2026-06-09 23:47:15 | 200 |     222.208µs |             ::1 | GET     /v3/logs/content?roomID=2&worldID=0&logType=runtime&lines=24
[DMP] 2026-06-09 23:47:17 | 200 |     365.333µs |             ::1 | GET     /v3/logs/content?roomID=2&worldID=0&logType=runtime&lines=24
[DMP] 2026-06-09 23:47:19 | 200 |     266.083µs |             ::1 | GET     /v3/logs/content?roomID=2&worldID=0&logType=runtime&lines=24
[DMP] 2026-06-09 23:47:21 | 200 |     336.625µs |             ::1 | GET     /v3/logs/content?roomID=2&worldID=0&logType=runtime&lines=24
[DMP] 2026-06-09 23:47:23 | 200 |     232.542µs |             ::1 | GET     /v3/logs/content?roomID=2&worldID=0&logType=runtime&lines=24
[DMP] 2026-06-09 23:47:25 | 200 |     230.458µs |             ::1 | GET     /v3/logs/content?roomID=2&worldID=0&logType=runtime&lines=24
[DMP] 2026-06-09 23:47:27 | 200 |     240.125µs |             ::1 | GET     /v3/logs/content?roomID=2&worldID=0&logType=runtime&lines=24
[DMP] 2026-06-09 23:47:29 | 200 |     355.916µs |             ::1 | GET     /v3/logs/content?roomID=2&worldID=0&logType=runtime&lines=24
[DMP] 2026-06-09 23:47:31 | 200 |     186.792µs |             ::1 | GET     /v3/logs/content?roomID=2&worldID=0&logType=runtime&lines=24
[DMP] 2026-06-09 23:47:33 | 200 |     357.541µs |             ::1 | GET     /v3/logs/content?roomID=2&worldID=0&logType=runtime&lines=24
[DMP] 2026-06-09 23:47:35 | 200 |     434.791µs |             ::1 | GET     /v3/logs/content?roomID=2&worldID=0&logType=runtime&lines=24
[DMP] 2026-06-09 23:47:37 | 200 |     215.542µs |             ::1 | GET     /v3/logs/content?roomID=2&worldID=0&logType=runtime&lines=24
[DMP] 2026-06-09 23:47:39 | 200 |     392.167µs |             ::1 | GET     /v3/logs/content?roomID=2&worldID=0&logType=runtime&lines=24
[DMP] 2026-06-09 23:47:41 | 200 |     221.458µs |             ::1 | GET     /v3/logs/content?roomID=2&worldID=0&logType=runtime&lines=24
[DMP] 2026-06-09 23:47:43 | 200 |     209.625µs |             ::1 | GET     /v3/logs/content?roomID=2&worldID=0&logType=runtime&lines=24
[DMP] 2026-06-09 23:47:45 | 200 |     442.958µs |             ::1 | GET     /v3/logs/content?roomID=2&worldID=0&logType=runtime&lines=24
[DMP] 2026-06-09 23:47:47 | 200 |     242.708µs |             ::1 | GET     /v3/logs/content?roomID=2&worldID=0&logType=runtime&lines=24
[DMP] 2026-06-09 23:47:49 | 200 |     379.959µs |             ::1 | GET     /v3/logs/content?roomID=2&worldID=0&logType=runtime&lines=24
[DMP] 2026-06-09 23:47:51 | 200 |     327.042µs |             ::1 | GET     /v3/logs/content?roomID=2&worldID=0&logType=runtime&lines=24
[DMP] 2026-06-09 23:47:53 | 200 |     967.875µs |             ::1 | GET     /v3/logs/content?roomID=2&worldID=0&logType=runtime&lines=24
[DMP] 2026-06-09 23:47:55 | 200 |     361.583µs |             ::1 | GET     /v3/logs/content?roomID=2&worldID=0&logType=runtime&lines=24
[DMP] 2026-06-09 23:47:57 | 200 |     238.959µs |             ::1 | GET     /v3/logs/content?roomID=2&worldID=0&logType=runtime&lines=24
[DMP] 2026-06-09 23:47:59 | 200 |      263.75µs |             ::1 | GET     /v3/logs/content?roomID=2&worldID=0&logType=runtime&lines=24
[DMP] 2026-06-09 23:48:01 | 200 |     282.792µs |             ::1 | GET     /v3/logs/content?roomID=2&worldID=0&logType=runtime&lines=24
[DMP] 2026-06-09 23:48:03 | 200 |     228.083µs |             ::1 | GET     /v3/logs/content?roomID=2&worldID=0&logType=runtime&lines=24
[DMP] 2026-06-09 23:48:05 | 200 |      254.25µs |             ::1 | GET     /v3/logs/content?roomID=2&worldID=0&logType=runtime&lines=24
[DMP] 2026-06-09 23:48:07 | 200 |     218.583µs |             ::1 | GET     /v3/logs/content?roomID=2&worldID=0&logType=runtime&lines=24
[DMP] 2026-06-09 23:48:09 | 200 |     229.708µs |             ::1 | GET     /v3/logs/content?roomID=2&worldID=0&logType=runtime&lines=24
[DMP] 2026-06-09 23:48:11 | 200 |     251.833µs |             ::1 | GET     /v3/logs/content?roomID=2&worldID=0&logType=runtime&lines=24
[DMP] 2026-06-09 23:48:13 | 200 |     222.584µs |             ::1 | GET     /v3/logs/content?roomID=2&worldID=0&logType=runtime&lines=24
[DMP] 2026-06-09 23:48:15 | 200 |     305.666µs |             ::1 | GET     /v3/logs/content?roomID=2&worldID=0&logType=runtime&lines=24
[DMP] 2026-06-09 23:48:17 | 200 |     546.125µs |             ::1 | GET     /v3/logs/content?roomID=2&worldID=0&logType=runtime&lines=24
[DMP] 2026-06-09 23:48:19 | 200 |     349.459µs |             ::1 | GET     /v3/logs/content?roomID=2&worldID=0&logType=runtime&lines=24
[DMP] 2026-06-09 23:48:21 | 200 |     395.833µs |             ::1 | GET     /v3/logs/content?roomID=2&worldID=0&logType=runtime&lines=24
[DMP] 2026-06-09 23:48:23 | 200 |     474.125µs |             ::1 | GET     /v3/logs/content?roomID=2&worldID=0&logType=runtime&lines=24
[DMP] 2026-06-09 23:48:25 | 200 |     463.583µs |             ::1 | GET     /v3/logs/content?roomID=2&worldID=0&logType=runtime&lines=24
[DMP] 2026-06-09 23:48:27 | 200 |     262.667µs |             ::1 | GET     /v3/logs/content?roomID=2&worldID=0&logType=runtime&lines=24
[DMP] 2026-06-09 23:48:29 | 200 |     270.666µs |             ::1 | GET     /v3/logs/content?roomID=2&worldID=0&logType=runtime&lines=24
[DMP] 2026-06-09 23:48:31 | 200 |     199.875µs |             ::1 | GET     /v3/logs/content?roomID=2&worldID=0&logType=runtime&lines=24
[DMP] 2026-06-09 23:48:33 | 200 |      403.25µs |             ::1 | GET     /v3/logs/content?roomID=2&worldID=0&logType=runtime&lines=24
[DMP] 2026-06-09 23:48:35 | 200 |      247.25µs |             ::1 | GET     /v3/logs/content?roomID=2&worldID=0&logType=runtime&lines=24
[DMP] 2026-06-09 23:48:37 | 200 |     311.625µs |             ::1 | GET     /v3/logs/content?roomID=2&worldID=0&logType=runtime&lines=24
[DMP] 2026-06-09 23:48:39 | 200 |     346.167µs |             ::1 | GET     /v3/logs/content?roomID=2&worldID=0&logType=runtime&lines=24
[DMP] 2026-06-09 23:48:41 | 200 |      290.75µs |             ::1 | GET     /v3/logs/content?roomID=2&worldID=0&logType=runtime&lines=24
[DMP] 2026-06-09 23:48:43 | 200 |     250.084µs |             ::1 | GET     /v3/logs/content?roomID=2&worldID=0&logType=runtime&lines=24
[DMP] 2026-06-09 23:48:45 | 200 |     263.166µs |             ::1 | GET     /v3/logs/content?roomID=2&worldID=0&logType=runtime&lines=24
[DMP] 2026-06-09 23:48:47 | 200 |     462.583µs |             ::1 | GET     /v3/logs/content?roomID=2&worldID=0&logType=runtime&lines=24
[DMP] 2026-06-09 23:48:49 | 200 |     228.958µs |             ::1 | GET     /v3/logs/content?roomID=2&worldID=0&logType=runtime&lines=24
[DMP] 2026-06-09 23:48:51 | 200 |     152.292µs |             ::1 | GET     /v3/logs/content?roomID=2&worldID=0&logType=runtime&lines=24
[DMP] 2026-06-09 23:48:53 | 200 |     246.167µs |             ::1 | GET     /v3/logs/content?roomID=2&worldID=0&logType=runtime&lines=24
[DMP] 2026-06-09 23:48:55 | 200 |     248.542µs |             ::1 | GET     /v3/logs/content?roomID=2&worldID=0&logType=runtime&lines=24
[DMP] 2026-06-09 23:48:57 | 200 |      373.25µs |             ::1 | GET     /v3/logs/content?roomID=2&worldID=0&logType=runtime&lines=24
[DMP] 2026-06-09 23:48:59 | 200 |     262.292µs |             ::1 | GET     /v3/logs/content?roomID=2&worldID=0&logType=runtime&lines=24
[DMP] 2026-06-09 23:49:01 | 200 |     347.167µs |             ::1 | GET     /v3/logs/content?roomID=2&worldID=0&logType=runtime&lines=24
[DMP] 2026-06-09 23:49:03 | 200 |     269.042µs |             ::1 | GET     /v3/logs/content?roomID=2&worldID=0&logType=runtime&lines=24
[DMP] 2026-06-09 23:49:05 | 200 |     537.459µs |             ::1 | GET     /v3/logs/content?roomID=2&worldID=0&logType=runtime&lines=24
[DMP] 2026-06-09 23:49:07 | 200 |     332.667µs |             ::1 | GET     /v3/logs/content?roomID=2&worldID=0&logType=runtime&lines=24
[DMP] 2026-06-09 23:49:09 | 200 |     233.708µs |             ::1 | GET     /v3/logs/content?roomID=2&worldID=0&logType=runtime&lines=24
[DMP] 2026-06-09 23:49:11 | 200 |       341.5µs |             ::1 | GET     /v3/logs/content?roomID=2&worldID=0&logType=runtime&lines=24
[DMP] 2026-06-09 23:49:13 | 200 |         211µs |             ::1 | GET     /v3/logs/content?roomID=2&worldID=0&logType=runtime&lines=24
[DMP] 2026-06-09 23:49:15 | 200 |     235.625µs |             ::1 | GET     /v3/logs/content?roomID=2&worldID=0&logType=runtime&lines=24
[DMP] 2026-06-09 23:49:17 | 200 |     437.084µs |             ::1 | GET     /v3/logs/content?roomID=2&worldID=0&logType=runtime&lines=24
[DMP] 2026-06-09 23:49:19 | 200 |     264.541µs |             ::1 | GET     /v3/logs/content?roomID=2&worldID=0&logType=runtime&lines=24
[DMP] 2026-06-09 23:49:21 | 200 |     300.042µs |             ::1 | GET     /v3/logs/content?roomID=2&worldID=0&logType=runtime&lines=24
[DMP] 2026-06-09 23:49:23 | 200 |     301.333µs |             ::1 | GET     /v3/logs/content?roomID=2&worldID=0&logType=runtime&lines=24
[DMP] 2026-06-09 23:49:25 | 200 |         302µs |             ::1 | GET     /v3/logs/content?roomID=2&worldID=0&logType=runtime&lines=24
[DMP] 2026-06-09 23:49:27 | 200 |     892.833µs |             ::1 | GET     /v3/logs/content?roomID=2&worldID=0&logType=runtime&lines=24
[DMP] 2026-06-09 23:49:29 | 200 |     239.791µs |             ::1 | GET     /v3/logs/content?roomID=2&worldID=0&logType=runtime&lines=24
[DMP] 2026-06-09 23:49:31 | 200 |     334.916µs |             ::1 | GET     /v3/logs/content?roomID=2&worldID=0&logType=runtime&lines=24
[DMP] 2026-06-09 23:49:33 | 200 |     206.916µs |             ::1 | GET     /v3/logs/content?roomID=2&worldID=0&logType=runtime&lines=24
[DMP] 2026-06-09 23:49:35 | 200 |     248.208µs |             ::1 | GET     /v3/logs/content?roomID=2&worldID=0&logType=runtime&lines=24
[DMP] 2026-06-09 23:49:37 | 200 |     264.459µs |             ::1 | GET     /v3/logs/content?roomID=2&worldID=0&logType=runtime&lines=24
[DMP] 2026-06-09 23:49:39 | 200 |     405.917µs |             ::1 | GET     /v3/logs/content?roomID=2&worldID=0&logType=runtime&lines=24
[DMP] 2026-06-09 23:49:41 | 200 |     304.042µs |             ::1 | GET     /v3/logs/content?roomID=2&worldID=0&logType=runtime&lines=24
[DMP] 2026-06-09 23:49:43 | 200 |     306.458µs |             ::1 | GET     /v3/logs/content?roomID=2&worldID=0&logType=runtime&lines=24
[DMP] 2026-06-09 23:49:45 | 200 |      557.75µs |             ::1 | GET     /v3/logs/content?roomID=2&worldID=0&logType=runtime&lines=24
[DMP] 2026-06-09 23:49:47 | 200 |     418.709µs |             ::1 | GET     /v3/logs/content?roomID=2&worldID=0&logType=runtime&lines=24
[DMP] 2026-06-09 23:49:49 | 200 |     255.083µs |             ::1 | GET     /v3/logs/content?roomID=2&worldID=0&logType=runtime&lines=24
[DMP] 2026-06-09 23:49:51 | 200 |     224.583µs |             ::1 | GET     /v3/logs/content?roomID=2&worldID=0&logType=runtime&lines=24
[DMP] 2026-06-09 23:49:53 | 200 |     146.416µs |             ::1 | GET     /v3/logs/content?roomID=2&worldID=0&logType=runtime&lines=24
[DMP] 2026-06-09 23:49:55 | 200 |     302.958µs |             ::1 | GET     /v3/logs/content?roomID=2&worldID=0&logType=runtime&lines=24
[DMP] 2026-06-09 23:49:57 | 200 |    3.585334ms |             ::1 | GET     /
[DMP] 2026-06-09 23:49:58 | 200 |     605.666µs |             ::1 | GET     /v3/dashboard/info/sys
[DMP] 2026-06-09 23:49:58 | 200 |  975.371375ms |             ::1 | GET     /v3/platform/game_version
[DMP] 2026-06-09 23:49:58 | 200 |     560.042µs |             ::1 | GET     /v3/room/basic
[DMP] 2026-06-09 23:49:59 | 200 |  268.940417ms |             ::1 | GET     /v3/dashboard/info/base?roomID=2
[DMP] 2026-06-09 23:49:59 | 200 |    1.006333ms |             ::1 | GET     /v3/dashboard/connection_code?roomID=2
[DMP] 2026-06-09 23:50:01 | 200 |        76.5µs |             ::1 | GET     /v3/dashboard/info/sys
[DMP] 2026-06-09 23:50:01 | 200 |  216.220125ms |             ::1 | POST    /v3/dashboard/exec/game
[DMP] 2026-06-09 23:50:01 | 200 |  298.121166ms |             ::1 | GET     /v3/dashboard/info/base?roomID=2
[DMP] 2026-06-09 23:50:03 | 200 |     116.416µs |             ::1 | GET     /v3/dashboard/info/sys
[DMP] 2026-06-09 23:50:05 | 200 |     134.542µs |             ::1 | GET     /v3/dashboard/info/sys
[DMP] 2026-06-09 23:50:07 | 200 |      98.042µs |             ::1 | GET     /v3/dashboard/info/sys
[DMP] 2026-06-09 23:50:09 | 200 |     232.959µs |             ::1 | GET     /v3/dashboard/info/sys
[DMP] 2026-06-09 23:50:09 | 200 |  202.843834ms |             ::1 | GET     /v3/dashboard/info/base?roomID=2
[DMP] 2026-06-09 23:50:11 | 200 |     279.333µs |             ::1 | GET     /v3/dashboard/info/sys
[DMP] 2026-06-09 23:50:13 | 200 |     142.166µs |             ::1 | GET     /v3/dashboard/info/sys
[DMP] 2026-06-09 23:50:15 | 200 |      104.25µs |             ::1 | GET     /v3/dashboard/info/sys
[DMP] 2026-06-09 23:50:17 | 200 |     115.333µs |             ::1 | GET     /v3/dashboard/info/sys
[DMP] 2026-06-09 23:50:19 | 200 |      59.291µs |             ::1 | GET     /v3/dashboard/info/sys
[DMP] 2026-06-09 23:50:19 | 200 |  170.045959ms |             ::1 | GET     /v3/dashboard/info/base?roomID=2
[DMP] 2026-06-09 23:50:21 | 200 |     102.792µs |             ::1 | GET     /v3/dashboard/info/sys
[DMP] 2026-06-09 23:50:23 | 200 |     158.792µs |             ::1 | GET     /v3/dashboard/info/sys
[DMP] 2026-06-09 23:50:25 | 200 |      163.75µs |             ::1 | GET     /v3/dashboard/info/sys
[DMP] 2026-06-09 23:50:27 | 200 |      97.417µs |             ::1 | GET     /v3/dashboard/info/sys
[DMP] 2026-06-09 23:50:29 | 200 |      77.041µs |             ::1 | GET     /v3/dashboard/info/sys
[DMP] 2026-06-09 23:50:29 | 200 |  193.445167ms |             ::1 | GET     /v3/dashboard/info/base?roomID=2
[DMP] 2026-06-09 23:50:31 | 200 |     124.458µs |             ::1 | GET     /v3/dashboard/info/sys
[DMP] 2026-06-09 23:50:33 | 200 |     126.167µs |             ::1 | GET     /v3/dashboard/info/sys
[DMP] 2026-06-09 23:50:35 | 200 |     200.583µs |             ::1 | GET     /v3/dashboard/info/sys
[DMP] 2026-06-09 23:50:37 | 200 |      79.458µs |             ::1 | GET     /v3/dashboard/info/sys
[DMP] 2026-06-09 23:50:39 | 200 |     182.291µs |             ::1 | GET     /v3/dashboard/info/sys
[DMP] 2026-06-09 23:50:39 | 200 |  176.908708ms |             ::1 | GET     /v3/dashboard/info/base?roomID=2
[DMP] 2026-06-09 23:50:41 | 200 |     204.625µs |             ::1 | GET     /v3/dashboard/info/sys
[DMP] 2026-06-09 23:50:43 | 200 |     134.875µs |             ::1 | GET     /v3/dashboard/info/sys
[DMP] 2026-06-09 23:50:45 | 200 |     106.291µs |             ::1 | GET     /v3/dashboard/info/sys
[DMP] 2026-06-09 23:50:47 | 200 |      96.292µs |             ::1 | GET     /v3/dashboard/info/sys
[DMP] 2026-06-09 23:50:49 | 200 |       248.5µs |             ::1 | GET     /v3/dashboard/info/sys
[DMP] 2026-06-09 23:50:49 | 200 |  187.379625ms |             ::1 | GET     /v3/dashboard/info/base?roomID=2
[DMP] 2026-06-09 23:50:51 | 200 |     101.333µs |             ::1 | GET     /v3/dashboard/info/sys
[DMP] 2026-06-09 23:50:53 | 200 |     119.375µs |             ::1 | GET     /v3/dashboard/info/sys
[DMP] 2026-06-09 23:50:55 | 200 |      93.417µs |             ::1 | GET     /v3/dashboard/info/sys
[DMP] 2026-06-09 23:50:57 | 200 |     153.958µs |             ::1 | GET     /v3/dashboard/info/sys
[DMP] 2026-06-09 23:50:59 | 200 |      73.375µs |             ::1 | GET     /v3/dashboard/info/sys
[DMP] 2026-06-09 23:50:59 | 200 |  188.110334ms |             ::1 | GET     /v3/dashboard/info/base?roomID=2
[DMP] 2026-06-09 23:51:01 | 200 |      158.75µs |             ::1 | GET     /v3/dashboard/info/sys
[DMP] 2026-06-09 23:51:03 | 200 |     174.333µs |             ::1 | GET     /v3/dashboard/info/sys
[DMP] 2026-06-09 23:51:05 | 200 |     105.625µs |             ::1 | GET     /v3/dashboard/info/sys
[DMP] 2026-06-09 23:51:07 | 200 |     108.875µs |             ::1 | GET     /v3/dashboard/info/sys
[DMP] 2026-06-09 23:51:09 | 200 |     158.875µs |             ::1 | GET     /v3/dashboard/info/sys
[DMP] 2026-06-09 23:51:09 | 200 |  190.263916ms |             ::1 | GET     /v3/dashboard/info/base?roomID=2
[DMP] 2026-06-09 23:51:11 | 200 |     214.125µs |             ::1 | GET     /v3/dashboard/info/sys
[DMP] 2026-06-09 23:51:13 | 200 |         152µs |             ::1 | GET     /v3/dashboard/info/sys
[DMP] 2026-06-09 23:51:15 | 200 |     158.458µs |             ::1 | GET     /v3/dashboard/info/sys
[DMP] 2026-06-09 23:51:17 | 200 |     110.208µs |             ::1 | GET     /v3/dashboard/info/sys
[DMP] 2026-06-09 23:51:19 | 200 |      66.208µs |             ::1 | GET     /v3/dashboard/info/sys
[DMP] 2026-06-09 23:51:19 | 200 |  167.120834ms |             ::1 | GET     /v3/dashboard/info/base?roomID=2
[DMP] 2026-06-09 23:51:21 | 200 |     208.125µs |             ::1 | GET     /v3/dashboard/info/sys
[DMP] 2026-06-09 23:51:23 | 200 |     119.875µs |             ::1 | GET     /v3/dashboard/info/sys
[DMP] 2026-06-09 23:51:25 | 200 |     275.042µs |             ::1 | GET     /v3/dashboard/info/sys
[DMP] 2026-06-09 23:51:27 | 200 |     132.917µs |             ::1 | GET     /v3/dashboard/info/sys
[DMP] 2026-06-09 23:51:29 | 200 |     114.333µs |             ::1 | GET     /v3/dashboard/info/sys
[DMP] 2026-06-09 23:51:29 | 200 |  190.393833ms |             ::1 | GET     /v3/dashboard/info/base?roomID=2
[DMP] 2026-06-09 23:51:31 | 200 |     139.375µs |             ::1 | GET     /v3/dashboard/info/sys
[DMP] 2026-06-09 23:51:33 | 200 |      86.125µs |             ::1 | GET     /v3/dashboard/info/sys
[DMP] 2026-06-09 23:51:35 | 200 |     176.333µs |             ::1 | GET     /v3/dashboard/info/sys
[DMP] 2026-06-09 23:51:37 | 200 |      78.583µs |             ::1 | GET     /v3/dashboard/info/sys
[DMP] 2026-06-09 23:51:39 | 200 |     139.875µs |             ::1 | GET     /v3/dashboard/info/sys
[DMP] 2026-06-09 23:51:39 | 200 |  281.001291ms |             ::1 | GET     /v3/dashboard/info/base?roomID=2
[DMP] 2026-06-09 23:51:41 | 200 |      99.417µs |             ::1 | GET     /v3/dashboard/info/sys
[DMP] 2026-06-09 23:51:43 | 200 |     171.666µs |             ::1 | GET     /v3/dashboard/info/sys
[DMP] 2026-06-09 23:51:45 | 200 |     122.583µs |             ::1 | GET     /v3/dashboard/info/sys
[DMP] 2026-06-09 23:51:47 | 200 |       84.25µs |             ::1 | GET     /v3/dashboard/info/sys
[DMP] 2026-06-09 23:51:49 | 200 |      58.958µs |             ::1 | GET     /v3/dashboard/info/sys
[DMP] 2026-06-09 23:51:49 | 200 |  227.604833ms |             ::1 | GET     /v3/dashboard/info/base?roomID=2
[DMP] 2026-06-09 23:51:51 | 200 |     115.709µs |             ::1 | GET     /v3/dashboard/info/sys
[DMP] 2026-06-09 23:51:53 | 200 |      95.375µs |             ::1 | GET     /v3/dashboard/info/sys
[DMP] 2026-06-09 23:51:55 | 200 |     132.958µs |             ::1 | GET     /v3/dashboard/info/sys
[DMP] 2026-06-09 23:51:57 | 200 |     165.208µs |             ::1 | GET     /v3/dashboard/info/sys
[DMP] 2026-06-09 23:51:59 | 200 |     102.375µs |             ::1 | GET     /v3/dashboard/info/sys
[DMP] 2026-06-09 23:51:59 | 200 |  260.681875ms |             ::1 | GET     /v3/dashboard/info/base?roomID=2
[DMP] 2026-06-09 23:52:01 | 200 |      99.333µs |             ::1 | GET     /v3/dashboard/info/sys
[DMP] 2026-06-09 23:52:03 | 200 |     179.125µs |             ::1 | GET     /v3/dashboard/info/sys
[DMP] 2026-06-09 23:52:05 | 200 |      94.208µs |             ::1 | GET     /v3/dashboard/info/sys
[DMP] 2026-06-09 23:52:07 | 200 |     118.708µs |             ::1 | GET     /v3/dashboard/info/sys
[DMP] 2026-06-09 23:52:09 | 200 |     184.667µs |             ::1 | GET     /v3/dashboard/info/sys
[DMP] 2026-06-09 23:52:09 | 200 |  226.356459ms |             ::1 | GET     /v3/dashboard/info/base?roomID=2
[DMP] 2026-06-09 23:52:11 | 200 |      80.625µs |             ::1 | GET     /v3/dashboard/info/sys
[DMP] 2026-06-09 23:52:13 | 200 |      85.833µs |             ::1 | GET     /v3/dashboard/info/sys
[DMP] 2026-06-09 23:52:15 | 200 |     103.709µs |             ::1 | GET     /v3/dashboard/info/sys
[DMP] 2026-06-09 23:52:17 | 200 |     100.125µs |             ::1 | GET     /v3/dashboard/info/sys
[DMP] 2026-06-09 23:52:19 | 200 |     125.042µs |             ::1 | GET     /v3/dashboard/info/sys
[DMP] 2026-06-09 23:52:19 | 200 |  243.248667ms |             ::1 | GET     /v3/dashboard/info/base?roomID=2
[DMP] 2026-06-09 23:52:21 | 200 |     283.792µs |             ::1 | GET     /v3/dashboard/info/sys
[DMP] 2026-06-09 23:52:23 | 200 |     100.875µs |             ::1 | GET     /v3/dashboard/info/sys
[DMP] 2026-06-09 23:52:25 | 200 |     130.625µs |             ::1 | GET     /v3/dashboard/info/sys
[DMP] 2026-06-09 23:52:27 | 200 |     113.708µs |             ::1 | GET     /v3/dashboard/info/sys
[DMP] 2026-06-09 23:52:29 | 200 |      55.167µs |             ::1 | GET     /v3/dashboard/info/sys
[DMP] 2026-06-09 23:52:29 | 200 |  178.760959ms |             ::1 | GET     /v3/dashboard/info/base?roomID=2
[DMP] 2026-06-09 23:52:31 | 200 |     144.084µs |             ::1 | GET     /v3/dashboard/info/sys
[DMP] 2026-06-09 23:52:33 | 200 |      90.916µs |             ::1 | GET     /v3/dashboard/info/sys
[DMP] 2026-06-09 23:52:35 | 200 |     153.625µs |             ::1 | GET     /v3/dashboard/info/sys
[DMP] 2026-06-09 23:52:37 | 200 |     115.083µs |             ::1 | GET     /v3/dashboard/info/sys
[DMP] 2026-06-09 23:52:39 | 200 |      80.292µs |             ::1 | GET     /v3/dashboard/info/sys
[DMP] 2026-06-09 23:52:39 | 200 |  185.362334ms |             ::1 | GET     /v3/dashboard/info/base?roomID=2
[DMP] 2026-06-09 23:52:41 | 200 |     137.292µs |             ::1 | GET     /v3/dashboard/info/sys
[DMP] 2026-06-09 23:52:43 | 200 |     220.666µs |             ::1 | GET     /v3/dashboard/info/sys
[DMP] 2026-06-09 23:52:45 | 200 |      114.25µs |             ::1 | GET     /v3/dashboard/info/sys
[DMP] 2026-06-09 23:52:47 | 200 |     130.625µs |             ::1 | GET     /v3/dashboard/info/sys
[DMP] 2026-06-09 23:52:49 | 200 |     133.208µs |             ::1 | GET     /v3/dashboard/info/sys
[DMP] 2026-06-09 23:52:49 | 200 |  173.852666ms |             ::1 | GET     /v3/dashboard/info/base?roomID=2
[DMP] 2026-06-09 23:52:51 | 200 |     216.791µs |             ::1 | GET     /v3/dashboard/info/sys
[DMP] 2026-06-09 23:52:53 | 200 |     171.625µs |             ::1 | GET     /v3/dashboard/info/sys
[DMP] 2026-06-09 23:52:55 | 200 |     117.458µs |             ::1 | GET     /v3/dashboard/info/sys
[DMP] 2026-06-09 23:52:57 | 200 |     105.542µs |             ::1 | GET     /v3/dashboard/info/sys
[DMP] 2026-06-09 23:52:59 | 200 |     122.708µs |             ::1 | GET     /v3/dashboard/info/sys
[DMP] 2026-06-09 23:52:59 | 200 |  195.709333ms |             ::1 | GET     /v3/dashboard/info/base?roomID=2
[DMP] 2026-06-09 23:53:01 | 200 |     106.209µs |             ::1 | GET     /v3/dashboard/info/sys
[DMP] 2026-06-09 23:53:03 | 200 |     136.333µs |             ::1 | GET     /v3/dashboard/info/sys
[DMP] 2026-06-09 23:53:05 | 200 |     109.292µs |             ::1 | GET     /v3/dashboard/info/sys
[DMP] 2026-06-09 23:53:07 | 200 |      152.75µs |             ::1 | GET     /v3/dashboard/info/sys
[DMP] 2026-06-09 23:53:09 | 200 |      63.666µs |             ::1 | GET     /v3/dashboard/info/sys
[DMP] 2026-06-09 23:53:09 | 200 |  171.979417ms |             ::1 | GET     /v3/dashboard/info/base?roomID=2
[DMP] 2026-06-09 23:53:11 | 200 |     199.917µs |             ::1 | GET     /v3/dashboard/info/sys
[DMP] 2026-06-09 23:53:13 | 200 |      132.75µs |             ::1 | GET     /v3/dashboard/info/sys
[DMP] 2026-06-09 23:53:15 | 200 |       127.5µs |             ::1 | GET     /v3/dashboard/info/sys
[DMP] 2026-06-09 23:53:17 | 200 |     131.584µs |             ::1 | GET     /v3/dashboard/info/sys
[DMP] 2026-06-09 23:53:19 | 200 |     128.792µs |             ::1 | GET     /v3/dashboard/info/sys
[DMP] 2026-06-09 23:53:19 | 200 |    172.9525ms |             ::1 | GET     /v3/dashboard/info/base?roomID=2
[DMP] 2026-06-09 23:53:21 | 200 |      88.125µs |             ::1 | GET     /v3/dashboard/info/sys
[DMP] 2026-06-09 23:53:22 | 200 |    1.335541ms |             ::1 | GET     /v3/room/factor
[DMP] 2026-06-09 23:53:22 | 200 |    1.677792ms |             ::1 | GET     /v3/room?id=2
[DMP] 2026-06-09 23:53:36 | 200 |     36.7185ms |             ::1 | PUT     /v3/room
[DMP] 2026-06-09 23:53:36 | 200 |         637µs |             ::1 | GET     /v3/room/factor
[DMP] 2026-06-09 23:53:36 | 200 |    1.093708ms |             ::1 | GET     /v3/room?id=2
[DMP] 2026-06-09 23:53:51 | 200 |    2.098334ms |             ::1 | GET     /
[DMP] 2026-06-09 23:53:52 | 200 |     368.417µs |             ::1 | GET     /v3/platform/game_version
[DMP] 2026-06-09 23:53:52 | 200 |     506.958µs |             ::1 | GET     /v3/room/factor
[DMP] 2026-06-09 23:53:52 | 200 |    1.930083ms |             ::1 | GET     /v3/room?id=2
[DMP] 2026-06-09 23:53:52 | 200 |    7.384291ms |             ::1 | GET     /v3/room/basic
[DMP] 2026-06-09 23:53:53 | 200 |     569.042µs |             ::1 | GET     /v3/dashboard/info/sys
[DMP] 2026-06-09 23:53:53 | 200 |  362.449083ms |             ::1 | GET     /v3/dashboard/info/base?roomID=2
[DMP] 2026-06-09 23:53:53 | 200 |     668.125µs |             ::1 | GET     /v3/dashboard/connection_code?roomID=2
[DMP] 2026-06-09 23:53:55 | 200 |     131.708µs |             ::1 | GET     /v3/dashboard/info/sys
[DMP] 2026-06-09 23:53:56 | 200 |  117.114167ms |             ::1 | POST    /v3/dashboard/exec/game
[DMP] 2026-06-09 23:53:56 | 200 |  305.979458ms |             ::1 | GET     /v3/dashboard/info/base?roomID=2
[DMP] 2026-06-09 23:53:57 | 200 |     129.833µs |             ::1 | GET     /v3/dashboard/info/sys
[DMP] 2026-06-09 23:53:59 | 200 |     174.583µs |             ::1 | GET     /v3/dashboard/info/sys
[DMP] 2026-06-09 23:54:01 | 200 |      90.709µs |             ::1 | GET     /v3/dashboard/info/sys
[DMP] 2026-06-09 23:54:03 | 200 |      79.084µs |             ::1 | GET     /v3/dashboard/info/sys
[DMP] 2026-06-09 23:54:03 | 200 |  256.398833ms |             ::1 | GET     /v3/dashboard/info/base?roomID=2
[DMP] 2026-06-09 23:54:06 | 200 |     162.166µs |             ::1 | GET     /v3/logs/content?roomID=2&worldID=0&logType=runtime&lines=24
[DMP] 2026-06-09 23:54:08 | 200 |     134.042µs |             ::1 | GET     /v3/logs/content?roomID=2&worldID=0&logType=runtime&lines=24
[DMP] 2026-06-09 23:54:10 | 200 |     214.666µs |             ::1 | GET     /v3/logs/content?roomID=2&worldID=0&logType=runtime&lines=24
[DMP] 2026-06-09 23:54:11 | 200 |    1.273709ms |             ::1 | GET     /v3/room/list?gameName=&page=1&pageSize=4
[DMP] 2026-06-09 23:54:12 | 200 |     210.083µs |             ::1 | GET     /v3/dashboard/info/sys
[DMP] 2026-06-09 23:54:12 | 200 |  290.588458ms |             ::1 | GET     /v3/dashboard/info/base?roomID=2
[DMP] 2026-06-09 23:54:12 | 200 |         765µs |             ::1 | GET     /v3/dashboard/connection_code?roomID=2
[DMP] 2026-06-09 23:54:14 | 200 |     124.584µs |             ::1 | GET     /v3/dashboard/info/sys
[DMP] 2026-06-09 23:54:16 | 200 |     185.667µs |             ::1 | GET     /v3/dashboard/info/sys
[DMP] 2026-06-09 23:54:18 | 200 |     200.958µs |             ::1 | GET     /v3/dashboard/info/sys
[DMP] 2026-06-09 23:54:20 | 200 |      83.917µs |             ::1 | GET     /v3/dashboard/info/sys
[DMP] 2026-06-09 23:54:22 | 200 |     103.292µs |             ::1 | GET     /v3/dashboard/info/sys
[DMP] 2026-06-09 23:54:22 | 200 |  271.759375ms |             ::1 | GET     /v3/dashboard/info/base?roomID=2
[DMP] 2026-06-09 23:54:24 | 200 |       179.5µs |             ::1 | GET     /v3/dashboard/info/sys
[DMP] 2026-06-09 23:54:26 | 200 |      86.458µs |             ::1 | GET     /v3/dashboard/info/sys
[DMP] 2026-06-09 23:54:28 | 200 |         194µs |             ::1 | GET     /v3/dashboard/info/sys
[DMP] 2026-06-09 23:54:30 | 200 |      109.75µs |             ::1 | GET     /v3/dashboard/info/sys
[DMP] 2026-06-09 23:54:32 | 200 |     106.333µs |             ::1 | GET     /v3/dashboard/info/sys
[DMP] 2026-06-09 23:54:32 | 200 |  270.748875ms |             ::1 | GET     /v3/dashboard/info/base?roomID=2
[DMP] 2026-06-09 23:54:34 | 200 |     168.208µs |             ::1 | GET     /v3/dashboard/info/sys
[DMP] 2026-06-09 23:54:36 | 200 |     176.875µs |             ::1 | GET     /v3/dashboard/info/sys
[DMP] 2026-06-09 23:54:38 | 200 |      89.083µs |             ::1 | GET     /v3/dashboard/info/sys
[DMP] 2026-06-09 23:54:40 | 200 |      90.583µs |             ::1 | GET     /v3/dashboard/info/sys
[DMP] 2026-06-09 23:54:42 | 200 |      127.75µs |             ::1 | GET     /v3/dashboard/info/sys
[DMP] 2026-06-09 23:54:42 | 200 |  261.738125ms |             ::1 | GET     /v3/dashboard/info/base?roomID=2
[DMP] 2026-06-09 23:54:44 | 200 |     137.833µs |             ::1 | GET     /v3/dashboard/info/sys
[DMP] 2026-06-09 23:54:46 | 200 |     140.666µs |             ::1 | GET     /v3/dashboard/info/sys
[DMP] 2026-06-09 23:54:48 | 200 |     162.542µs |             ::1 | GET     /v3/dashboard/info/sys
[DMP] 2026-06-09 23:54:50 | 200 |     125.833µs |             ::1 | GET     /v3/dashboard/info/sys
[DMP] 2026-06-09 23:54:52 | 200 |      98.416µs |             ::1 | GET     /v3/dashboard/info/sys
[DMP] 2026-06-09 23:54:52 | 200 |  261.652083ms |             ::1 | GET     /v3/dashboard/info/base?roomID=2
[DMP] 2026-06-09 23:54:54 | 200 |     134.125µs |             ::1 | GET     /v3/dashboard/info/sys
[DMP] 2026-06-09 23:54:56 | 200 |     101.458µs |             ::1 | GET     /v3/dashboard/info/sys
[DMP] 2026-06-09 23:54:58 | 200 |     104.667µs |             ::1 | GET     /v3/dashboard/info/sys
[DMP] 2026-06-09 23:55:00 | 200 |     157.875µs |             ::1 | GET     /v3/dashboard/info/sys
[DMP] 2026-06-09 23:55:02 | 200 |      67.792µs |             ::1 | GET     /v3/dashboard/info/sys
[DMP] 2026-06-09 23:55:02 | 200 |  259.832916ms |             ::1 | GET     /v3/dashboard/info/base?roomID=2
[DMP] 2026-06-09 23:55:04 | 200 |        93.5µs |             ::1 | GET     /v3/dashboard/info/sys
[DMP] 2026-06-09 23:55:06 | 200 |      132.25µs |             ::1 | GET     /v3/dashboard/info/sys
[DMP] 2026-06-09 23:55:08 | 200 |     142.834µs |             ::1 | GET     /v3/dashboard/info/sys
[DMP] 2026-06-09 23:55:10 | 200 |      98.042µs |             ::1 | GET     /v3/dashboard/info/sys
[DMP] 2026-06-09 23:55:12 | 200 |      86.875µs |             ::1 | GET     /v3/dashboard/info/sys
[DMP] 2026-06-09 23:55:12 | 200 |   263.77675ms |             ::1 | GET     /v3/dashboard/info/base?roomID=2
[DMP] 2026-06-09 23:55:14 | 200 |      647.75µs |             ::1 | GET     /v3/dashboard/info/sys
[DMP] 2026-06-09 23:55:16 | 200 |     101.333µs |             ::1 | GET     /v3/dashboard/info/sys
[DMP] 2026-06-09 23:55:17 | 200 |     779.875µs |             ::1 | GET     /assets/steam-o3Zxcwae.js
[DMP] 2026-06-09 23:55:19 | 200 |     203.458µs |             ::1 | GET     /v3/logs/content?roomID=2&worldID=0&logType=steam&lines=24
[DMP] 2026-06-09 23:55:21 | 200 |      28.292µs |             ::1 | GET     /assets/access-DizOMbVL.js
[DMP] 2026-06-09 23:55:23 | 200 |         740µs |             ::1 | GET     /assets/game-DUz1fYCT.js
[DMP] 2026-06-09 23:55:23 | 200 |     405.333µs |             ::1 | GET     /v3/room/worlds?roomID=2
[DMP] 2026-06-09 23:55:23 | 200 |     1.17425ms |             ::1 | GET     /v3/logs/history/list?roomID=2&worldID=11&logType=game
[DMP] 2026-06-09 23:55:25 | 200 |    1.818625ms |             ::1 | GET     /v3/logs/content?roomID=2&worldID=11&logType=game&lines=22
[DMP] 2026-06-09 23:55:27 | 200 |        1.17ms |             ::1 | GET     /v3/logs/content?roomID=2&worldID=11&logType=game&lines=22
[DMP] 2026-06-09 23:55:29 | 200 |         896µs |             ::1 | GET     /v3/logs/content?roomID=2&worldID=11&logType=game&lines=22
[DMP] 2026-06-09 23:55:31 | 200 |     787.042µs |             ::1 | GET     /v3/logs/content?roomID=2&worldID=11&logType=game&lines=22
[DMP] 2026-06-09 23:55:33 | 200 |     787.875µs |             ::1 | GET     /v3/logs/content?roomID=2&worldID=11&logType=game&lines=22
[DMP] 2026-06-09 23:55:35 | 200 |     868.042µs |             ::1 | GET     /v3/logs/content?roomID=2&worldID=11&logType=game&lines=22
[DMP] 2026-06-09 23:55:37 | 200 |     496.958µs |             ::1 | GET     /v3/logs/content?roomID=2&worldID=11&logType=game&lines=22
[DMP] 2026-06-09 23:55:39 | 200 |     419.208µs |             ::1 | GET     /v3/logs/content?roomID=2&worldID=11&logType=game&lines=22
[DMP] 2026-06-09 23:55:41 | 200 |    3.331417ms |             ::1 | GET     /v3/logs/content?roomID=2&worldID=11&logType=game&lines=22
[DMP] 2026-06-09 23:55:43 | 200 |    2.374209ms |             ::1 | GET     /v3/logs/content?roomID=2&worldID=11&logType=game&lines=22
[DMP] 2026-06-09 23:55:45 | 200 |    1.176875ms |             ::1 | GET     /v3/logs/content?roomID=2&worldID=11&logType=game&lines=22
[DMP] 2026-06-09 23:55:47 | 200 |    1.358916ms |             ::1 | GET     /v3/logs/content?roomID=2&worldID=11&logType=game&lines=22
[DMP] 2026-06-09 23:55:49 | 200 |    1.063542ms |             ::1 | GET     /v3/logs/content?roomID=2&worldID=11&logType=game&lines=22
[DMP] 2026-06-09 23:55:51 | 200 |       901.5µs |             ::1 | GET     /v3/logs/content?roomID=2&worldID=11&logType=game&lines=22
[DMP] 2026-06-09 23:55:53 | 200 |      1.1195ms |             ::1 | GET     /v3/logs/content?roomID=2&worldID=11&logType=game&lines=22
[DMP] 2026-06-09 23:55:55 | 200 |    1.354834ms |             ::1 | GET     /v3/logs/content?roomID=2&worldID=11&logType=game&lines=22
[DMP] 2026-06-09 23:55:57 | 200 |    1.139208ms |             ::1 | GET     /v3/logs/content?roomID=2&worldID=11&logType=game&lines=22
[DMP] 2026-06-09 23:55:59 | 200 |     857.667µs |             ::1 | GET     /v3/logs/content?roomID=2&worldID=11&logType=game&lines=22
[DMP] 2026-06-09 23:56:00 | 200 |     608.084µs |             ::1 | GET     /assets/chat-DQnSztfK.js
[DMP] 2026-06-09 23:56:00 | 200 |   95.847625ms |             ::1 | GET     /v3/logs/history/list?roomID=2&worldID=0&logType=chat
[DMP] 2026-06-09 23:56:03 | 200 |     256.791µs |             ::1 | GET     /v3/logs/content?roomID=2&worldID=0&logType=runtime&lines=24
[DMP] 2026-06-09 23:56:05 | 200 |     240.583µs |             ::1 | GET     /v3/logs/content?roomID=2&worldID=0&logType=runtime&lines=24
[DMP] 2026-06-09 23:56:07 | 200 |     307.125µs |             ::1 | GET     /v3/logs/content?roomID=2&worldID=0&logType=runtime&lines=24
[DMP] 2026-06-09 23:56:09 | 200 |     291.875µs |             ::1 | GET     /v3/logs/content?roomID=2&worldID=0&logType=runtime&lines=24
[DMP] 2026-06-09 23:56:11 | 200 |      230.25µs |             ::1 | GET     /v3/logs/content?roomID=2&worldID=0&logType=runtime&lines=24
[DMP] 2026-06-09 23:56:13 | 200 |     312.125µs |             ::1 | GET     /v3/logs/content?roomID=2&worldID=0&logType=runtime&lines=24
[DMP] 2026-06-09 23:56:15 | 200 |     325.333µs |             ::1 | GET     /v3/logs/content?roomID=2&worldID=0&logType=runtime&lines=24
[DMP] 2026-06-09 23:56:17 | 200 |     368.834µs |             ::1 | GET     /v3/logs/content?roomID=2&worldID=0&logType=runtime&lines=24
[DMP] 2026-06-09 23:56:19 | 200 |     247.292µs |             ::1 | GET     /v3/logs/content?roomID=2&worldID=0&logType=runtime&lines=24
[DMP] 2026-06-09 23:56:21 | 200 |     225.458µs |             ::1 | GET     /v3/logs/content?roomID=2&worldID=0&logType=runtime&lines=24
[DMP] 2026-06-09 23:56:23 | 200 |     791.834µs |             ::1 | GET     /v3/logs/content?roomID=2&worldID=0&logType=runtime&lines=24
[DMP] 2026-06-09 23:56:25 | 200 |     228.458µs |             ::1 | GET     /v3/logs/content?roomID=2&worldID=0&logType=runtime&lines=24
[DMP] 2026-06-09 23:56:27 | 200 |     173.333µs |             ::1 | GET     /v3/logs/content?roomID=2&worldID=0&logType=runtime&lines=24
[DMP] 2026-06-09 23:56:29 | 200 |     357.166µs |             ::1 | GET     /v3/dashboard/info/sys
[DMP] 2026-06-09 23:56:29 | 200 |  300.807416ms |             ::1 | GET     /v3/dashboard/info/base?roomID=2
[DMP] 2026-06-09 23:56:29 | 200 |     403.625µs |             ::1 | GET     /v3/dashboard/connection_code?roomID=2
[DMP] 2026-06-09 23:56:31 | 200 |       93.25µs |             ::1 | GET     /v3/dashboard/info/sys
[DMP] 2026-06-09 23:56:33 | 200 |     113.125µs |             ::1 | GET     /v3/dashboard/info/sys
[DMP] 2026-06-09 23:56:35 | 200 |      85.958µs |             ::1 | GET     /v3/dashboard/info/sys
[DMP] 2026-06-09 23:56:37 | 200 |     106.292µs |             ::1 | GET     /v3/dashboard/info/sys
[DMP] 2026-06-09 23:56:39 | 200 |     261.208µs |             ::1 | GET     /v3/dashboard/info/sys
[DMP] 2026-06-09 23:56:39 | 200 |  258.175875ms |             ::1 | GET     /v3/dashboard/info/base?roomID=2
[DMP] 2026-06-09 23:56:41 | 200 |          88µs |             ::1 | GET     /v3/dashboard/info/sys
[DMP] 2026-06-09 23:56:43 | 200 |     188.583µs |             ::1 | GET     /v3/dashboard/info/sys
[DMP] 2026-06-09 23:56:45 | 200 |         141µs |             ::1 | GET     /v3/dashboard/info/sys
[DMP] 2026-06-09 23:56:46 | 200 |  2.174570458s |             ::1 | POST    /v3/dashboard/exec/game
[DMP] 2026-06-09 23:56:46 | 200 |  334.856083ms |             ::1 | GET     /v3/dashboard/info/base?roomID=2
[DMP] 2026-06-09 23:56:47 | 200 |      73.416µs |             ::1 | GET     /v3/dashboard/info/sys
[DMP] 2026-06-09 23:56:49 | 200 |      81.875µs |             ::1 | GET     /v3/dashboard/info/sys
[DMP] 2026-06-09 23:56:49 | 200 |     383.981ms |             ::1 | GET     /v3/dashboard/info/base?roomID=2
[DMP] 2026-06-09 23:56:51 | 200 |     157.584µs |             ::1 | GET     /v3/dashboard/info/sys
[DMP] 2026-06-09 23:56:52 | 200 |  133.483917ms |             ::1 | POST    /v3/dashboard/exec/game
[DMP] 2026-06-09 23:56:52 | 200 |  288.028125ms |             ::1 | GET     /v3/dashboard/info/base?roomID=2
[DMP] 2026-06-09 23:56:53 | 200 |     115.209µs |             ::1 | GET     /v3/dashboard/info/sys
[DMP] 2026-06-09 23:56:55 | 200 |      92.333µs |             ::1 | GET     /v3/dashboard/info/sys
[DMP] 2026-06-09 23:56:56 | 200 |      30.833µs |             ::1 | GET     /
[DMP] 2026-06-09 23:56:56 | 200 |    1.018792ms |             ::1 | GET     /v3/platform/game_version
[DMP] 2026-06-09 23:56:56 | 200 |     141.958µs |             ::1 | GET     /v3/dashboard/info/sys
[DMP] 2026-06-09 23:56:56 | 200 |      448.75µs |             ::1 | GET     /v3/room/basic
[DMP] 2026-06-09 23:56:56 | 200 |  313.785917ms |             ::1 | GET     /v3/dashboard/info/base?roomID=2
[DMP] 2026-06-09 23:56:57 | 200 |     587.292µs |             ::1 | GET     /v3/dashboard/connection_code?roomID=2
[DMP] 2026-06-09 23:56:58 | 200 |     157.084µs |             ::1 | GET     /v3/dashboard/info/sys
[DMP] 2026-06-09 23:57:00 | 200 |         170µs |             ::1 | GET     /v3/dashboard/info/sys
[DMP] 2026-06-09 23:57:02 | 200 |     117.042µs |             ::1 | GET     /v3/dashboard/info/sys
[DMP] 2026-06-09 23:57:04 | 200 |      1.5565ms |             ::1 | GET     /v3/room/list?gameName=&page=1&pageSize=4
[DMP] 2026-06-09 23:57:05 | 200 |  2.200870125s |             ::1 | POST    /v3/dashboard/exec/game
[DMP] 2026-06-09 23:57:05 | 200 |    378.2255ms |             ::1 | GET     /v3/dashboard/info/base?roomID=2
[DMP] 2026-06-09 23:57:06 | 200 |     399.625µs |             ::1 | GET     /v3/dashboard/info/sys
[DMP] 2026-06-09 23:57:06 | 200 |  332.381833ms |             ::1 | GET     /v3/dashboard/info/base?roomID=2
[DMP] 2026-06-09 23:57:06 | 200 |    1.062709ms |             ::1 | GET     /v3/dashboard/connection_code?roomID=2
[DMP] 2026-06-09 23:57:08 | 200 |     100.666µs |             ::1 | GET     /v3/dashboard/info/sys
[DMP] 2026-06-09 23:57:09 | 200 |     572.125µs |             ::1 | GET     /v3/room/worlds?roomID=2
[DMP] 2026-06-09 23:57:09 | 200 |    2.356625ms |             ::1 | GET     /v3/logs/history/list?roomID=2&worldID=11&logType=game
[DMP] 2026-06-09 23:57:11 | 200 |    1.232084ms |             ::1 | GET     /v3/logs/content?roomID=2&worldID=11&logType=game&lines=22
[DMP] 2026-06-09 23:57:13 | 200 |     856.542µs |             ::1 | GET     /v3/logs/content?roomID=2&worldID=11&logType=game&lines=22
[DMP] 2026-06-09 23:57:15 | 200 |      695.25µs |             ::1 | GET     /v3/logs/content?roomID=2&worldID=11&logType=game&lines=22
[DMP] 2026-06-09 23:57:17 | 200 |    3.504625ms |             ::1 | GET     /v3/logs/content?roomID=2&worldID=11&logType=game&lines=22
[DMP] 2026-06-09 23:57:19 | 200 |      839.25µs |             ::1 | GET     /v3/logs/content?roomID=2&worldID=11&logType=game&lines=22
[DMP] 2026-06-09 23:57:21 | 200 |     935.166µs |             ::1 | GET     /v3/logs/content?roomID=2&worldID=11&logType=game&lines=22
[DMP] 2026-06-09 23:57:22 | 200 |      33.833µs |             ::1 | GET     /
[DMP] 2026-06-09 23:57:22 | 200 |     427.375µs |             ::1 | GET     /v3/platform/game_version
[DMP] 2026-06-09 23:57:22 | 200 |     521.292µs |             ::1 | GET     /v3/room/worlds?roomID=2
[DMP] 2026-06-09 23:57:22 | 200 |     574.625µs |             ::1 | GET     /v3/room/basic
[DMP] 2026-06-09 23:57:22 | 200 |         910µs |             ::1 | GET     /v3/logs/history/list?roomID=2&worldID=11&logType=game
[DMP] 2026-06-09 23:57:24 | 200 |     746.584µs |             ::1 | GET     /v3/logs/content?roomID=2&worldID=11&logType=game&lines=22
[DMP] 2026-06-09 23:57:26 | 200 |    2.010417ms |             ::1 | GET     /v3/logs/content?roomID=2&worldID=11&logType=game&lines=22
[DMP] 2026-06-09 23:57:28 | 200 |    1.108125ms |             ::1 | GET     /v3/logs/content?roomID=2&worldID=11&logType=game&lines=22
[DMP] 2026-06-09 23:57:30 | 200 |    1.072666ms |             ::1 | GET     /v3/logs/content?roomID=2&worldID=11&logType=game&lines=22
[DMP] 2026-06-09 23:57:32 | 200 |     791.083µs |             ::1 | GET     /v3/logs/content?roomID=2&worldID=11&logType=game&lines=22
[DMP] 2026-06-09 23:57:34 | 200 |     1.06625ms |             ::1 | GET     /v3/logs/content?roomID=2&worldID=11&logType=game&lines=22
[DMP] 2026-06-09 23:57:36 | 200 |     960.125µs |             ::1 | GET     /v3/logs/content?roomID=2&worldID=11&logType=game&lines=22
[DMP] 2026-06-09 23:57:38 | 200 |    2.158417ms |             ::1 | GET     /v3/logs/content?roomID=2&worldID=11&logType=game&lines=22
[DMP] 2026-06-09 23:57:40 | 200 |      2.3905ms |             ::1 | GET     /v3/logs/content?roomID=2&worldID=11&logType=game&lines=22
[DMP] 2026-06-09 23:57:42 | 200 |    1.903417ms |             ::1 | GET     /v3/logs/content?roomID=2&worldID=11&logType=game&lines=22
[DMP] 2026-06-09 23:57:44 | 200 |      1.2245ms |             ::1 | GET     /v3/logs/content?roomID=2&worldID=11&logType=game&lines=22
[DMP] 2026-06-09 23:57:46 | 200 |     937.583µs |             ::1 | GET     /v3/logs/content?roomID=2&worldID=11&logType=game&lines=22
[DMP] 2026-06-09 23:57:48 | 200 |     981.333µs |             ::1 | GET     /v3/logs/content?roomID=2&worldID=11&logType=game&lines=22
[DMP] 2026-06-09 23:57:50 | 200 |     760.042µs |             ::1 | GET     /v3/logs/content?roomID=2&worldID=11&logType=game&lines=22
[DMP] 2026-06-09 23:57:52 | 200 |     996.292µs |             ::1 | GET     /v3/logs/content?roomID=2&worldID=11&logType=game&lines=22
[DMP] 2026-06-09 23:57:54 | 200 |      752.25µs |             ::1 | GET     /v3/logs/content?roomID=2&worldID=11&logType=game&lines=22
[DMP] 2026-06-09 23:57:56 | 200 |    1.089791ms |             ::1 | GET     /v3/logs/content?roomID=2&worldID=11&logType=game&lines=22
[DMP] 2026-06-09 23:57:58 | 200 |     684.417µs |             ::1 | GET     /v3/logs/content?roomID=2&worldID=11&logType=game&lines=22
[DMP] 2026-06-09 23:58:00 | 200 |     1.39425ms |             ::1 | GET     /v3/logs/content?roomID=2&worldID=11&logType=game&lines=22
[DMP] 2026-06-09 23:58:02 | 200 |       787.5µs |             ::1 | GET     /v3/logs/content?roomID=2&worldID=11&logType=game&lines=22
[DMP] 2026-06-09 23:58:04 | 200 |    1.538583ms |             ::1 | GET     /v3/logs/content?roomID=2&worldID=11&logType=game&lines=22
[DMP] 2026-06-09 23:58:06 | 200 |     1.10225ms |             ::1 | GET     /v3/logs/content?roomID=2&worldID=11&logType=game&lines=22
[DMP] 2026-06-09 23:58:08 | 200 |      930.75µs |             ::1 | GET     /v3/logs/content?roomID=2&worldID=11&logType=game&lines=22
[DMP] 2026-06-09 23:58:10 | 200 |    1.042708ms |             ::1 | GET     /v3/logs/content?roomID=2&worldID=11&logType=game&lines=22
[DMP] 2026-06-09 23:58:12 | 200 |     842.583µs |             ::1 | GET     /v3/logs/content?roomID=2&worldID=11&logType=game&lines=22
[DMP] 2026-06-09 23:58:14 | 200 |    1.342375ms |             ::1 | GET     /v3/logs/content?roomID=2&worldID=11&logType=game&lines=22
[DMP] 2026-06-09 23:58:16 | 200 |     913.791µs |             ::1 | GET     /v3/logs/content?roomID=2&worldID=11&logType=game&lines=22
[DMP] 2026-06-09 23:58:18 | 200 |     994.208µs |             ::1 | GET     /v3/logs/content?roomID=2&worldID=11&logType=game&lines=22
[DMP] 2026-06-09 23:58:20 | 200 |    1.333209ms |             ::1 | GET     /v3/logs/content?roomID=2&worldID=11&logType=game&lines=22
[DMP] 2026-06-09 23:58:22 | 200 |    1.084042ms |             ::1 | GET     /v3/logs/content?roomID=2&worldID=11&logType=game&lines=22
[DMP] 2026-06-09 23:58:24 | 200 |     883.917µs |             ::1 | GET     /v3/logs/content?roomID=2&worldID=11&logType=game&lines=22
[DMP] 2026-06-09 23:58:26 | 200 |    1.137416ms |             ::1 | GET     /v3/logs/content?roomID=2&worldID=11&logType=game&lines=22
[DMP] 2026-06-09 23:58:28 | 200 |    1.264041ms |             ::1 | GET     /v3/logs/content?roomID=2&worldID=11&logType=game&lines=22
[DMP] 2026-06-09 23:58:30 | 200 |     849.375µs |             ::1 | GET     /v3/logs/content?roomID=2&worldID=11&logType=game&lines=22
[DMP] 2026-06-09 23:58:32 | 200 |     917.459µs |             ::1 | GET     /v3/logs/content?roomID=2&worldID=11&logType=game&lines=22
[DMP] 2026-06-09 23:58:34 | 200 |     912.458µs |             ::1 | GET     /v3/logs/content?roomID=2&worldID=11&logType=game&lines=22
[DMP] 2026-06-09 23:58:36 | 200 |     809.916µs |             ::1 | GET     /v3/logs/content?roomID=2&worldID=11&logType=game&lines=22
[DMP] 2026-06-09 23:58:38 | 200 |    1.134041ms |             ::1 | GET     /v3/logs/content?roomID=2&worldID=11&logType=game&lines=22
[DMP] 2026-06-09 23:58:40 | 200 |     886.708µs |             ::1 | GET     /v3/logs/content?roomID=2&worldID=11&logType=game&lines=22
[DMP] 2026-06-09 23:58:42 | 200 |     855.417µs |             ::1 | GET     /v3/logs/content?roomID=2&worldID=11&logType=game&lines=22
[DMP] 2026-06-09 23:58:44 | 200 |    1.531042ms |             ::1 | GET     /v3/logs/content?roomID=2&worldID=11&logType=game&lines=22
[DMP] 2026-06-09 23:58:46 | 200 |     1.07025ms |             ::1 | GET     /v3/logs/content?roomID=2&worldID=11&logType=game&lines=22
[DMP] 2026-06-09 23:58:48 | 200 |     699.667µs |             ::1 | GET     /v3/logs/content?roomID=2&worldID=11&logType=game&lines=22
[DMP] 2026-06-09 23:58:50 | 200 |     943.166µs |             ::1 | GET     /v3/logs/content?roomID=2&worldID=11&logType=game&lines=22
[DMP] 2026-06-09 23:58:52 | 200 |    1.650666ms |             ::1 | GET     /v3/logs/content?roomID=2&worldID=11&logType=game&lines=22
[DMP] 2026-06-09 23:58:54 | 200 |     971.541µs |             ::1 | GET     /v3/logs/content?roomID=2&worldID=11&logType=game&lines=22
[DMP] 2026-06-09 23:58:56 | 200 |     792.208µs |             ::1 | GET     /v3/logs/content?roomID=2&worldID=11&logType=game&lines=22
[DMP] 2026-06-09 23:58:58 | 200 |     823.917µs |             ::1 | GET     /v3/logs/content?roomID=2&worldID=11&logType=game&lines=22
[DMP] 2026-06-09 23:59:00 | 200 |     807.958µs |             ::1 | GET     /v3/logs/content?roomID=2&worldID=11&logType=game&lines=22
[DMP] 2026-06-09 23:59:02 | 200 |    1.116958ms |             ::1 | GET     /v3/logs/content?roomID=2&worldID=11&logType=game&lines=22
[DMP] 2026-06-09 23:59:04 | 200 |     730.208µs |             ::1 | GET     /v3/logs/content?roomID=2&worldID=11&logType=game&lines=22
[DMP] 2026-06-09 23:59:06 | 200 |     983.625µs |             ::1 | GET     /v3/logs/content?roomID=2&worldID=11&logType=game&lines=22
[DMP] 2026-06-09 23:59:08 | 200 |     777.708µs |             ::1 | GET     /v3/logs/content?roomID=2&worldID=11&logType=game&lines=22
[DMP] 2026-06-09 23:59:10 | 200 |     936.542µs |             ::1 | GET     /v3/logs/content?roomID=2&worldID=11&logType=game&lines=22
[DMP] 2026-06-09 23:59:12 | 200 |     746.167µs |             ::1 | GET     /v3/logs/content?roomID=2&worldID=11&logType=game&lines=22
[DMP] 2026-06-09 23:59:14 | 200 |     938.167µs |             ::1 | GET     /v3/logs/content?roomID=2&worldID=11&logType=game&lines=22
[DMP] 2026-06-09 23:59:16 | 200 |     990.292µs |             ::1 | GET     /v3/logs/content?roomID=2&worldID=11&logType=game&lines=22
[DMP] 2026-06-09 23:59:18 | 200 |     755.125µs |             ::1 | GET     /v3/logs/content?roomID=2&worldID=11&logType=game&lines=22
[DMP] 2026-06-09 23:59:20 | 200 |      860.25µs |             ::1 | GET     /v3/logs/content?roomID=2&worldID=11&logType=game&lines=22
[DMP] 2026-06-09 23:59:22 | 200 |     837.666µs |             ::1 | GET     /v3/logs/content?roomID=2&worldID=11&logType=game&lines=22
[DMP] 2026-06-09 23:59:24 | 200 |     963.875µs |             ::1 | GET     /v3/logs/content?roomID=2&worldID=11&logType=game&lines=22
[DMP] 2026-06-09 23:59:26 | 200 |     935.334µs |             ::1 | GET     /v3/logs/content?roomID=2&worldID=11&logType=game&lines=22
[DMP] 2026-06-09 23:59:28 | 200 |     962.833µs |             ::1 | GET     /v3/logs/content?roomID=2&worldID=11&logType=game&lines=22
[DMP] 2026-06-09 23:59:30 | 200 |     794.541µs |             ::1 | GET     /v3/logs/content?roomID=2&worldID=11&logType=game&lines=22
[DMP] 2026-06-09 23:59:32 | 200 |     817.875µs |             ::1 | GET     /v3/logs/content?roomID=2&worldID=11&logType=game&lines=22
[DMP] 2026-06-09 23:59:34 | 200 |     844.709µs |             ::1 | GET     /v3/logs/content?roomID=2&worldID=11&logType=game&lines=22
[DMP] 2026-06-09 23:59:36 | 200 |     799.833µs |             ::1 | GET     /v3/logs/content?roomID=2&worldID=11&logType=game&lines=22
[DMP] 2026-06-09 23:59:38 | 200 |       1.008ms |             ::1 | GET     /v3/logs/content?roomID=2&worldID=11&logType=game&lines=22
[DMP] 2026-06-09 23:59:40 | 200 |     847.041µs |             ::1 | GET     /v3/logs/content?roomID=2&worldID=11&logType=game&lines=22
[DMP] 2026-06-09 23:59:42 | 200 |     839.083µs |             ::1 | GET     /v3/logs/content?roomID=2&worldID=11&logType=game&lines=22
[DMP] 2026-06-09 23:59:44 | 200 |     875.875µs |             ::1 | GET     /v3/logs/content?roomID=2&worldID=11&logType=game&lines=22
[DMP] 2026-06-09 23:59:46 | 200 |     921.167µs |             ::1 | GET     /v3/logs/content?roomID=2&worldID=11&logType=game&lines=22
[DMP] 2026-06-09 23:59:48 | 200 |     768.166µs |             ::1 | GET     /v3/logs/content?roomID=2&worldID=11&logType=game&lines=22
[DMP] 2026-06-09 23:59:50 | 200 |     977.667µs |             ::1 | GET     /v3/logs/content?roomID=2&worldID=11&logType=game&lines=22
[DMP] 2026-06-09 23:59:52 | 200 |    1.021583ms |             ::1 | GET     /v3/logs/content?roomID=2&worldID=11&logType=game&lines=22
[DMP] 2026-06-09 23:59:54 | 200 |    1.007875ms |             ::1 | GET     /v3/logs/content?roomID=2&worldID=11&logType=game&lines=22
[DMP] 2026-06-09 23:59:56 | 200 |    1.081833ms |             ::1 | GET     /v3/logs/content?roomID=2&worldID=11&logType=game&lines=22
[DMP] 2026-06-09 23:59:58 | 200 |     1.09075ms |             ::1 | GET     /v3/logs/content?roomID=2&worldID=11&logType=game&lines=22
[DMP] 2026-06-10 00:00:00 | 200 |    1.058375ms |             ::1 | GET     /v3/logs/content?roomID=2&worldID=11&logType=game&lines=22
[DMP] 2026-06-10 00:00:02 | 200 |    1.184792ms |             ::1 | GET     /v3/logs/content?roomID=2&worldID=11&logType=game&lines=22
[DMP] 2026-06-10 00:00:04 | 200 |    1.230875ms |             ::1 | GET     /v3/logs/content?roomID=2&worldID=11&logType=game&lines=22
[DMP] 2026-06-10 00:00:06 | 200 |       872.5µs |             ::1 | GET     /v3/logs/content?roomID=2&worldID=11&logType=game&lines=22
[DMP] 2026-06-10 00:00:08 | 200 |         836µs |             ::1 | GET     /v3/logs/content?roomID=2&worldID=11&logType=game&lines=22
[DMP] 2026-06-10 00:00:10 | 200 |    1.580167ms |             ::1 | GET     /v3/logs/content?roomID=2&worldID=11&logType=game&lines=22
[DMP] 2026-06-10 00:00:12 | 200 |    1.103667ms |             ::1 | GET     /v3/logs/content?roomID=2&worldID=11&logType=game&lines=22
[DMP] 2026-06-10 00:00:14 | 200 |     948.083µs |             ::1 | GET     /v3/logs/content?roomID=2&worldID=11&logType=game&lines=22
[DMP] 2026-06-10 00:00:16 | 200 |       866.5µs |             ::1 | GET     /v3/logs/content?roomID=2&worldID=11&logType=game&lines=22
[DMP] 2026-06-10 00:00:18 | 200 |     537.416µs |             ::1 | GET     /v3/dashboard/info/sys
[DMP] 2026-06-10 00:00:18 | 200 |  455.025208ms |             ::1 | GET     /v3/dashboard/info/base?roomID=2
[DMP] 2026-06-10 00:00:18 | 200 |     379.166µs |             ::1 | GET     /v3/dashboard/connection_code?roomID=2
[DMP] 2026-06-10 00:00:18 | 200 |    1.261875ms |             ::1 | GET     /v3/room/list?gameName=&page=1&pageSize=4
[DMP] 2026-06-10 00:00:22 | 200 |  2.059088334s |             ::1 | POST    /v3/room/deactivate
[DMP] 2026-06-10 00:00:22 | 200 |    1.046208ms |             ::1 | GET     /v3/room/list?gameName=&page=1&pageSize=4
[DMP] 2026-06-10 00:00:24 | 200 |  228.342542ms |             ::1 | POST    /v3/room/activate
[DMP] 2026-06-10 00:00:24 | 200 |    1.105166ms |             ::1 | GET     /v3/room/list?gameName=&page=1&pageSize=4
[DMP] 2026-06-10 00:00:26 | 200 |     222.334µs |             ::1 | GET     /v3/dashboard/info/sys
[DMP] 2026-06-10 00:00:26 | 200 |  482.782417ms |             ::1 | GET     /v3/dashboard/info/base?roomID=2
[DMP] 2026-06-10 00:00:26 | 200 |      797.75µs |             ::1 | GET     /v3/dashboard/connection_code?roomID=2
[DMP] 2026-06-10 00:00:28 | 200 |     911.833µs |             ::1 | GET     /v3/dashboard/info/sys
[DMP] 2026-06-10 00:00:30 | 200 |     166.125µs |             ::1 | GET     /v3/dashboard/info/sys
[DMP] 2026-06-10 00:00:32 | 200 |      92.375µs |             ::1 | GET     /v3/dashboard/info/sys
[DMP] 2026-06-10 00:00:34 | 200 |     187.375µs |             ::1 | GET     /v3/dashboard/info/sys
[DMP] 2026-06-10 00:00:35 | 200 |  161.285125ms |             ::1 | POST    /v3/dashboard/exec/game
[DMP] 2026-06-10 00:00:35 | 200 |  360.032542ms |             ::1 | GET     /v3/dashboard/info/base?roomID=2
[DMP] 2026-06-10 00:00:36 | 200 |     105.917µs |             ::1 | GET     /v3/dashboard/info/sys
[DMP] 2026-06-10 00:00:37 | 200 |  302.235458ms |             ::1 | GET     /v3/dashboard/info/base?roomID=2
[DMP] 2026-06-10 00:00:38 | 200 |         442µs |             ::1 | GET     /v3/room/worlds?roomID=2
[DMP] 2026-06-10 00:00:38 | 200 |     718.417µs |             ::1 | GET     /v3/logs/history/list?roomID=2&worldID=11&logType=game
[DMP] 2026-06-10 00:00:40 | 200 |     828.333µs |             ::1 | GET     /v3/logs/content?roomID=2&worldID=11&logType=game&lines=22
[DMP] 2026-06-10 00:00:42 | 200 |         898µs |             ::1 | GET     /v3/logs/content?roomID=2&worldID=11&logType=game&lines=22
[DMP] 2026-06-10 00:00:44 | 200 |    1.358333ms |             ::1 | GET     /v3/logs/content?roomID=2&worldID=11&logType=game&lines=22
[DMP] 2026-06-10 00:00:46 | 200 |         717µs |             ::1 | GET     /v3/logs/content?roomID=2&worldID=11&logType=game&lines=22
[DMP] 2026-06-10 00:00:47 | 200 |     168.667µs |             ::1 | GET     /v3/dashboard/info/sys
[DMP] 2026-06-10 00:00:47 | 200 |  353.944583ms |             ::1 | GET     /v3/dashboard/info/base?roomID=2
[DMP] 2026-06-10 00:00:47 | 200 |      563.25µs |             ::1 | GET     /v3/dashboard/connection_code?roomID=2
[DMP] 2026-06-10 00:00:49 | 200 |     102.417µs |             ::1 | GET     /v3/dashboard/info/sys
[DMP] 2026-06-10 00:00:51 | 200 |      137.25µs |             ::1 | GET     /v3/dashboard/info/sys
[DMP] 2026-06-10 00:00:52 | 200 |   2.04260275s |             ::1 | POST    /v3/dashboard/exec/game
[DMP] 2026-06-10 00:00:52 | 200 |  246.164583ms |             ::1 | GET     /v3/dashboard/info/base?roomID=2
[DMP] 2026-06-10 00:00:53 | 200 |     100.791µs |             ::1 | GET     /v3/dashboard/info/sys
[DMP] 2026-06-10 00:00:54 | 200 |     525.125µs |             ::1 | GET     /v3/room/worlds?roomID=2
[DMP] 2026-06-10 00:00:54 | 200 |    1.779125ms |             ::1 | GET     /v3/logs/history/list?roomID=2&worldID=11&logType=game
[DMP] 2026-06-10 00:00:56 | 200 |        1.04ms |             ::1 | GET     /v3/logs/content?roomID=2&worldID=11&logType=game&lines=22
[DMP] 2026-06-10 00:00:58 | 200 |    1.154375ms |             ::1 | GET     /v3/logs/content?roomID=2&worldID=11&logType=game&lines=22
[DMP] 2026-06-10 00:01:00 | 200 |       955.5µs |             ::1 | GET     /v3/logs/content?roomID=2&worldID=11&logType=game&lines=22
[DMP] 2026-06-10 00:01:02 | 200 |     880.875µs |             ::1 | GET     /v3/logs/content?roomID=2&worldID=11&logType=game&lines=22
[DMP] 2026-06-10 00:01:04 | 200 |     226.584µs |             ::1 | GET     /v3/dashboard/info/sys
[DMP] 2026-06-10 00:01:05 | 200 |  230.834625ms |             ::1 | GET     /v3/dashboard/info/base?roomID=2
[DMP] 2026-06-10 00:01:05 | 200 |       1.055ms |             ::1 | GET     /v3/dashboard/connection_code?roomID=2
[DMP] 2026-06-10 00:01:07 | 200 |     143.084µs |             ::1 | GET     /v3/dashboard/info/sys
[DMP] 2026-06-10 00:01:07 | 200 |  162.822833ms |             ::1 | POST    /v3/dashboard/exec/game
[DMP] 2026-06-10 00:01:07 | 200 |  485.020667ms |             ::1 | GET     /v3/dashboard/info/base?roomID=2
[DMP] 2026-06-10 00:01:09 | 200 |      89.958µs |             ::1 | GET     /v3/dashboard/info/sys
[DMP] 2026-06-10 00:01:11 | 200 |     154.833µs |             ::1 | GET     /v3/dashboard/info/sys
[DMP] 2026-06-10 00:01:12 | 200 |    4.625458ms |             ::1 | GET     /v3/room/worlds?roomID=2
[DMP] 2026-06-10 00:01:12 | 200 |   13.311167ms |             ::1 | GET     /v3/logs/history/list?roomID=2&worldID=11&logType=game
[DMP] 2026-06-10 00:01:14 | 200 |    1.051208ms |             ::1 | GET     /v3/logs/content?roomID=2&worldID=11&logType=game&lines=22
[DMP] 2026-06-10 00:01:16 | 200 |    1.013417ms |             ::1 | GET     /v3/logs/content?roomID=2&worldID=11&logType=game&lines=22
[DMP] 2026-06-10 00:01:18 | 200 |     858.917µs |             ::1 | GET     /v3/logs/content?roomID=2&worldID=11&logType=game&lines=22
[DMP] 2026-06-10 00:02:45 | 200 |    4.055833ms |             ::1 | GET     /
[DMP] 2026-06-10 00:02:45 | 200 |    1.459375ms |             ::1 | GET     /v3/platform/game_version
[DMP] 2026-06-10 00:02:45 | 200 |      2.9115ms |             ::1 | GET     /v3/room/list?gameName=&page=1&pageSize=4
[DMP] 2026-06-10 00:02:45 | 200 |      597.25µs |             ::1 | GET     /v3/room/basic
[DMP] 2026-06-10 00:02:46 | 200 |     273.417µs |             ::1 | GET     /v3/dashboard/info/sys
[DMP] 2026-06-10 00:02:46 | 200 |  171.793625ms |             ::1 | GET     /v3/dashboard/info/base?roomID=2
[DMP] 2026-06-10 00:02:47 | 200 |     689.541µs |             ::1 | GET     /v3/dashboard/connection_code?roomID=2
[DMP] 2026-06-10 00:02:48 | 200 |     248.708µs |             ::1 | GET     /v3/dashboard/info/sys
[DMP] 2026-06-10 00:02:50 | 200 |     266.625µs |             ::1 | GET     /v3/dashboard/info/sys
[DMP] 2026-06-10 00:02:52 | 200 |     105.042µs |             ::1 | GET     /v3/dashboard/info/sys
[DMP] 2026-06-10 00:02:53 | 200 |     330.458µs |             ::1 | GET     /v3/room/worlds?roomID=2
[DMP] 2026-06-10 00:02:53 | 200 |     741.667µs |             ::1 | GET     /v3/logs/history/list?roomID=2&worldID=11&logType=game
[DMP] 2026-06-10 00:02:55 | 200 |    1.186042ms |             ::1 | GET     /v3/logs/content?roomID=2&worldID=11&logType=game&lines=22
[DMP] 2026-06-10 00:02:57 | 200 |    3.817875ms |             ::1 | GET     /v3/logs/content?roomID=2&worldID=11&logType=game&lines=22
[DMP] 2026-06-10 00:02:59 | 200 |    1.526209ms |             ::1 | GET     /v3/logs/content?roomID=2&worldID=11&logType=game&lines=22
[DMP] 2026-06-10 00:03:01 | 200 |    1.425416ms |             ::1 | GET     /v3/logs/content?roomID=2&worldID=11&logType=game&lines=22
[DMP] 2026-06-10 00:03:03 | 200 |    1.101875ms |             ::1 | GET     /v3/logs/content?roomID=2&worldID=11&logType=game&lines=22
[DMP] 2026-06-10 00:03:04 | 200 |       115.5µs |             ::1 | GET     /v3/dashboard/info/sys
[DMP] 2026-06-10 00:03:04 | 200 |   175.13225ms |             ::1 | GET     /v3/dashboard/info/base?roomID=2
[DMP] 2026-06-10 00:03:04 | 200 |     428.458µs |             ::1 | GET     /v3/dashboard/connection_code?roomID=2
[DMP] 2026-06-10 00:03:06 | 200 |      85.083µs |             ::1 | GET     /v3/dashboard/info/sys
[DMP] 2026-06-10 00:03:06 | 200 |  133.122125ms |             ::1 | POST    /v3/dashboard/exec/game
[DMP] 2026-06-10 00:03:07 | 200 |  338.962041ms |             ::1 | GET     /v3/dashboard/info/base?roomID=2
[DMP] 2026-06-10 00:03:08 | 200 |          75µs |             ::1 | GET     /v3/dashboard/info/sys
[DMP] 2026-06-10 00:03:10 | 200 |     108.375µs |             ::1 | GET     /v3/dashboard/info/sys
[DMP] 2026-06-10 00:03:12 | 200 |       339.5µs |             ::1 | GET     /v3/room/worlds?roomID=2
[DMP] 2026-06-10 00:03:12 | 200 |    1.013875ms |             ::1 | GET     /v3/logs/history/list?roomID=2&worldID=11&logType=game
[DMP] 2026-06-10 00:03:14 | 200 |     468.542µs |             ::1 | GET     /v3/logs/content?roomID=2&worldID=11&logType=game&lines=22
[DMP] 2026-06-10 00:03:16 | 200 |         431µs |             ::1 | GET     /v3/logs/content?roomID=2&worldID=11&logType=game&lines=22
[DMP] 2026-06-10 00:03:18 | 200 |     683.834µs |             ::1 | GET     /v3/logs/content?roomID=2&worldID=11&logType=game&lines=22
[DMP] 2026-06-10 00:03:20 | 200 |      431.75µs |             ::1 | GET     /v3/logs/content?roomID=2&worldID=11&logType=game&lines=22
[DMP] 2026-06-10 00:03:22 | 200 |     386.083µs |             ::1 | GET     /v3/logs/content?roomID=2&worldID=11&logType=game&lines=22
[DMP] 2026-06-10 00:03:24 | 200 |     388.708µs |             ::1 | GET     /v3/logs/content?roomID=2&worldID=11&logType=game&lines=22
[DMP] 2026-06-10 00:03:26 | 200 |      662.75µs |             ::1 | GET     /v3/logs/content?roomID=2&worldID=11&logType=game&lines=22
[DMP] 2026-06-10 00:03:28 | 200 |     1.85075ms |             ::1 | GET     /v3/logs/content?roomID=2&worldID=11&logType=game&lines=22
[DMP] 2026-06-10 00:03:30 | 200 |     976.209µs |             ::1 | GET     /v3/logs/content?roomID=2&worldID=11&logType=game&lines=22
[DMP] 2026-06-10 00:03:32 | 200 |     978.542µs |             ::1 | GET     /v3/logs/content?roomID=2&worldID=11&logType=game&lines=22
[DMP] 2026-06-10 00:03:34 | 200 |        1.64ms |             ::1 | GET     /v3/logs/content?roomID=2&worldID=11&logType=game&lines=22
[DMP] 2026-06-10 00:03:36 | 200 |      1.2735ms |             ::1 | GET     /v3/logs/content?roomID=2&worldID=11&logType=game&lines=22
[DMP] 2026-06-10 00:03:38 | 200 |     1.44325ms |             ::1 | GET     /v3/logs/content?roomID=2&worldID=11&logType=game&lines=22
[DMP] 2026-06-10 00:03:40 | 200 |     850.958µs |             ::1 | GET     /v3/logs/content?roomID=2&worldID=11&logType=game&lines=22
[DMP] 2026-06-10 00:03:42 | 200 |     990.666µs |             ::1 | GET     /v3/logs/content?roomID=2&worldID=11&logType=game&lines=22
[DMP] 2026-06-10 00:03:44 | 200 |     953.375µs |             ::1 | GET     /v3/logs/content?roomID=2&worldID=11&logType=game&lines=22
[DMP] 2026-06-10 00:03:46 | 200 |     971.417µs |             ::1 | GET     /v3/logs/content?roomID=2&worldID=11&logType=game&lines=22
[DMP] 2026-06-10 00:03:48 | 200 |      945.25µs |             ::1 | GET     /v3/logs/content?roomID=2&worldID=11&logType=game&lines=22
[DMP] 2026-06-10 00:03:50 | 200 |    1.789875ms |             ::1 | GET     /v3/logs/content?roomID=2&worldID=11&logType=game&lines=22
[DMP] 2026-06-10 00:03:52 | 200 |     821.083µs |             ::1 | GET     /v3/logs/content?roomID=2&worldID=11&logType=game&lines=22
[DMP] 2026-06-10 00:03:54 | 200 |    1.120958ms |             ::1 | GET     /v3/logs/content?roomID=2&worldID=11&logType=game&lines=22
[DMP] 2026-06-10 00:03:55 | 200 |    2.685208ms |             ::1 | GET     /v3/room/list?gameName=&page=1&pageSize=4
[DMP] 2026-06-10 00:03:56 | 200 |     122.042µs |             ::1 | GET     /v3/dashboard/info/sys
[DMP] 2026-06-10 00:03:56 | 200 |  280.202291ms |             ::1 | GET     /v3/dashboard/info/base?roomID=2
[DMP] 2026-06-10 00:03:56 | 200 |         813µs |             ::1 | GET     /v3/dashboard/connection_code?roomID=2
[DMP] 2026-06-10 00:03:58 | 200 |      73.959µs |             ::1 | GET     /v3/dashboard/info/sys
[DMP] 2026-06-10 00:04:00 | 200 |     186.125µs |             ::1 | GET     /v3/dashboard/info/sys
[DMP] 2026-06-10 00:04:02 | 200 |     111.958µs |             ::1 | GET     /v3/dashboard/info/sys
[DMP] 2026-06-10 00:04:04 | 200 |       169.5µs |             ::1 | GET     /v3/dashboard/info/sys
[DMP] 2026-06-10 00:04:06 | 200 |      93.042µs |             ::1 | GET     /v3/dashboard/info/sys
[DMP] 2026-06-10 00:04:06 | 200 |  261.152709ms |             ::1 | GET     /v3/dashboard/info/base?roomID=2
[DMP] 2026-06-10 00:04:08 | 200 |      115.75µs |             ::1 | GET     /v3/dashboard/info/sys
[DMP] 2026-06-10 00:04:10 | 200 |     248.917µs |             ::1 | GET     /v3/dashboard/info/sys
[DMP] 2026-06-10 00:04:12 | 200 |     121.667µs |             ::1 | GET     /v3/dashboard/info/sys
[DMP] 2026-06-10 00:04:14 | 200 |     222.875µs |             ::1 | GET     /v3/dashboard/info/sys
[DMP] 2026-06-10 00:04:16 | 200 |      93.375µs |             ::1 | GET     /v3/dashboard/info/sys
[DMP] 2026-06-10 00:04:16 | 200 |  258.512708ms |             ::1 | GET     /v3/dashboard/info/base?roomID=2
[DMP] 2026-06-10 00:04:18 | 200 |     119.167µs |             ::1 | GET     /v3/dashboard/info/sys
[DMP] 2026-06-10 00:04:20 | 200 |      118.25µs |             ::1 | GET     /v3/dashboard/info/sys
[DMP] 2026-06-10 00:04:22 | 200 |      145.25µs |             ::1 | GET     /v3/dashboard/info/sys
[DMP] 2026-06-10 00:04:24 | 200 |       125.5µs |             ::1 | GET     /v3/dashboard/info/sys
[DMP] 2026-06-10 00:04:26 | 200 |      101.25µs |             ::1 | GET     /v3/dashboard/info/sys
[DMP] 2026-06-10 00:04:26 | 200 |   254.57075ms |             ::1 | GET     /v3/dashboard/info/base?roomID=2
[DMP] 2026-06-10 00:04:28 | 200 |     206.083µs |             ::1 | GET     /v3/dashboard/info/sys
[DMP] 2026-06-10 00:04:30 | 200 |     239.166µs |             ::1 | GET     /v3/dashboard/info/sys
[DMP] 2026-06-10 00:04:32 | 200 |      108.25µs |             ::1 | GET     /v3/dashboard/info/sys
[DMP] 2026-06-10 00:04:34 | 200 |      87.417µs |             ::1 | GET     /v3/dashboard/info/sys
[DMP] 2026-06-10 00:04:36 | 200 |       99.75µs |             ::1 | GET     /v3/dashboard/info/sys
[DMP] 2026-06-10 00:04:36 | 200 |  252.341541ms |             ::1 | GET     /v3/dashboard/info/base?roomID=2
[DMP] 2026-06-10 00:04:38 | 200 |      98.834µs |             ::1 | GET     /v3/dashboard/info/sys
[DMP] 2026-06-10 00:04:40 | 200 |     155.458µs |             ::1 | GET     /v3/dashboard/info/sys
[DMP] 2026-06-10 00:04:42 | 200 |     276.667µs |             ::1 | GET     /v3/dashboard/info/sys
[DMP] 2026-06-10 00:04:44 | 200 |     128.875µs |             ::1 | GET     /v3/dashboard/info/sys
[DMP] 2026-06-10 00:04:46 | 200 |       80.25µs |             ::1 | GET     /v3/dashboard/info/sys
[DMP] 2026-06-10 00:04:46 | 200 |  253.930791ms |             ::1 | GET     /v3/dashboard/info/base?roomID=2
[DMP] 2026-06-10 00:04:48 | 200 |     129.417µs |             ::1 | GET     /v3/dashboard/info/sys
[DMP] 2026-06-10 00:04:50 | 200 |         159µs |             ::1 | GET     /v3/dashboard/info/sys
[DMP] 2026-06-10 00:04:52 | 200 |      85.958µs |             ::1 | GET     /v3/dashboard/info/sys
[DMP] 2026-06-10 00:04:54 | 200 |     766.167µs |             ::1 | GET     /v3/dashboard/info/sys
[DMP] 2026-06-10 00:04:56 | 200 |     369.375µs |             ::1 | GET     /v3/dashboard/info/sys
[DMP] 2026-06-10 00:04:56 | 200 |  258.547584ms |             ::1 | GET     /v3/dashboard/info/base?roomID=2
[DMP] 2026-06-10 00:04:58 | 200 |         197µs |             ::1 | GET     /v3/dashboard/info/sys
[DMP] 2026-06-10 00:05:00 | 200 |       165.5µs |             ::1 | GET     /v3/dashboard/info/sys
[DMP] 2026-06-10 00:05:02 | 200 |     102.583µs |             ::1 | GET     /v3/dashboard/info/sys
[DMP] 2026-06-10 00:05:04 | 200 |     180.583µs |             ::1 | GET     /v3/dashboard/info/sys
[DMP] 2026-06-10 00:05:06 | 200 |     102.292µs |             ::1 | GET     /v3/dashboard/info/sys
[DMP] 2026-06-10 00:05:06 | 200 |  253.265125ms |             ::1 | GET     /v3/dashboard/info/base?roomID=2
[DMP] 2026-06-10 00:05:08 | 200 |     179.125µs |             ::1 | GET     /v3/dashboard/info/sys
[DMP] 2026-06-10 00:05:10 | 200 |     138.458µs |             ::1 | GET     /v3/dashboard/info/sys
[DMP] 2026-06-10 00:05:12 | 200 |     140.958µs |             ::1 | GET     /v3/dashboard/info/sys
[DMP] 2026-06-10 00:05:14 | 200 |     210.667µs |             ::1 | GET     /v3/dashboard/info/sys
[DMP] 2026-06-10 00:05:16 | 200 |     221.666µs |             ::1 | GET     /v3/dashboard/info/sys
[DMP] 2026-06-10 00:05:16 | 200 |   252.23675ms |             ::1 | GET     /v3/dashboard/info/base?roomID=2
[DMP] 2026-06-10 00:05:18 | 200 |     117.167µs |             ::1 | GET     /v3/dashboard/info/sys
[DMP] 2026-06-10 00:05:20 | 200 |     108.333µs |             ::1 | GET     /v3/dashboard/info/sys
[DMP] 2026-06-10 00:05:22 | 200 |     135.875µs |             ::1 | GET     /v3/dashboard/info/sys
[DMP] 2026-06-10 00:05:24 | 200 |         137µs |             ::1 | GET     /v3/dashboard/info/sys
[DMP] 2026-06-10 00:05:26 | 200 |     132.792µs |             ::1 | GET     /v3/dashboard/info/sys
[DMP] 2026-06-10 00:05:26 | 200 |   249.62525ms |             ::1 | GET     /v3/dashboard/info/base?roomID=2
[DMP] 2026-06-10 00:05:28 | 200 |     223.958µs |             ::1 | GET     /v3/dashboard/info/sys
[DMP] 2026-06-10 00:05:30 | 200 |     138.959µs |             ::1 | GET     /v3/dashboard/info/sys
[DMP] 2026-06-10 00:05:32 | 200 |      129.25µs |             ::1 | GET     /v3/dashboard/info/sys
[DMP] 2026-06-10 00:05:34 | 200 |     194.709µs |             ::1 | GET     /v3/dashboard/info/sys
[DMP] 2026-06-10 00:05:36 | 200 |     101.083µs |             ::1 | GET     /v3/dashboard/info/sys
[DMP] 2026-06-10 00:05:36 | 200 |  254.003584ms |             ::1 | GET     /v3/dashboard/info/base?roomID=2
[DMP] 2026-06-10 00:05:38 | 200 |     106.042µs |             ::1 | GET     /v3/dashboard/info/sys
[DMP] 2026-06-10 00:05:40 | 200 |     153.125µs |             ::1 | GET     /v3/dashboard/info/sys
[DMP] 2026-06-10 00:05:42 | 200 |     111.833µs |             ::1 | GET     /v3/dashboard/info/sys
[DMP] 2026-06-10 00:05:44 | 200 |     148.375µs |             ::1 | GET     /v3/dashboard/info/sys
[DMP] 2026-06-10 00:05:46 | 200 |     127.667µs |             ::1 | GET     /v3/dashboard/info/sys
[DMP] 2026-06-10 00:05:46 | 200 |  250.804916ms |             ::1 | GET     /v3/dashboard/info/base?roomID=2
[DMP] 2026-06-10 00:05:48 | 200 |     190.625µs |             ::1 | GET     /v3/dashboard/info/sys
[DMP] 2026-06-10 00:05:50 | 200 |     177.625µs |             ::1 | GET     /v3/dashboard/info/sys
[DMP] 2026-06-10 00:05:52 | 200 |     180.333µs |             ::1 | GET     /v3/dashboard/info/sys
[DMP] 2026-06-10 00:05:54 | 200 |     113.666µs |             ::1 | GET     /v3/dashboard/info/sys
[DMP] 2026-06-10 00:05:56 | 200 |     103.833µs |             ::1 | GET     /v3/dashboard/info/sys
[DMP] 2026-06-10 00:05:56 | 200 |    251.1565ms |             ::1 | GET     /v3/dashboard/info/base?roomID=2
[DMP] 2026-06-10 00:05:58 | 200 |     205.667µs |             ::1 | GET     /v3/dashboard/info/sys
[DMP] 2026-06-10 00:06:00 | 200 |         124µs |             ::1 | GET     /v3/dashboard/info/sys
[DMP] 2026-06-10 00:06:02 | 200 |     111.125µs |             ::1 | GET     /v3/dashboard/info/sys
[DMP] 2026-06-10 00:06:04 | 200 |       190.5µs |             ::1 | GET     /v3/dashboard/info/sys
[DMP] 2026-06-10 00:06:06 | 200 |     193.875µs |             ::1 | GET     /v3/dashboard/info/sys
[DMP] 2026-06-10 00:06:06 | 200 |  249.304375ms |             ::1 | GET     /v3/dashboard/info/base?roomID=2
[DMP] 2026-06-10 00:06:08 | 200 |     124.209µs |             ::1 | GET     /v3/dashboard/info/sys
[DMP] 2026-06-10 00:06:10 | 200 |      339.75µs |             ::1 | GET     /v3/dashboard/info/sys
[DMP] 2026-06-10 00:06:12 | 200 |      86.958µs |             ::1 | GET     /v3/dashboard/info/sys
[DMP] 2026-06-10 00:06:14 | 200 |     138.375µs |             ::1 | GET     /v3/dashboard/info/sys
[DMP] 2026-06-10 00:06:16 | 200 |     100.667µs |             ::1 | GET     /v3/dashboard/info/sys
[DMP] 2026-06-10 00:06:16 | 200 |   249.94875ms |             ::1 | GET     /v3/dashboard/info/base?roomID=2
[DMP] 2026-06-10 00:06:18 | 200 |     165.458µs |             ::1 | GET     /v3/dashboard/info/sys
[DMP] 2026-06-10 00:06:20 | 200 |     128.333µs |             ::1 | GET     /v3/dashboard/info/sys
[DMP] 2026-06-10 00:06:22 | 200 |     109.375µs |             ::1 | GET     /v3/dashboard/info/sys
[DMP] 2026-06-10 00:06:24 | 200 |     176.417µs |             ::1 | GET     /v3/dashboard/info/sys
[DMP] 2026-06-10 00:06:26 | 200 |     116.334µs |             ::1 | GET     /v3/dashboard/info/sys
[DMP] 2026-06-10 00:06:26 | 200 |   250.84225ms |             ::1 | GET     /v3/dashboard/info/base?roomID=2
[DMP] 2026-06-10 00:06:28 | 200 |     121.417µs |             ::1 | GET     /v3/dashboard/info/sys
[DMP] 2026-06-10 00:06:30 | 200 |     133.083µs |             ::1 | GET     /v3/dashboard/info/sys
[DMP] 2026-06-10 00:06:32 | 200 |     177.791µs |             ::1 | GET     /v3/dashboard/info/sys
[DMP] 2026-06-10 00:06:34 | 200 |     221.708µs |             ::1 | GET     /v3/dashboard/info/sys
[DMP] 2026-06-10 00:06:36 | 200 |      98.959µs |             ::1 | GET     /v3/dashboard/info/sys
[DMP] 2026-06-10 00:06:36 | 200 |  253.461916ms |             ::1 | GET     /v3/dashboard/info/base?roomID=2
[DMP] 2026-06-10 00:06:38 | 200 |     145.208µs |             ::1 | GET     /v3/dashboard/info/sys
[DMP] 2026-06-10 00:06:40 | 200 |          87µs |             ::1 | GET     /v3/dashboard/info/sys
[DMP] 2026-06-10 00:06:42 | 200 |     116.167µs |             ::1 | GET     /v3/dashboard/info/sys
[DMP] 2026-06-10 00:06:44 | 200 |     256.875µs |             ::1 | GET     /v3/dashboard/info/sys
[DMP] 2026-06-10 00:06:46 | 200 |      83.125µs |             ::1 | GET     /v3/dashboard/info/sys
[DMP] 2026-06-10 00:06:46 | 200 |  251.399875ms |             ::1 | GET     /v3/dashboard/info/base?roomID=2
[DMP] 2026-06-10 00:06:48 | 200 |     207.042µs |             ::1 | GET     /v3/dashboard/info/sys
[DMP] 2026-06-10 00:06:50 | 200 |     184.875µs |             ::1 | GET     /v3/dashboard/info/sys
[DMP] 2026-06-10 00:06:52 | 200 |     255.083µs |             ::1 | GET     /v3/dashboard/info/sys
[DMP] 2026-06-10 00:06:54 | 200 |     150.583µs |             ::1 | GET     /v3/dashboard/info/sys
[DMP] 2026-06-10 00:06:56 | 200 |     157.042µs |             ::1 | GET     /v3/dashboard/info/sys
[DMP] 2026-06-10 00:06:56 | 200 |  252.073125ms |             ::1 | GET     /v3/dashboard/info/base?roomID=2
[DMP] 2026-06-10 00:06:58 | 200 |      107.75µs |             ::1 | GET     /v3/dashboard/info/sys
[DMP] 2026-06-10 00:07:00 | 200 |     195.208µs |             ::1 | GET     /v3/dashboard/info/sys
[DMP] 2026-06-10 00:07:02 | 200 |     148.625µs |             ::1 | GET     /v3/dashboard/info/sys
[DMP] 2026-06-10 00:07:04 | 200 |      84.959µs |             ::1 | GET     /v3/dashboard/info/sys
[DMP] 2026-06-10 00:07:06 | 200 |      83.459µs |             ::1 | GET     /v3/dashboard/info/sys
[DMP] 2026-06-10 00:07:06 | 200 |   249.85125ms |             ::1 | GET     /v3/dashboard/info/base?roomID=2
[DMP] 2026-06-10 00:07:09 | 200 |   64.555625ms |             ::1 | GET     /v3/dashboard/info/sys
[DMP] 2026-06-10 00:07:10 | 200 |       169.5µs |             ::1 | GET     /v3/dashboard/info/sys
[DMP] 2026-06-10 00:07:12 | 200 |     119.458µs |             ::1 | GET     /v3/dashboard/info/sys
[DMP] 2026-06-10 00:07:14 | 200 |      88.708µs |             ::1 | GET     /v3/dashboard/info/sys
[DMP] 2026-06-10 00:07:16 | 200 |      97.916µs |             ::1 | GET     /v3/dashboard/info/sys
[DMP] 2026-06-10 00:07:16 | 200 |  262.521417ms |             ::1 | GET     /v3/dashboard/info/base?roomID=2
[DMP] 2026-06-10 00:07:18 | 200 |     104.292µs |             ::1 | GET     /v3/dashboard/info/sys
[DMP] 2026-06-10 00:07:20 | 200 |      75.209µs |             ::1 | GET     /v3/dashboard/info/sys
[DMP] 2026-06-10 00:07:22 | 200 |      73.916µs |             ::1 | GET     /v3/dashboard/info/sys
[DMP] 2026-06-10 00:07:23 | 200 |    1.169167ms |             ::1 | GET     /v3/room/worlds?roomID=2
[DMP] 2026-06-10 00:07:23 | 200 |      1.1225ms |             ::1 | GET     /v3/logs/history/list?roomID=2&worldID=11&logType=game
[DMP] 2026-06-10 00:07:25 | 200 |     893.042µs |             ::1 | GET     /v3/logs/content?roomID=2&worldID=11&logType=game&lines=22
[DMP] 2026-06-10 00:07:27 | 200 |    1.061667ms |             ::1 | GET     /v3/logs/content?roomID=2&worldID=11&logType=game&lines=22
[DMP] 2026-06-10 00:07:29 | 200 |    1.116458ms |             ::1 | GET     /v3/logs/content?roomID=2&worldID=11&logType=game&lines=22
[DMP] 2026-06-10 00:07:31 | 200 |     401.042µs |             ::1 | GET     /v3/logs/content?roomID=2&worldID=11&logType=game&lines=22
[DMP] 2026-06-10 00:07:33 | 200 |     1.46025ms |             ::1 | GET     /v3/logs/content?roomID=2&worldID=11&logType=game&lines=22
[DMP] 2026-06-10 00:07:35 | 200 |     880.833µs |             ::1 | GET     /v3/logs/content?roomID=2&worldID=11&logType=game&lines=22
[DMP] 2026-06-10 00:07:37 | 200 |     835.292µs |             ::1 | GET     /v3/logs/content?roomID=2&worldID=11&logType=game&lines=22
[DMP] 2026-06-10 00:07:39 | 200 |     731.458µs |             ::1 | GET     /v3/logs/content?roomID=2&worldID=11&logType=game&lines=22
[DMP] 2026-06-10 00:07:41 | 200 |    1.109625ms |             ::1 | GET     /v3/logs/content?roomID=2&worldID=11&logType=game&lines=22
[DMP] 2026-06-10 00:07:43 | 200 |    1.114625ms |             ::1 | GET     /v3/logs/content?roomID=2&worldID=11&logType=game&lines=22
[DMP] 2026-06-10 00:07:45 | 200 |      1.0905ms |             ::1 | GET     /v3/logs/content?roomID=2&worldID=11&logType=game&lines=22
[DMP] 2026-06-10 00:07:47 | 200 |    1.548042ms |             ::1 | GET     /v3/logs/content?roomID=2&worldID=11&logType=game&lines=22
[DMP] 2026-06-10 00:07:49 | 200 |    2.117833ms |             ::1 | GET     /v3/logs/content?roomID=2&worldID=11&logType=game&lines=22
[DMP] 2026-06-10 00:07:51 | 200 |    4.160583ms |             ::1 | GET     /v3/logs/content?roomID=2&worldID=11&logType=game&lines=22
[DMP] 2026-06-10 00:07:53 | 200 |    1.346167ms |             ::1 | GET     /v3/logs/content?roomID=2&worldID=11&logType=game&lines=22
[DMP] 2026-06-10 00:07:55 | 200 |     883.916µs |             ::1 | GET     /v3/logs/content?roomID=2&worldID=11&logType=game&lines=22
[DMP] 2026-06-10 00:07:57 | 200 |     675.667µs |             ::1 | GET     /v3/logs/content?roomID=2&worldID=11&logType=game&lines=22
[DMP] 2026-06-10 00:07:59 | 200 |     954.542µs |             ::1 | GET     /v3/logs/content?roomID=2&worldID=11&logType=game&lines=22
[DMP] 2026-06-10 00:08:01 | 200 |     867.875µs |             ::1 | GET     /v3/logs/content?roomID=2&worldID=11&logType=game&lines=22
[DMP] 2026-06-10 00:08:03 | 200 |    1.039084ms |             ::1 | GET     /v3/logs/content?roomID=2&worldID=11&logType=game&lines=22
[DMP] 2026-06-10 00:08:05 | 200 |    1.001958ms |             ::1 | GET     /v3/logs/content?roomID=2&worldID=11&logType=game&lines=22
[DMP] 2026-06-10 00:08:07 | 200 |     854.417µs |             ::1 | GET     /v3/logs/content?roomID=2&worldID=11&logType=game&lines=22
[DMP] 2026-06-10 00:08:09 | 200 |    1.033416ms |             ::1 | GET     /v3/logs/content?roomID=2&worldID=11&logType=game&lines=22
[DMP] 2026-06-10 00:08:11 | 200 |    1.154125ms |             ::1 | GET     /v3/logs/content?roomID=2&worldID=11&logType=game&lines=22
[DMP] 2026-06-10 00:08:13 | 200 |    1.100041ms |             ::1 | GET     /v3/logs/content?roomID=2&worldID=11&logType=game&lines=22
[DMP] 2026-06-10 00:08:15 | 200 |    1.014541ms |             ::1 | GET     /v3/logs/content?roomID=2&worldID=11&logType=game&lines=22
[DMP] 2026-06-10 00:08:17 | 200 |    1.458166ms |             ::1 | GET     /v3/logs/content?roomID=2&worldID=11&logType=game&lines=22
[DMP] 2026-06-10 00:08:19 | 200 |         713µs |             ::1 | GET     /v3/logs/content?roomID=2&worldID=11&logType=game&lines=22
[DMP] 2026-06-10 00:08:21 | 200 |     755.791µs |             ::1 | GET     /v3/logs/content?roomID=2&worldID=11&logType=game&lines=22
[DMP] 2026-06-10 00:08:23 | 200 |     675.708µs |             ::1 | GET     /v3/logs/content?roomID=2&worldID=11&logType=game&lines=22
[DMP] 2026-06-10 00:08:25 | 200 |    1.049459ms |             ::1 | GET     /v3/logs/content?roomID=2&worldID=11&logType=game&lines=22
[DMP] 2026-06-10 00:08:27 | 200 |    1.217583ms |             ::1 | GET     /v3/logs/content?roomID=2&worldID=11&logType=game&lines=22
[DMP] 2026-06-10 00:08:29 | 200 |     776.375µs |             ::1 | GET     /v3/logs/content?roomID=2&worldID=11&logType=game&lines=22
[DMP] 2026-06-10 00:08:31 | 200 |         891µs |             ::1 | GET     /v3/logs/content?roomID=2&worldID=11&logType=game&lines=22
[DMP] 2026-06-10 00:08:33 | 200 |    1.040416ms |             ::1 | GET     /v3/logs/content?roomID=2&worldID=11&logType=game&lines=22
[DMP] 2026-06-10 00:08:35 | 200 |     1.17025ms |             ::1 | GET     /v3/logs/content?roomID=2&worldID=11&logType=game&lines=22
[DMP] 2026-06-10 00:08:37 | 200 |     764.541µs |             ::1 | GET     /v3/logs/content?roomID=2&worldID=11&logType=game&lines=22
[DMP] 2026-06-10 00:08:39 | 200 |    1.492042ms |             ::1 | GET     /v3/logs/content?roomID=2&worldID=11&logType=game&lines=22
[DMP] 2026-06-10 00:08:41 | 200 |    1.347167ms |             ::1 | GET     /v3/logs/content?roomID=2&worldID=11&logType=game&lines=22
[DMP] 2026-06-10 00:08:43 | 200 |    1.363959ms |             ::1 | GET     /v3/logs/content?roomID=2&worldID=11&logType=game&lines=22
[DMP] 2026-06-10 00:08:45 | 200 |    1.213875ms |             ::1 | GET     /v3/logs/content?roomID=2&worldID=11&logType=game&lines=22
[DMP] 2026-06-10 00:08:47 | 200 |     1.20775ms |             ::1 | GET     /v3/logs/content?roomID=2&worldID=11&logType=game&lines=22
[DMP] 2026-06-10 00:08:49 | 200 |    1.020375ms |             ::1 | GET     /v3/logs/content?roomID=2&worldID=11&logType=game&lines=22
[DMP] 2026-06-10 00:08:51 | 200 |     905.459µs |             ::1 | GET     /v3/logs/content?roomID=2&worldID=11&logType=game&lines=22
[DMP] 2026-06-10 00:08:53 | 200 |     970.458µs |             ::1 | GET     /v3/logs/content?roomID=2&worldID=11&logType=game&lines=22
[DMP] 2026-06-10 00:08:55 | 200 |    1.009125ms |             ::1 | GET     /v3/logs/content?roomID=2&worldID=11&logType=game&lines=22
[DMP] 2026-06-10 00:08:57 | 200 |    1.586375ms |             ::1 | GET     /v3/logs/content?roomID=2&worldID=11&logType=game&lines=22
[DMP] 2026-06-10 00:08:59 | 200 |    3.237625ms |             ::1 | GET     /v3/logs/content?roomID=2&worldID=11&logType=game&lines=22
[DMP] 2026-06-10 00:09:01 | 200 |       1.025ms |             ::1 | GET     /v3/logs/content?roomID=2&worldID=11&logType=game&lines=22
[DMP] 2026-06-10 00:09:03 | 200 |     849.458µs |             ::1 | GET     /v3/logs/content?roomID=2&worldID=11&logType=game&lines=22
[DMP] 2026-06-10 00:09:05 | 200 |    1.050167ms |             ::1 | GET     /v3/logs/content?roomID=2&worldID=11&logType=game&lines=22
[DMP] 2026-06-10 00:09:07 | 200 |     700.167µs |             ::1 | GET     /v3/logs/content?roomID=2&worldID=11&logType=game&lines=22
[DMP] 2026-06-10 00:09:09 | 200 |     905.125µs |             ::1 | GET     /v3/logs/content?roomID=2&worldID=11&logType=game&lines=22
[DMP] 2026-06-10 00:09:11 | 200 |         937µs |             ::1 | GET     /v3/logs/content?roomID=2&worldID=11&logType=game&lines=22
[DMP] 2026-06-10 00:09:13 | 200 |       828.5µs |             ::1 | GET     /v3/logs/content?roomID=2&worldID=11&logType=game&lines=22
[DMP] 2026-06-10 00:09:15 | 200 |     859.791µs |             ::1 | GET     /v3/logs/content?roomID=2&worldID=11&logType=game&lines=22
[DMP] 2026-06-10 00:09:17 | 200 |    1.029292ms |             ::1 | GET     /v3/logs/content?roomID=2&worldID=11&logType=game&lines=22
[DMP] 2026-06-10 00:09:19 | 200 |    1.095583ms |             ::1 | GET     /v3/logs/content?roomID=2&worldID=11&logType=game&lines=22
[DMP] 2026-06-10 00:09:21 | 200 |     714.542µs |             ::1 | GET     /v3/logs/content?roomID=2&worldID=11&logType=game&lines=22
[DMP] 2026-06-10 00:09:23 | 200 |     819.708µs |             ::1 | GET     /v3/logs/content?roomID=2&worldID=11&logType=game&lines=22
[DMP] 2026-06-10 00:09:25 | 200 |     833.708µs |             ::1 | GET     /v3/logs/content?roomID=2&worldID=11&logType=game&lines=22
[DMP] 2026-06-10 00:09:27 | 200 |    1.094375ms |             ::1 | GET     /v3/logs/content?roomID=2&worldID=11&logType=game&lines=22
[DMP] 2026-06-10 00:09:29 | 200 |       897.5µs |             ::1 | GET     /v3/logs/content?roomID=2&worldID=11&logType=game&lines=22
[DMP] 2026-06-10 00:09:31 | 200 |     782.292µs |             ::1 | GET     /v3/logs/content?roomID=2&worldID=11&logType=game&lines=22
[DMP] 2026-06-10 00:09:33 | 200 |     792.875µs |             ::1 | GET     /v3/logs/content?roomID=2&worldID=11&logType=game&lines=22
[DMP] 2026-06-10 00:09:35 | 200 |    1.739042ms |             ::1 | GET     /v3/logs/content?roomID=2&worldID=11&logType=game&lines=22
[DMP] 2026-06-10 00:09:37 | 200 |       886.5µs |             ::1 | GET     /v3/logs/content?roomID=2&worldID=11&logType=game&lines=22
[DMP] 2026-06-10 00:09:39 | 200 |    1.452833ms |             ::1 | GET     /v3/logs/content?roomID=2&worldID=11&logType=game&lines=22
[DMP] 2026-06-10 00:09:41 | 200 |     854.458µs |             ::1 | GET     /v3/logs/content?roomID=2&worldID=11&logType=game&lines=22
[DMP] 2026-06-10 00:09:43 | 200 |     962.084µs |             ::1 | GET     /v3/logs/content?roomID=2&worldID=11&logType=game&lines=22
[DMP] 2026-06-10 00:09:45 | 200 |     970.166µs |             ::1 | GET     /v3/logs/content?roomID=2&worldID=11&logType=game&lines=22
[DMP] 2026-06-10 00:09:47 | 200 |    1.548333ms |             ::1 | GET     /v3/logs/content?roomID=2&worldID=11&logType=game&lines=22
[DMP] 2026-06-10 00:09:49 | 200 |     905.041µs |             ::1 | GET     /v3/logs/content?roomID=2&worldID=11&logType=game&lines=22
[DMP] 2026-06-10 00:09:51 | 200 |     813.333µs |             ::1 | GET     /v3/logs/content?roomID=2&worldID=11&logType=game&lines=22
[DMP] 2026-06-10 00:09:53 | 200 |    1.036458ms |             ::1 | GET     /v3/logs/content?roomID=2&worldID=11&logType=game&lines=22
[DMP] 2026-06-10 00:09:55 | 200 |    1.190458ms |             ::1 | GET     /v3/logs/content?roomID=2&worldID=11&logType=game&lines=22
[DMP] 2026-06-10 00:09:57 | 200 |     992.208µs |             ::1 | GET     /v3/logs/content?roomID=2&worldID=11&logType=game&lines=22
[DMP] 2026-06-10 00:09:59 | 200 |       896.5µs |             ::1 | GET     /v3/logs/content?roomID=2&worldID=11&logType=game&lines=22
[DMP] 2026-06-10 00:10:01 | 200 |    1.375042ms |             ::1 | GET     /v3/logs/content?roomID=2&worldID=11&logType=game&lines=22
[DMP] 2026-06-10 00:10:03 | 200 |       878.5µs |             ::1 | GET     /v3/logs/content?roomID=2&worldID=11&logType=game&lines=22
[DMP] 2026-06-10 00:10:05 | 200 |    1.194458ms |             ::1 | GET     /v3/logs/content?roomID=2&worldID=11&logType=game&lines=22
[DMP] 2026-06-10 00:10:07 | 200 |    1.912125ms |             ::1 | GET     /v3/logs/content?roomID=2&worldID=11&logType=game&lines=22
[DMP] 2026-06-10 00:10:09 | 200 |    1.101917ms |             ::1 | GET     /v3/logs/content?roomID=2&worldID=11&logType=game&lines=22
[DMP] 2026-06-10 00:10:11 | 200 |     800.375µs |             ::1 | GET     /v3/logs/content?roomID=2&worldID=11&logType=game&lines=22
[DMP] 2026-06-10 00:10:13 | 200 |       727.5µs |             ::1 | GET     /v3/logs/content?roomID=2&worldID=11&logType=game&lines=22
[DMP] 2026-06-10 00:10:15 | 200 |      973.25µs |             ::1 | GET     /v3/logs/content?roomID=2&worldID=11&logType=game&lines=22
[DMP] 2026-06-10 00:10:17 | 200 |      852.25µs |             ::1 | GET     /v3/logs/content?roomID=2&worldID=11&logType=game&lines=22
[DMP] 2026-06-10 00:10:19 | 200 |     986.584µs |             ::1 | GET     /v3/logs/content?roomID=2&worldID=11&logType=game&lines=22
[DMP] 2026-06-10 00:10:21 | 200 |     929.584µs |             ::1 | GET     /v3/logs/content?roomID=2&worldID=11&logType=game&lines=22
[DMP] 2026-06-10 00:10:23 | 200 |      866.25µs |             ::1 | GET     /v3/logs/content?roomID=2&worldID=11&logType=game&lines=22
[DMP] 2026-06-10 00:10:25 | 200 |    1.726584ms |             ::1 | GET     /v3/logs/content?roomID=2&worldID=11&logType=game&lines=22
[DMP] 2026-06-10 00:10:27 | 200 |    1.513041ms |             ::1 | GET     /v3/logs/content?roomID=2&worldID=11&logType=game&lines=22
[DMP] 2026-06-10 00:10:29 | 200 |       1.109ms |             ::1 | GET     /v3/logs/content?roomID=2&worldID=11&logType=game&lines=22
[DMP] 2026-06-10 00:10:31 | 200 |    1.141833ms |             ::1 | GET     /v3/logs/content?roomID=2&worldID=11&logType=game&lines=22
[DMP] 2026-06-10 00:10:33 | 200 |     867.625µs |             ::1 | GET     /v3/logs/content?roomID=2&worldID=11&logType=game&lines=22
[DMP] 2026-06-10 00:10:35 | 200 |     853.917µs |             ::1 | GET     /v3/logs/content?roomID=2&worldID=11&logType=game&lines=22
[DMP] 2026-06-10 00:10:37 | 200 |    1.327708ms |             ::1 | GET     /v3/logs/content?roomID=2&worldID=11&logType=game&lines=22
[DMP] 2026-06-10 00:10:39 | 200 |     1.34525ms |             ::1 | GET     /v3/logs/content?roomID=2&worldID=11&logType=game&lines=22
[DMP] 2026-06-10 00:10:41 | 200 |     868.917µs |             ::1 | GET     /v3/logs/content?roomID=2&worldID=11&logType=game&lines=22
[DMP] 2026-06-10 00:10:43 | 200 |    1.000709ms |             ::1 | GET     /v3/logs/content?roomID=2&worldID=11&logType=game&lines=22
[DMP] 2026-06-10 00:10:45 | 200 |    1.199542ms |             ::1 | GET     /v3/logs/content?roomID=2&worldID=11&logType=game&lines=22
[DMP] 2026-06-10 00:10:47 | 200 |      887.75µs |             ::1 | GET     /v3/logs/content?roomID=2&worldID=11&logType=game&lines=22
[DMP] 2026-06-10 00:10:49 | 200 |    1.363666ms |             ::1 | GET     /v3/logs/content?roomID=2&worldID=11&logType=game&lines=22
[DMP] 2026-06-10 00:10:51 | 200 |    1.614541ms |             ::1 | GET     /v3/logs/content?roomID=2&worldID=11&logType=game&lines=22
[DMP] 2026-06-10 00:10:53 | 200 |    1.024458ms |             ::1 | GET     /v3/logs/content?roomID=2&worldID=11&logType=game&lines=22
[DMP] 2026-06-10 00:10:55 | 200 |    1.043209ms |             ::1 | GET     /v3/logs/content?roomID=2&worldID=11&logType=game&lines=22
[DMP] 2026-06-10 00:10:57 | 200 |    1.113208ms |             ::1 | GET     /v3/logs/content?roomID=2&worldID=11&logType=game&lines=22
[DMP] 2026-06-10 00:10:59 | 200 |     1.22975ms |             ::1 | GET     /v3/logs/content?roomID=2&worldID=11&logType=game&lines=22
[DMP] 2026-06-10 00:11:01 | 200 |    1.030833ms |             ::1 | GET     /v3/logs/content?roomID=2&worldID=11&logType=game&lines=22
[DMP] 2026-06-10 00:11:03 | 200 |    1.227125ms |             ::1 | GET     /v3/logs/content?roomID=2&worldID=11&logType=game&lines=22
[DMP] 2026-06-10 00:11:05 | 200 |     978.459µs |             ::1 | GET     /v3/logs/content?roomID=2&worldID=11&logType=game&lines=22
[DMP] 2026-06-10 00:11:07 | 200 |    2.578792ms |             ::1 | GET     /v3/logs/content?roomID=2&worldID=11&logType=game&lines=22
[DMP] 2026-06-10 00:11:09 | 200 |     989.458µs |             ::1 | GET     /v3/logs/content?roomID=2&worldID=11&logType=game&lines=22
[DMP] 2026-06-10 00:11:11 | 200 |    1.311291ms |             ::1 | GET     /v3/logs/content?roomID=2&worldID=11&logType=game&lines=22
[DMP] 2026-06-10 00:11:13 | 200 |     948.833µs |             ::1 | GET     /v3/logs/content?roomID=2&worldID=11&logType=game&lines=22
[DMP] 2026-06-10 00:11:15 | 200 |    1.451042ms |             ::1 | GET     /v3/logs/content?roomID=2&worldID=11&logType=game&lines=22
[DMP] 2026-06-10 00:11:17 | 200 |     889.292µs |             ::1 | GET     /v3/logs/content?roomID=2&worldID=11&logType=game&lines=22
[DMP] 2026-06-10 00:11:19 | 200 |    1.001166ms |             ::1 | GET     /v3/logs/content?roomID=2&worldID=11&logType=game&lines=22
[DMP] 2026-06-10 00:11:21 | 200 |     868.792µs |             ::1 | GET     /v3/logs/content?roomID=2&worldID=11&logType=game&lines=22
[DMP] 2026-06-10 00:11:23 | 200 |     831.291µs |             ::1 | GET     /v3/logs/content?roomID=2&worldID=11&logType=game&lines=22
[DMP] 2026-06-10 00:11:25 | 200 |    1.138708ms |             ::1 | GET     /v3/logs/content?roomID=2&worldID=11&logType=game&lines=22
[DMP] 2026-06-10 00:11:27 | 200 |     940.375µs |             ::1 | GET     /v3/logs/content?roomID=2&worldID=11&logType=game&lines=22
[DMP] 2026-06-10 00:11:29 | 200 |     903.875µs |             ::1 | GET     /v3/logs/content?roomID=2&worldID=11&logType=game&lines=22
[DMP] 2026-06-10 00:11:31 | 200 |         943µs |             ::1 | GET     /v3/logs/content?roomID=2&worldID=11&logType=game&lines=22
[DMP] 2026-06-10 00:11:33 | 200 |    1.494792ms |             ::1 | GET     /v3/logs/content?roomID=2&worldID=11&logType=game&lines=22
[DMP] 2026-06-10 00:11:35 | 200 |      870.75µs |             ::1 | GET     /v3/logs/content?roomID=2&worldID=11&logType=game&lines=22
[DMP] 2026-06-10 00:11:37 | 200 |     861.667µs |             ::1 | GET     /v3/logs/content?roomID=2&worldID=11&logType=game&lines=22
[DMP] 2026-06-10 00:11:39 | 200 |     955.417µs |             ::1 | GET     /v3/logs/content?roomID=2&worldID=11&logType=game&lines=22
[DMP] 2026-06-10 00:11:41 | 200 |    1.384375ms |             ::1 | GET     /v3/logs/content?roomID=2&worldID=11&logType=game&lines=22
[DMP] 2026-06-10 00:11:43 | 200 |    1.241333ms |             ::1 | GET     /v3/logs/content?roomID=2&worldID=11&logType=game&lines=22
[DMP] 2026-06-10 00:11:45 | 200 |    1.385375ms |             ::1 | GET     /v3/logs/content?roomID=2&worldID=11&logType=game&lines=22
[DMP] 2026-06-10 00:11:47 | 200 |         923µs |             ::1 | GET     /v3/logs/content?roomID=2&worldID=11&logType=game&lines=22
[DMP] 2026-06-10 00:11:49 | 200 |    1.207084ms |             ::1 | GET     /v3/logs/content?roomID=2&worldID=11&logType=game&lines=22
[DMP] 2026-06-10 00:11:51 | 200 |    1.461625ms |             ::1 | GET     /v3/logs/content?roomID=2&worldID=11&logType=game&lines=22
[DMP] 2026-06-10 00:11:53 | 200 |    3.807458ms |             ::1 | GET     /v3/logs/content?roomID=2&worldID=11&logType=game&lines=22
[DMP] 2026-06-10 00:11:55 | 200 |    1.521458ms |             ::1 | GET     /v3/logs/content?roomID=2&worldID=11&logType=game&lines=22
[DMP] 2026-06-10 00:11:57 | 200 |      1.6105ms |             ::1 | GET     /v3/logs/content?roomID=2&worldID=11&logType=game&lines=22
[DMP] 2026-06-10 00:11:59 | 200 |     949.041µs |             ::1 | GET     /v3/logs/content?roomID=2&worldID=11&logType=game&lines=22
[DMP] 2026-06-10 00:12:01 | 200 |     937.834µs |             ::1 | GET     /v3/logs/content?roomID=2&worldID=11&logType=game&lines=22
[DMP] 2026-06-10 00:12:03 | 200 |      1.1425ms |             ::1 | GET     /v3/logs/content?roomID=2&worldID=11&logType=game&lines=22
[DMP] 2026-06-10 00:12:05 | 200 |     978.041µs |             ::1 | GET     /v3/logs/content?roomID=2&worldID=11&logType=game&lines=22
[DMP] 2026-06-10 00:12:07 | 200 |    1.353375ms |             ::1 | GET     /v3/logs/content?roomID=2&worldID=11&logType=game&lines=22
[DMP] 2026-06-10 00:12:09 | 200 |     1.16925ms |             ::1 | GET     /v3/logs/content?roomID=2&worldID=11&logType=game&lines=22
[DMP] 2026-06-10 00:12:11 | 200 |    2.659792ms |             ::1 | GET     /v3/logs/content?roomID=2&worldID=11&logType=game&lines=22
[DMP] 2026-06-10 00:12:13 | 200 |    1.017291ms |             ::1 | GET     /v3/logs/content?roomID=2&worldID=11&logType=game&lines=22
[DMP] 2026-06-10 00:12:15 | 200 |     929.416µs |             ::1 | GET     /v3/logs/content?roomID=2&worldID=11&logType=game&lines=22
[DMP] 2026-06-10 00:12:17 | 200 |     904.541µs |             ::1 | GET     /v3/logs/content?roomID=2&worldID=11&logType=game&lines=22
[DMP] 2026-06-10 00:12:19 | 200 |    1.125291ms |             ::1 | GET     /v3/logs/content?roomID=2&worldID=11&logType=game&lines=22
[DMP] 2026-06-10 00:12:21 | 200 |    1.252959ms |             ::1 | GET     /v3/logs/content?roomID=2&worldID=11&logType=game&lines=22
[DMP] 2026-06-10 00:12:23 | 200 |     902.083µs |             ::1 | GET     /v3/logs/content?roomID=2&worldID=11&logType=game&lines=22
[DMP] 2026-06-10 00:12:25 | 200 |     999.083µs |             ::1 | GET     /v3/logs/content?roomID=2&worldID=11&logType=game&lines=22
[DMP] 2026-06-10 00:12:27 | 200 |    1.182167ms |             ::1 | GET     /v3/logs/content?roomID=2&worldID=11&logType=game&lines=22
[DMP] 2026-06-10 00:12:29 | 200 |    1.367292ms |             ::1 | GET     /v3/logs/content?roomID=2&worldID=11&logType=game&lines=22
[DMP] 2026-06-10 00:12:31 | 200 |     802.792µs |             ::1 | GET     /v3/logs/content?roomID=2&worldID=11&logType=game&lines=22
[DMP] 2026-06-10 00:12:33 | 200 |     695.125µs |             ::1 | GET     /v3/logs/content?roomID=2&worldID=11&logType=game&lines=22
[DMP] 2026-06-10 00:12:35 | 200 |     891.791µs |             ::1 | GET     /v3/logs/content?roomID=2&worldID=11&logType=game&lines=22
[DMP] 2026-06-10 00:12:37 | 200 |     714.333µs |             ::1 | GET     /v3/logs/content?roomID=2&worldID=11&logType=game&lines=22
[DMP] 2026-06-10 00:12:39 | 200 |     898.542µs |             ::1 | GET     /v3/logs/content?roomID=2&worldID=11&logType=game&lines=22
[DMP] 2026-06-10 00:12:41 | 200 |     933.125µs |             ::1 | GET     /v3/logs/content?roomID=2&worldID=11&logType=game&lines=22
[DMP] 2026-06-10 00:12:43 | 200 |    1.314958ms |             ::1 | GET     /v3/logs/content?roomID=2&worldID=11&logType=game&lines=22
[DMP] 2026-06-10 00:12:45 | 200 |    1.282791ms |             ::1 | GET     /v3/logs/content?roomID=2&worldID=11&logType=game&lines=22
[DMP] 2026-06-10 00:12:47 | 200 |    1.231583ms |             ::1 | GET     /v3/logs/content?roomID=2&worldID=11&logType=game&lines=22
[DMP] 2026-06-10 00:12:49 | 200 |     916.583µs |             ::1 | GET     /v3/logs/content?roomID=2&worldID=11&logType=game&lines=22
[DMP] 2026-06-10 00:12:51 | 200 |         857µs |             ::1 | GET     /v3/logs/content?roomID=2&worldID=11&logType=game&lines=22
[DMP] 2026-06-10 00:12:53 | 200 |    1.078083ms |             ::1 | GET     /v3/logs/content?roomID=2&worldID=11&logType=game&lines=22
[DMP] 2026-06-10 00:12:55 | 200 |    1.180792ms |             ::1 | GET     /v3/logs/content?roomID=2&worldID=11&logType=game&lines=22
[DMP] 2026-06-10 00:12:57 | 200 |    1.067584ms |             ::1 | GET     /v3/logs/content?roomID=2&worldID=11&logType=game&lines=22
[DMP] 2026-06-10 00:12:59 | 200 |     892.834µs |             ::1 | GET     /v3/logs/content?roomID=2&worldID=11&logType=game&lines=22
[DMP] 2026-06-10 00:13:01 | 200 |    1.312417ms |             ::1 | GET     /v3/logs/content?roomID=2&worldID=11&logType=game&lines=22
[DMP] 2026-06-10 00:13:03 | 200 |    1.646125ms |             ::1 | GET     /v3/logs/content?roomID=2&worldID=11&logType=game&lines=22
[DMP] 2026-06-10 00:13:05 | 200 |    1.353292ms |             ::1 | GET     /v3/logs/content?roomID=2&worldID=11&logType=game&lines=22
[DMP] 2026-06-10 00:13:07 | 200 |     858.666µs |             ::1 | GET     /v3/logs/content?roomID=2&worldID=11&logType=game&lines=22
[DMP] 2026-06-10 00:13:09 | 200 |    1.250875ms |             ::1 | GET     /v3/logs/content?roomID=2&worldID=11&logType=game&lines=22
[DMP] 2026-06-10 00:13:11 | 200 |     938.708µs |             ::1 | GET     /v3/logs/content?roomID=2&worldID=11&logType=game&lines=22
[DMP] 2026-06-10 00:13:13 | 200 |    1.494291ms |             ::1 | GET     /v3/logs/content?roomID=2&worldID=11&logType=game&lines=22
[DMP] 2026-06-10 00:13:15 | 200 |     863.542µs |             ::1 | GET     /v3/logs/content?roomID=2&worldID=11&logType=game&lines=22
[DMP] 2026-06-10 00:13:17 | 200 |     894.542µs |             ::1 | GET     /v3/logs/content?roomID=2&worldID=11&logType=game&lines=22
[DMP] 2026-06-10 00:13:19 | 200 |     869.875µs |             ::1 | GET     /v3/logs/content?roomID=2&worldID=11&logType=game&lines=22
[DMP] 2026-06-10 00:13:21 | 200 |     894.042µs |             ::1 | GET     /v3/logs/content?roomID=2&worldID=11&logType=game&lines=22
[DMP] 2026-06-10 00:13:23 | 200 |    1.075333ms |             ::1 | GET     /v3/logs/content?roomID=2&worldID=11&logType=game&lines=22
[DMP] 2026-06-10 00:13:25 | 200 |    1.467042ms |             ::1 | GET     /v3/logs/content?roomID=2&worldID=11&logType=game&lines=22
[DMP] 2026-06-10 00:13:27 | 200 |    1.398458ms |             ::1 | GET     /v3/logs/content?roomID=2&worldID=11&logType=game&lines=22
[DMP] 2026-06-10 00:13:29 | 200 |     830.084µs |             ::1 | GET     /v3/logs/content?roomID=2&worldID=11&logType=game&lines=22
[DMP] 2026-06-10 00:13:31 | 200 |     990.625µs |             ::1 | GET     /v3/logs/content?roomID=2&worldID=11&logType=game&lines=22
[DMP] 2026-06-10 00:13:33 | 200 |         921µs |             ::1 | GET     /v3/logs/content?roomID=2&worldID=11&logType=game&lines=22
[DMP] 2026-06-10 00:13:35 | 200 |     904.125µs |             ::1 | GET     /v3/logs/content?roomID=2&worldID=11&logType=game&lines=22
[DMP] 2026-06-10 00:13:37 | 200 |     872.459µs |             ::1 | GET     /v3/logs/content?roomID=2&worldID=11&logType=game&lines=22
[DMP] 2026-06-10 00:13:39 | 200 |         752µs |             ::1 | GET     /v3/logs/content?roomID=2&worldID=11&logType=game&lines=22
[DMP] 2026-06-10 00:13:41 | 200 |      1.1005ms |             ::1 | GET     /v3/logs/content?roomID=2&worldID=11&logType=game&lines=22
[DMP] 2026-06-10 00:13:43 | 200 |    1.146292ms |             ::1 | GET     /v3/logs/content?roomID=2&worldID=11&logType=game&lines=22
[DMP] 2026-06-10 00:13:45 | 200 |    1.016125ms |             ::1 | GET     /v3/logs/content?roomID=2&worldID=11&logType=game&lines=22
[DMP] 2026-06-10 00:13:47 | 200 |     927.875µs |             ::1 | GET     /v3/logs/content?roomID=2&worldID=11&logType=game&lines=22
[DMP] 2026-06-10 00:13:49 | 200 |     789.834µs |             ::1 | GET     /v3/logs/content?roomID=2&worldID=11&logType=game&lines=22
[DMP] 2026-06-10 00:13:51 | 200 |     803.666µs |             ::1 | GET     /v3/logs/content?roomID=2&worldID=11&logType=game&lines=22
[DMP] 2026-06-10 00:13:53 | 200 |     838.125µs |             ::1 | GET     /v3/logs/content?roomID=2&worldID=11&logType=game&lines=22
[DMP] 2026-06-10 00:13:55 | 200 |    1.200667ms |             ::1 | GET     /v3/logs/content?roomID=2&worldID=11&logType=game&lines=22
[DMP] 2026-06-10 00:13:57 | 200 |     707.875µs |             ::1 | GET     /v3/logs/content?roomID=2&worldID=11&logType=game&lines=22
[DMP] 2026-06-10 00:13:59 | 200 |      644.25µs |             ::1 | GET     /v3/logs/content?roomID=2&worldID=11&logType=game&lines=22
[DMP] 2026-06-10 00:14:01 | 200 |     715.959µs |             ::1 | GET     /v3/logs/content?roomID=2&worldID=11&logType=game&lines=22
[DMP] 2026-06-10 00:14:03 | 200 |     701.875µs |             ::1 | GET     /v3/logs/content?roomID=2&worldID=11&logType=game&lines=22
[DMP] 2026-06-10 00:14:05 | 200 |       1.061ms |             ::1 | GET     /v3/logs/content?roomID=2&worldID=11&logType=game&lines=22
[DMP] 2026-06-10 00:14:07 | 200 |     651.583µs |             ::1 | GET     /v3/logs/content?roomID=2&worldID=11&logType=game&lines=22
[DMP] 2026-06-10 00:14:09 | 200 |     977.042µs |             ::1 | GET     /v3/logs/content?roomID=2&worldID=11&logType=game&lines=22
[DMP] 2026-06-10 00:14:11 | 200 |         728µs |             ::1 | GET     /v3/logs/content?roomID=2&worldID=11&logType=game&lines=22
[DMP] 2026-06-10 00:14:13 | 200 |      775.75µs |             ::1 | GET     /v3/logs/content?roomID=2&worldID=11&logType=game&lines=22
[DMP] 2026-06-10 00:14:15 | 200 |    1.651625ms |             ::1 | GET     /v3/logs/content?roomID=2&worldID=11&logType=game&lines=22
[DMP] 2026-06-10 00:14:17 | 200 |     738.875µs |             ::1 | GET     /v3/logs/content?roomID=2&worldID=11&logType=game&lines=22
[DMP] 2026-06-10 00:14:19 | 200 |    1.183708ms |             ::1 | GET     /v3/logs/content?roomID=2&worldID=11&logType=game&lines=22
[DMP] 2026-06-10 00:14:21 | 200 |     824.541µs |             ::1 | GET     /v3/logs/content?roomID=2&worldID=11&logType=game&lines=22
[DMP] 2026-06-10 00:14:23 | 200 |     762.125µs |             ::1 | GET     /v3/logs/content?roomID=2&worldID=11&logType=game&lines=22
[DMP] 2026-06-10 00:14:25 | 200 |     824.959µs |             ::1 | GET     /v3/logs/content?roomID=2&worldID=11&logType=game&lines=22
[DMP] 2026-06-10 00:14:27 | 200 |     1.35525ms |             ::1 | GET     /v3/logs/content?roomID=2&worldID=11&logType=game&lines=22
[DMP] 2026-06-10 00:14:29 | 200 |     766.334µs |             ::1 | GET     /v3/logs/content?roomID=2&worldID=11&logType=game&lines=22
[DMP] 2026-06-10 00:14:31 | 200 |     710.041µs |             ::1 | GET     /v3/logs/content?roomID=2&worldID=11&logType=game&lines=22
[DMP] 2026-06-10 00:14:33 | 200 |    1.220166ms |             ::1 | GET     /v3/logs/content?roomID=2&worldID=11&logType=game&lines=22
[DMP] 2026-06-10 00:14:35 | 200 |    1.103041ms |             ::1 | GET     /v3/logs/content?roomID=2&worldID=11&logType=game&lines=22
[DMP] 2026-06-10 00:14:37 | 200 |    1.266542ms |             ::1 | GET     /v3/logs/content?roomID=2&worldID=11&logType=game&lines=22
[DMP] 2026-06-10 00:14:39 | 200 |    1.195208ms |             ::1 | GET     /v3/logs/content?roomID=2&worldID=11&logType=game&lines=22
[DMP] 2026-06-10 00:14:41 | 200 |     830.041µs |             ::1 | GET     /v3/logs/content?roomID=2&worldID=11&logType=game&lines=22
[DMP] 2026-06-10 00:15:23 | 200 |    2.686875ms |             ::1 | GET     /v3/logs/content?roomID=2&worldID=11&logType=game&lines=22
[DMP] 2026-06-10 00:15:46 | 200 |     1.56775ms |             ::1 | GET     /v3/logs/content?roomID=2&worldID=11&logType=game&lines=22
[DMP] 2026-06-10 00:15:47 | 200 |    1.084667ms |             ::1 | GET     /v3/logs/content?roomID=2&worldID=11&logType=game&lines=22
[DMP] 2026-06-10 00:15:49 | 200 |     903.167µs |             ::1 | GET     /v3/logs/content?roomID=2&worldID=11&logType=game&lines=22
[DMP] 2026-06-10 00:15:51 | 200 |     650.375µs |             ::1 | GET     /v3/room/factor
[DMP] 2026-06-10 00:15:51 | 200 |    1.944167ms |             ::1 | GET     /v3/room?id=2
[DMP] 2026-06-10 00:16:15 | 200 |      1.3875ms |             ::1 | GET     /v3/room/list?gameName=&page=1&pageSize=4
[DMP] 2026-06-10 00:16:15 | 200 |     146.041µs |             ::1 | GET     /v3/dashboard/info/sys
[DMP] 2026-06-10 00:16:16 | 200 |  273.000208ms |             ::1 | GET     /v3/dashboard/info/base?roomID=2
[DMP] 2026-06-10 00:16:16 | 200 |    1.407875ms |             ::1 | GET     /v3/dashboard/connection_code?roomID=2
[DMP] 2026-06-10 00:16:18 | 200 |     102.459µs |             ::1 | GET     /v3/dashboard/info/sys
[DMP] 2026-06-10 00:16:20 | 200 |      89.875µs |             ::1 | GET     /v3/dashboard/info/sys
[DMP] 2026-06-10 00:16:22 | 200 |       71.25µs |             ::1 | GET     /v3/dashboard/info/sys
[DMP] 2026-06-10 00:16:24 | 200 |      99.291µs |             ::1 | GET     /v3/dashboard/info/sys
[DMP] 2026-06-10 00:16:26 | 200 |      59.083µs |             ::1 | GET     /v3/dashboard/info/sys
[DMP] 2026-06-10 00:16:26 | 200 |  282.657709ms |             ::1 | GET     /v3/dashboard/info/base?roomID=2
[DMP] 2026-06-10 00:16:28 | 200 |     211.709µs |             ::1 | GET     /v3/dashboard/info/sys
[DMP] 2026-06-10 00:16:30 | 200 |       92.25µs |             ::1 | GET     /v3/dashboard/info/sys
[DMP] 2026-06-10 00:16:32 | 200 |     126.916µs |             ::1 | GET     /v3/dashboard/info/sys
[DMP] 2026-06-10 00:16:34 | 200 |      95.791µs |             ::1 | GET     /v3/dashboard/info/sys
[DMP] 2026-06-10 00:16:36 | 200 |      82.458µs |             ::1 | GET     /v3/dashboard/info/sys
[DMP] 2026-06-10 00:16:36 | 200 |  262.604541ms |             ::1 | GET     /v3/dashboard/info/base?roomID=2
[DMP] 2026-06-10 00:16:38 | 200 |       161.5µs |             ::1 | GET     /v3/dashboard/info/sys
[DMP] 2026-06-10 00:16:40 | 200 |       105.5µs |             ::1 | GET     /v3/dashboard/info/sys
[DMP] 2026-06-10 00:16:42 | 200 |       77.25µs |             ::1 | GET     /v3/dashboard/info/sys
[DMP] 2026-06-10 00:16:44 | 200 |      99.042µs |             ::1 | GET     /v3/dashboard/info/sys
[DMP] 2026-06-10 00:16:46 | 200 |     103.042µs |             ::1 | GET     /v3/dashboard/info/sys
[DMP] 2026-06-10 00:16:46 | 200 |   272.73725ms |             ::1 | GET     /v3/dashboard/info/base?roomID=2
[DMP] 2026-06-10 00:16:48 | 200 |      86.958µs |             ::1 | GET     /v3/dashboard/info/sys
[DMP] 2026-06-10 00:16:50 | 200 |     433.958µs |             ::1 | GET     /v3/dashboard/info/sys
[DMP] 2026-06-10 00:16:52 | 200 |      86.833µs |             ::1 | GET     /v3/dashboard/info/sys
[DMP] 2026-06-10 00:16:54 | 200 |     112.375µs |             ::1 | GET     /v3/dashboard/info/sys
[DMP] 2026-06-10 00:16:56 | 200 |     205.125µs |             ::1 | GET     /v3/dashboard/info/sys
[DMP] 2026-06-10 00:16:56 | 200 |  270.311541ms |             ::1 | GET     /v3/dashboard/info/base?roomID=2
[DMP] 2026-06-10 00:16:58 | 200 |     108.875µs |             ::1 | GET     /v3/dashboard/info/sys
[DMP] 2026-06-10 00:17:00 | 200 |      80.708µs |             ::1 | GET     /v3/dashboard/info/sys
[DMP] 2026-06-10 00:17:02 | 200 |      81.875µs |             ::1 | GET     /v3/dashboard/info/sys
[DMP] 2026-06-10 00:17:04 | 200 |      88.334µs |             ::1 | GET     /v3/dashboard/info/sys
[DMP] 2026-06-10 00:17:06 | 200 |      74.916µs |             ::1 | GET     /v3/dashboard/info/sys
[DMP] 2026-06-10 00:17:06 | 200 |  328.676125ms |             ::1 | GET     /v3/dashboard/info/base?roomID=2
[DMP] 2026-06-10 00:17:08 | 200 |     150.417µs |             ::1 | GET     /v3/dashboard/info/sys
[DMP] 2026-06-10 00:17:10 | 200 |     163.916µs |             ::1 | GET     /v3/dashboard/info/sys
[DMP] 2026-06-10 00:18:08 | 200 |     785.958µs |             ::1 | GET     /v3/dashboard/info/sys
[DMP] 2026-06-10 00:18:09 | 200 |  325.734708ms |             ::1 | GET     /v3/dashboard/info/base?roomID=2
[DMP] 2026-06-10 00:18:09 | 200 |    2.291292ms |             ::1 | GET     /
[DMP] 2026-06-10 00:18:09 | 200 |      75.916µs |             ::1 | GET     /v3/dashboard/info/sys
[DMP] 2026-06-10 00:18:09 | 200 |  328.203917ms |             ::1 | GET     /v3/dashboard/info/base?roomID=2
[DMP] 2026-06-10 00:18:09 | 200 |    1.286125ms |             ::1 | GET     /v3/dashboard/connection_code?roomID=2
[DMP] 2026-06-10 00:18:10 | 200 |  921.394917ms |             ::1 | GET     /v3/platform/game_version
[DMP] 2026-06-10 00:18:10 | 200 |     329.791µs |             ::1 | GET     /v3/room/basic
[DMP] 2026-06-10 00:18:11 | 200 |     108.334µs |             ::1 | GET     /v3/dashboard/info/sys
[DMP] 2026-06-10 00:18:13 | 200 |     428.666µs |             ::1 | GET     /v3/room/factor
[DMP] 2026-06-10 00:18:13 | 200 |     924.125µs |             ::1 | GET     /v3/room?id=2
[DMP] 2026-06-10 00:18:17 | 200 |     310.708µs |             ::1 | GET     /v3/room/worlds?roomID=2
[DMP] 2026-06-10 00:18:17 | 200 |     762.917µs |             ::1 | GET     /v3/logs/history/list?roomID=2&worldID=11&logType=game
[DMP] 2026-06-10 00:18:19 | 200 |    2.239208ms |             ::1 | GET     /v3/logs/content?roomID=2&worldID=11&logType=game&lines=22
[DMP] 2026-06-10 00:18:21 | 200 |     856.667µs |             ::1 | GET     /v3/logs/content?roomID=2&worldID=11&logType=game&lines=22
[DMP] 2026-06-10 00:18:23 | 200 |     833.208µs |             ::1 | GET     /v3/logs/content?roomID=2&worldID=11&logType=game&lines=22
[DMP] 2026-06-10 00:18:24 | 200 |     489.709µs |             ::1 | GET     /v3/dashboard/info/sys
[DMP] 2026-06-10 00:18:24 | 200 |   281.93675ms |             ::1 | GET     /v3/dashboard/info/base?roomID=2
[DMP] 2026-06-10 00:18:24 | 200 |     325.833µs |             ::1 | GET     /v3/dashboard/connection_code?roomID=2
[DMP] 2026-06-10 00:18:26 | 200 |     128.042µs |             ::1 | GET     /v3/dashboard/info/sys
[DMP] 2026-06-10 00:18:28 | 200 |     143.625µs |             ::1 | GET     /v3/dashboard/info/sys
[DMP] 2026-06-10 00:18:30 | 200 |     186.666µs |             ::1 | GET     /v3/dashboard/info/sys
[DMP] 2026-06-10 00:18:31 | 200 |  2.053505792s |             ::1 | POST    /v3/dashboard/exec/game
[DMP] 2026-06-10 00:18:31 | 200 |  185.092625ms |             ::1 | GET     /v3/dashboard/info/base?roomID=2
[DMP] 2026-06-10 00:18:32 | 200 |     145.709µs |             ::1 | GET     /v3/dashboard/info/sys
[DMP] 2026-06-10 00:18:33 | 200 |      22.292µs |             ::1 | GET     /
[DMP] 2026-06-10 00:18:34 | 200 |     116.625µs |             ::1 | GET     /v3/platform/game_version
[DMP] 2026-06-10 00:18:34 | 200 |      91.708µs |             ::1 | GET     /v3/dashboard/info/sys
[DMP] 2026-06-10 00:18:34 | 200 |     584.917µs |             ::1 | GET     /v3/room/basic
[DMP] 2026-06-10 00:18:34 | 200 |  208.192208ms |             ::1 | GET     /v3/dashboard/info/base?roomID=2
[DMP] 2026-06-10 00:18:34 | 200 |     475.291µs |             ::1 | GET     /v3/dashboard/connection_code?roomID=2
[DMP] 2026-06-10 00:18:36 | 200 |      92.458µs |             ::1 | GET     /v3/dashboard/info/sys
[DMP] 2026-06-10 00:18:38 | 200 |     106.041µs |             ::1 | GET     /v3/dashboard/info/sys
[DMP] 2026-06-10 00:18:40 | 200 |     208.584µs |             ::1 | GET     /v3/dashboard/info/sys
[DMP] 2026-06-10 00:18:40 | 200 |     134.674ms |             ::1 | POST    /v3/dashboard/exec/game
[DMP] 2026-06-10 00:18:41 | 200 |  381.510292ms |             ::1 | GET     /v3/dashboard/info/base?roomID=2
[DMP] 2026-06-10 00:18:42 | 200 |     166.584µs |             ::1 | GET     /v3/dashboard/info/sys
[DMP] 2026-06-10 00:18:44 | 200 |      226.25µs |             ::1 | GET     /v3/dashboard/info/sys
[DMP] 2026-06-10 00:18:44 | 200 |   383.78375ms |             ::1 | GET     /v3/dashboard/info/base?roomID=2
[DMP] 2026-06-10 00:18:46 | 200 |     426.834µs |             ::1 | GET     /v3/dashboard/info/sys
[DMP] 2026-06-10 00:18:48 | 200 |     265.542µs |             ::1 | GET     /v3/dashboard/info/sys
[DMP] 2026-06-10 00:18:50 | 200 |     103.209µs |             ::1 | GET     /v3/dashboard/info/sys
[DMP] 2026-06-10 00:18:51 | 200 |   2.04827025s |             ::1 | POST    /v3/dashboard/exec/game
[DMP] 2026-06-10 00:18:51 | 200 |  206.498083ms |             ::1 | GET     /v3/dashboard/info/base?roomID=2
[DMP] 2026-06-10 00:18:52 | 200 |     203.125µs |             ::1 | GET     /v3/dashboard/info/sys
[DMP] 2026-06-10 00:18:54 | 200 |     512.042µs |             ::1 | GET     /v3/room/worlds?roomID=2
[DMP] 2026-06-10 00:18:54 | 200 |     758.417µs |             ::1 | GET     /v3/logs/history/list?roomID=2&worldID=11&logType=game
[DMP] 2026-06-10 00:18:56 | 200 |    1.944417ms |             ::1 | GET     /v3/logs/content?roomID=2&worldID=11&logType=game&lines=22
[DMP] 2026-06-10 00:18:58 | 200 |      972.25µs |             ::1 | GET     /v3/logs/content?roomID=2&worldID=11&logType=game&lines=22
[DMP] 2026-06-10 00:19:00 | 200 |    1.073042ms |             ::1 | GET     /v3/logs/content?roomID=2&worldID=11&logType=game&lines=22
[DMP] 2026-06-10 00:19:02 | 200 |     914.667µs |             ::1 | GET     /v3/logs/content?roomID=2&worldID=11&logType=game&lines=22
[DMP] 2026-06-10 00:19:04 | 200 |      681.75µs |             ::1 | GET     /v3/logs/content?roomID=2&worldID=11&logType=game&lines=22
[DMP] 2026-06-10 00:19:06 | 200 |     686.166µs |             ::1 | GET     /v3/logs/content?roomID=2&worldID=11&logType=game&lines=22
[DMP] 2026-06-10 00:19:08 | 200 |    1.032791ms |             ::1 | GET     /v3/logs/content?roomID=2&worldID=11&logType=game&lines=22
[DMP] 2026-06-10 00:19:10 | 200 |     766.708µs |             ::1 | GET     /v3/logs/content?roomID=2&worldID=11&logType=game&lines=22
[DMP] 2026-06-10 00:19:12 | 200 |     912.416µs |             ::1 | GET     /v3/logs/content?roomID=2&worldID=11&logType=game&lines=22
[DMP] 2026-06-10 00:19:14 | 200 |         985µs |             ::1 | GET     /v3/logs/content?roomID=2&worldID=11&logType=game&lines=22
[DMP] 2026-06-10 00:19:16 | 200 |    1.159875ms |             ::1 | GET     /v3/logs/content?roomID=2&worldID=11&logType=game&lines=22
[DMP] 2026-06-10 00:19:18 | 200 |     821.542µs |             ::1 | GET     /v3/logs/content?roomID=2&worldID=11&logType=game&lines=22
[DMP] 2026-06-10 00:19:18 | 200 |      56.083µs |             ::1 | GET     /
[DMP] 2026-06-10 00:19:19 | 200 |     328.458µs |             ::1 | GET     /v3/room/worlds?roomID=2
[DMP] 2026-06-10 00:19:19 | 200 |     987.584µs |             ::1 | GET     /v3/platform/game_version
[DMP] 2026-06-10 00:19:19 | 200 |    1.052042ms |             ::1 | GET     /v3/logs/history/list?roomID=2&worldID=11&logType=game
[DMP] 2026-06-10 00:19:19 | 200 |       352.5µs |             ::1 | GET     /v3/room/basic
[DMP] 2026-06-10 00:19:19 | 200 |    1.919833ms |             ::1 | GET     /v3/room/list?gameName=&page=1&pageSize=4
[DMP] 2026-06-10 00:19:20 | 200 |     125.375µs |             ::1 | GET     /v3/dashboard/info/sys
[DMP] 2026-06-10 00:19:20 | 200 |  161.309333ms |             ::1 | GET     /v3/dashboard/info/base?roomID=2
[DMP] 2026-06-10 00:19:20 | 200 |     569.792µs |             ::1 | GET     /v3/dashboard/connection_code?roomID=2
[DMP] 2026-06-10 00:19:22 | 200 |  140.863458ms |             ::1 | POST    /v3/dashboard/exec/game
[DMP] 2026-06-10 00:19:22 | 200 |     105.208µs |             ::1 | GET     /v3/dashboard/info/sys
[DMP] 2026-06-10 00:19:22 | 200 |  335.395417ms |             ::1 | GET     /v3/dashboard/info/base?roomID=2
[DMP] 2026-06-10 00:19:24 | 200 |      128.25µs |             ::1 | GET     /v3/dashboard/info/sys
[DMP] 2026-06-10 00:19:24 | 200 |     426.125µs |             ::1 | GET     /v3/room/worlds?roomID=2
[DMP] 2026-06-10 00:19:24 | 200 |     1.34275ms |             ::1 | GET     /v3/logs/history/list?roomID=2&worldID=11&logType=game
[DMP] 2026-06-10 00:19:26 | 200 |     1.02025ms |             ::1 | GET     /v3/logs/content?roomID=2&worldID=11&logType=game&lines=22
[DMP] 2026-06-10 00:19:28 | 200 |     522.917µs |             ::1 | GET     /v3/logs/content?roomID=2&worldID=11&logType=game&lines=22
[DMP] 2026-06-10 00:19:30 | 200 |     423.458µs |             ::1 | GET     /v3/logs/content?roomID=2&worldID=11&logType=game&lines=22
[DMP] 2026-06-10 00:19:32 | 200 |     375.667µs |             ::1 | GET     /v3/logs/content?roomID=2&worldID=11&logType=game&lines=22
[DMP] 2026-06-10 00:19:34 | 200 |     422.875µs |             ::1 | GET     /v3/logs/content?roomID=2&worldID=11&logType=game&lines=22
[DMP] 2026-06-10 00:19:36 | 200 |     393.667µs |             ::1 | GET     /v3/logs/content?roomID=2&worldID=11&logType=game&lines=22
[DMP] 2026-06-10 00:19:38 | 200 |     378.209µs |             ::1 | GET     /v3/logs/content?roomID=2&worldID=11&logType=game&lines=22
[DMP] 2026-06-10 00:19:40 | 200 |     405.791µs |             ::1 | GET     /v3/logs/content?roomID=2&worldID=11&logType=game&lines=22
[DMP] 2026-06-10 00:19:42 | 200 |     405.959µs |             ::1 | GET     /v3/logs/content?roomID=2&worldID=11&logType=game&lines=22
[DMP] 2026-06-10 00:19:45 | 200 |     752.125µs |             ::1 | GET     /v3/logs/content?roomID=2&worldID=11&logType=game&lines=22
[DMP] 2026-06-10 00:19:47 | 200 |    1.211917ms |             ::1 | GET     /v3/logs/content?roomID=2&worldID=11&logType=game&lines=22
[DMP] 2026-06-10 00:19:49 | 200 |     663.583µs |             ::1 | GET     /v3/logs/content?roomID=2&worldID=11&logType=game&lines=22
[DMP] 2026-06-10 00:19:50 | 200 |    1.222084ms |             ::1 | GET     /v3/logs/content?roomID=2&worldID=11&logType=game&lines=22
[DMP] 2026-06-10 00:19:52 | 200 |     867.459µs |             ::1 | GET     /v3/logs/content?roomID=2&worldID=11&logType=game&lines=22
[DMP] 2026-06-10 00:19:54 | 200 |    1.050875ms |             ::1 | GET     /v3/logs/content?roomID=2&worldID=11&logType=game&lines=22
[DMP] 2026-06-10 00:19:56 | 200 |    2.330792ms |             ::1 | GET     /v3/logs/content?roomID=2&worldID=11&logType=game&lines=22
[DMP] 2026-06-10 00:19:58 | 200 |    1.112166ms |             ::1 | GET     /v3/logs/content?roomID=2&worldID=11&logType=game&lines=22
[DMP] 2026-06-10 00:20:04 | 200 |    3.215625ms |             ::1 | GET     /v3/logs/content?roomID=2&worldID=11&logType=game&lines=22
[DMP] 2026-06-10 00:20:06 | 200 |     758.208µs |             ::1 | GET     /v3/logs/content?roomID=2&worldID=11&logType=game&lines=22
[DMP] 2026-06-10 00:20:08 | 200 |    1.001166ms |             ::1 | GET     /v3/logs/content?roomID=2&worldID=11&logType=game&lines=22
[DMP] 2026-06-10 00:20:10 | 200 |    1.461375ms |             ::1 | GET     /v3/logs/content?roomID=2&worldID=11&logType=game&lines=22
[DMP] 2026-06-10 00:20:12 | 200 |    1.082458ms |             ::1 | GET     /v3/logs/content?roomID=2&worldID=11&logType=game&lines=22
[DMP] 2026-06-10 00:20:14 | 200 |    1.017833ms |             ::1 | GET     /v3/room/list?gameName=&page=1&pageSize=4
[DMP] 2026-06-10 00:20:15 | 200 |         148µs |             ::1 | GET     /v3/dashboard/info/sys
[DMP] 2026-06-10 00:20:15 | 200 |  271.004542ms |             ::1 | GET     /v3/dashboard/info/base?roomID=2
[DMP] 2026-06-10 00:20:15 | 200 |     782.333µs |             ::1 | GET     /v3/dashboard/connection_code?roomID=2
[DMP] 2026-06-10 00:20:17 | 200 |     191.583µs |             ::1 | GET     /v3/dashboard/info/sys
[DMP] 2026-06-10 00:20:19 | 200 |      87.375µs |             ::1 | GET     /v3/dashboard/info/sys
[DMP] 2026-06-10 00:20:21 | 200 |      98.042µs |             ::1 | GET     /v3/dashboard/info/sys
[DMP] 2026-06-10 00:20:23 | 200 |     125.208µs |             ::1 | GET     /v3/dashboard/info/sys
[DMP] 2026-06-10 00:20:25 | 200 |      85.916µs |             ::1 | GET     /v3/dashboard/info/sys
[DMP] 2026-06-10 00:20:26 | 200 |     248.855ms |             ::1 | GET     /v3/dashboard/info/base?roomID=2
[DMP] 2026-06-10 00:20:27 | 200 |     211.833µs |             ::1 | GET     /v3/dashboard/info/sys
[DMP] 2026-06-10 00:20:29 | 200 |       194.5µs |             ::1 | GET     /v3/dashboard/info/sys
[DMP] 2026-06-10 00:20:31 | 200 |     222.125µs |             ::1 | GET     /v3/dashboard/info/sys
[DMP] 2026-06-10 00:20:33 | 200 |       86.25µs |             ::1 | GET     /v3/dashboard/info/sys
[DMP] 2026-06-10 00:20:35 | 200 |     196.458µs |             ::1 | GET     /v3/dashboard/info/sys
[DMP] 2026-06-10 00:20:35 | 200 |   245.47975ms |             ::1 | GET     /v3/dashboard/info/base?roomID=2
[DMP] 2026-06-10 00:20:37 | 200 |     218.125µs |             ::1 | GET     /v3/dashboard/info/sys
[DMP] 2026-06-10 00:20:39 | 200 |       158.5µs |             ::1 | GET     /v3/dashboard/info/sys
[DMP] 2026-06-10 00:20:41 | 200 |     107.833µs |             ::1 | GET     /v3/dashboard/info/sys
[DMP] 2026-06-10 00:20:43 | 200 |     110.792µs |             ::1 | GET     /v3/dashboard/info/sys
[DMP] 2026-06-10 00:20:45 | 200 |      78.542µs |             ::1 | GET     /v3/dashboard/info/sys
[DMP] 2026-06-10 00:20:45 | 200 |   244.69175ms |             ::1 | GET     /v3/dashboard/info/base?roomID=2
[DMP] 2026-06-10 00:20:47 | 200 |     102.708µs |             ::1 | GET     /v3/dashboard/info/sys
[DMP] 2026-06-10 00:20:49 | 200 |     165.833µs |             ::1 | GET     /v3/dashboard/info/sys
[DMP] 2026-06-10 00:20:51 | 200 |     107.792µs |             ::1 | GET     /v3/dashboard/info/sys
[DMP] 2026-06-10 00:20:53 | 200 |      123.75µs |             ::1 | GET     /v3/dashboard/info/sys
[DMP] 2026-06-10 00:20:55 | 200 |      96.459µs |             ::1 | GET     /v3/dashboard/info/sys
[DMP] 2026-06-10 00:20:56 | 200 |  247.762041ms |             ::1 | GET     /v3/dashboard/info/base?roomID=2
[DMP] 2026-06-10 00:20:57 | 200 |     132.917µs |             ::1 | GET     /v3/dashboard/info/sys
[DMP] 2026-06-10 00:20:59 | 200 |     100.875µs |             ::1 | GET     /v3/dashboard/info/sys
[DMP] 2026-06-10 00:21:01 | 200 |      82.333µs |             ::1 | GET     /v3/dashboard/info/sys
[DMP] 2026-06-10 00:21:03 | 200 |      89.917µs |             ::1 | GET     /v3/dashboard/info/sys
[DMP] 2026-06-10 00:21:05 | 200 |      84.541µs |             ::1 | GET     /v3/dashboard/info/sys
[DMP] 2026-06-10 00:21:06 | 200 |  247.643375ms |             ::1 | GET     /v3/dashboard/info/base?roomID=2
[DMP] 2026-06-10 00:21:07 | 200 |     211.167µs |             ::1 | GET     /v3/dashboard/info/sys
[DMP] 2026-06-10 00:21:09 | 200 |     182.917µs |             ::1 | GET     /v3/dashboard/info/sys
[DMP] 2026-06-10 00:21:11 | 200 |     105.208µs |             ::1 | GET     /v3/dashboard/info/sys
[DMP] 2026-06-10 00:21:13 | 200 |      140.75µs |             ::1 | GET     /v3/dashboard/info/sys
[DMP] 2026-06-10 00:21:15 | 200 |      91.875µs |             ::1 | GET     /v3/dashboard/info/sys
[DMP] 2026-06-10 00:21:15 | 200 |  243.167375ms |             ::1 | GET     /v3/dashboard/info/base?roomID=2
[DMP] 2026-06-10 00:21:17 | 200 |     120.417µs |             ::1 | GET     /v3/dashboard/info/sys
[DMP] 2026-06-10 00:21:19 | 200 |          88µs |             ::1 | GET     /v3/dashboard/info/sys
[DMP] 2026-06-10 00:21:21 | 200 |      264.75µs |             ::1 | GET     /v3/dashboard/info/sys
[DMP] 2026-06-10 00:21:23 | 200 |    1.145292ms |             ::1 | GET     /v3/dashboard/info/sys
[DMP] 2026-06-10 00:21:25 | 200 |     113.959µs |             ::1 | GET     /v3/dashboard/info/sys
[DMP] 2026-06-10 00:21:26 | 200 |  252.608291ms |             ::1 | GET     /v3/dashboard/info/base?roomID=2
[DMP] 2026-06-10 00:21:27 | 200 |     125.791µs |             ::1 | GET     /v3/dashboard/info/sys
[DMP] 2026-06-10 00:21:29 | 200 |       97.75µs |             ::1 | GET     /v3/dashboard/info/sys
[DMP] 2026-06-10 00:21:31 | 200 |     132.333µs |             ::1 | GET     /v3/dashboard/info/sys
[DMP] 2026-06-10 00:21:33 | 200 |      94.708µs |             ::1 | GET     /v3/dashboard/info/sys
[DMP] 2026-06-10 00:21:35 | 200 |     112.333µs |             ::1 | GET     /v3/dashboard/info/sys
[DMP] 2026-06-10 00:21:35 | 200 |  242.308709ms |             ::1 | GET     /v3/dashboard/info/base?roomID=2
[DMP] 2026-06-10 00:21:37 | 200 |     173.958µs |             ::1 | GET     /v3/dashboard/info/sys
[DMP] 2026-06-10 00:21:39 | 200 |     181.833µs |             ::1 | GET     /v3/dashboard/info/sys
[DMP] 2026-06-10 00:21:41 | 200 |      85.583µs |             ::1 | GET     /v3/dashboard/info/sys
[DMP] 2026-06-10 00:21:43 | 200 |     114.041µs |             ::1 | GET     /v3/dashboard/info/sys
[DMP] 2026-06-10 00:21:45 | 200 |     176.667µs |             ::1 | GET     /v3/dashboard/info/sys
[DMP] 2026-06-10 00:21:45 | 200 |  243.053333ms |             ::1 | GET     /v3/dashboard/info/base?roomID=2
[DMP] 2026-06-10 00:21:47 | 200 |     137.584µs |             ::1 | GET     /v3/dashboard/info/sys
[DMP] 2026-06-10 00:21:49 | 200 |     162.709µs |             ::1 | GET     /v3/dashboard/info/sys
[DMP] 2026-06-10 00:21:51 | 200 |     155.459µs |             ::1 | GET     /v3/dashboard/info/sys
[DMP] 2026-06-10 00:21:53 | 200 |     122.541µs |             ::1 | GET     /v3/dashboard/info/sys
[DMP] 2026-06-10 00:21:55 | 200 |      72.291µs |             ::1 | GET     /v3/dashboard/info/sys
[DMP] 2026-06-10 00:21:56 | 200 |  245.314292ms |             ::1 | GET     /v3/dashboard/info/base?roomID=2
[DMP] 2026-06-10 00:21:57 | 200 |     123.792µs |             ::1 | GET     /v3/dashboard/info/sys
[DMP] 2026-06-10 00:21:59 | 200 |     101.417µs |             ::1 | GET     /v3/dashboard/info/sys
[DMP] 2026-06-10 00:22:01 | 200 |      111.25µs |             ::1 | GET     /v3/dashboard/info/sys
[DMP] 2026-06-10 00:22:03 | 200 |       143.5µs |             ::1 | GET     /v3/dashboard/info/sys
[DMP] 2026-06-10 00:22:05 | 200 |       82.75µs |             ::1 | GET     /v3/dashboard/info/sys
[DMP] 2026-06-10 00:22:05 | 200 |  244.907167ms |             ::1 | GET     /v3/dashboard/info/base?roomID=2
[DMP] 2026-06-10 00:22:07 | 200 |      232.75µs |             ::1 | GET     /v3/dashboard/info/sys
[DMP] 2026-06-10 00:22:09 | 200 |       291.5µs |             ::1 | GET     /v3/dashboard/info/sys
[DMP] 2026-06-10 00:22:11 | 200 |      87.375µs |             ::1 | GET     /v3/dashboard/info/sys
[DMP] 2026-06-10 00:22:13 | 200 |      216.75µs |             ::1 | GET     /v3/dashboard/info/sys
[DMP] 2026-06-10 00:22:15 | 200 |     162.417µs |             ::1 | GET     /v3/dashboard/info/sys
[DMP] 2026-06-10 00:22:15 | 200 |   245.03475ms |             ::1 | GET     /v3/dashboard/info/base?roomID=2
[DMP] 2026-06-10 00:22:17 | 200 |     118.209µs |             ::1 | GET     /v3/dashboard/info/sys
[DMP] 2026-06-10 00:22:19 | 200 |     123.709µs |             ::1 | GET     /v3/dashboard/info/sys
[DMP] 2026-06-10 00:22:21 | 200 |      93.292µs |             ::1 | GET     /v3/dashboard/info/sys
[DMP] 2026-06-10 00:22:23 | 200 |     181.333µs |             ::1 | GET     /v3/dashboard/info/sys
[DMP] 2026-06-10 00:22:25 | 200 |      92.667µs |             ::1 | GET     /v3/dashboard/info/sys
[DMP] 2026-06-10 00:22:26 | 200 |  248.443291ms |             ::1 | GET     /v3/dashboard/info/base?roomID=2
[DMP] 2026-06-10 00:22:27 | 200 |     133.042µs |             ::1 | GET     /v3/dashboard/info/sys
[DMP] 2026-06-10 00:22:29 | 200 |     178.125µs |             ::1 | GET     /v3/dashboard/info/sys
[DMP] 2026-06-10 00:22:31 | 200 |     243.625µs |             ::1 | GET     /v3/dashboard/info/sys
[DMP] 2026-06-10 00:22:33 | 200 |     115.959µs |             ::1 | GET     /v3/dashboard/info/sys
[DMP] 2026-06-10 00:22:35 | 200 |     116.791µs |             ::1 | GET     /v3/dashboard/info/sys
[DMP] 2026-06-10 00:22:36 | 200 |  250.424125ms |             ::1 | GET     /v3/dashboard/info/base?roomID=2
[DMP] 2026-06-10 00:22:37 | 200 |     135.333µs |             ::1 | GET     /v3/dashboard/info/sys
[DMP] 2026-06-10 00:22:39 | 200 |     148.583µs |             ::1 | GET     /v3/dashboard/info/sys
[DMP] 2026-06-10 00:22:41 | 200 |     113.292µs |             ::1 | GET     /v3/dashboard/info/sys
[DMP] 2026-06-10 00:22:43 | 200 |      202.75µs |             ::1 | GET     /v3/dashboard/info/sys
[DMP] 2026-06-10 00:22:45 | 200 |     140.875µs |             ::1 | GET     /v3/dashboard/info/sys
[DMP] 2026-06-10 00:22:46 | 200 |  247.713083ms |             ::1 | GET     /v3/dashboard/info/base?roomID=2
[DMP] 2026-06-10 00:22:47 | 200 |      241.25µs |             ::1 | GET     /v3/dashboard/info/sys
[DMP] 2026-06-10 00:22:49 | 200 |     133.666µs |             ::1 | GET     /v3/dashboard/info/sys
[DMP] 2026-06-10 00:22:51 | 200 |      98.334µs |             ::1 | GET     /v3/dashboard/info/sys
[DMP] 2026-06-10 00:22:53 | 200 |     220.125µs |             ::1 | GET     /v3/dashboard/info/sys
[DMP] 2026-06-10 00:22:55 | 200 |     131.417µs |             ::1 | GET     /v3/dashboard/info/sys
[DMP] 2026-06-10 00:22:55 | 200 |  245.210167ms |             ::1 | GET     /v3/dashboard/info/base?roomID=2
[DMP] 2026-06-10 00:22:57 | 200 |      139.75µs |             ::1 | GET     /v3/dashboard/info/sys
[DMP] 2026-06-10 00:22:59 | 200 |         125µs |             ::1 | GET     /v3/dashboard/info/sys
[DMP] 2026-06-10 00:23:01 | 200 |         131µs |             ::1 | GET     /v3/dashboard/info/sys
[DMP] 2026-06-10 00:23:03 | 200 |     131.792µs |             ::1 | GET     /v3/dashboard/info/sys
[DMP] 2026-06-10 00:23:05 | 200 |     104.375µs |             ::1 | GET     /v3/dashboard/info/sys
[DMP] 2026-06-10 00:23:05 | 200 |  242.809625ms |             ::1 | GET     /v3/dashboard/info/base?roomID=2
[DMP] 2026-06-10 00:23:07 | 200 |     145.958µs |             ::1 | GET     /v3/dashboard/info/sys
[DMP] 2026-06-10 00:23:09 | 200 |      132.75µs |             ::1 | GET     /v3/dashboard/info/sys
[DMP] 2026-06-10 00:23:11 | 200 |     147.917µs |             ::1 | GET     /v3/dashboard/info/sys
[DMP] 2026-06-10 00:23:13 | 200 |      85.208µs |             ::1 | GET     /v3/dashboard/info/sys
[DMP] 2026-06-10 00:23:15 | 200 |     174.042µs |             ::1 | GET     /v3/dashboard/info/sys
[DMP] 2026-06-10 00:23:15 | 200 |  244.872708ms |             ::1 | GET     /v3/dashboard/info/base?roomID=2
[DMP] 2026-06-10 00:23:17 | 200 |     121.083µs |             ::1 | GET     /v3/dashboard/info/sys
[DMP] 2026-06-10 00:23:19 | 200 |     144.666µs |             ::1 | GET     /v3/dashboard/info/sys
[DMP] 2026-06-10 00:23:21 | 200 |     112.167µs |             ::1 | GET     /v3/dashboard/info/sys
[DMP] 2026-06-10 00:23:23 | 200 |     112.708µs |             ::1 | GET     /v3/dashboard/info/sys
[DMP] 2026-06-10 00:23:25 | 200 |     127.042µs |             ::1 | GET     /v3/dashboard/info/sys
[DMP] 2026-06-10 00:23:25 | 200 |  245.995042ms |             ::1 | GET     /v3/dashboard/info/base?roomID=2
[DMP] 2026-06-10 00:23:27 | 200 |     156.209µs |             ::1 | GET     /v3/dashboard/info/sys
[DMP] 2026-06-10 00:23:29 | 200 |      151.75µs |             ::1 | GET     /v3/dashboard/info/sys
[DMP] 2026-06-10 00:23:31 | 200 |      88.208µs |             ::1 | GET     /v3/dashboard/info/sys
[DMP] 2026-06-10 00:23:33 | 200 |     158.958µs |             ::1 | GET     /v3/dashboard/info/sys
[DMP] 2026-06-10 00:23:35 | 200 |      85.292µs |             ::1 | GET     /v3/dashboard/info/sys
[DMP] 2026-06-10 00:23:35 | 200 |  243.440791ms |             ::1 | GET     /v3/dashboard/info/base?roomID=2
[DMP] 2026-06-10 00:23:37 | 200 |     120.291µs |             ::1 | GET     /v3/dashboard/info/sys
[DMP] 2026-06-10 00:23:39 | 200 |     131.209µs |             ::1 | GET     /v3/dashboard/info/sys
[DMP] 2026-06-10 00:23:41 | 200 |       143.5µs |             ::1 | GET     /v3/dashboard/info/sys
[DMP] 2026-06-10 00:23:43 | 200 |     264.041µs |             ::1 | GET     /v3/dashboard/info/sys
[DMP] 2026-06-10 00:23:45 | 200 |      73.042µs |             ::1 | GET     /v3/dashboard/info/sys
[DMP] 2026-06-10 00:23:46 | 200 |  246.070625ms |             ::1 | GET     /v3/dashboard/info/base?roomID=2
[DMP] 2026-06-10 00:23:47 | 200 |     170.416µs |             ::1 | GET     /v3/dashboard/info/sys
[DMP] 2026-06-10 00:23:49 | 200 |     101.125µs |             ::1 | GET     /v3/dashboard/info/sys
[DMP] 2026-06-10 00:23:51 | 200 |     160.125µs |             ::1 | GET     /v3/dashboard/info/sys
[DMP] 2026-06-10 00:23:53 | 200 |      206.75µs |             ::1 | GET     /v3/dashboard/info/sys
[DMP] 2026-06-10 00:23:55 | 200 |      69.708µs |             ::1 | GET     /v3/dashboard/info/sys
[DMP] 2026-06-10 00:23:55 | 200 |  244.987417ms |             ::1 | GET     /v3/dashboard/info/base?roomID=2
[DMP] 2026-06-10 00:23:57 | 200 |     185.416µs |             ::1 | GET     /v3/dashboard/info/sys
[DMP] 2026-06-10 00:23:59 | 200 |     201.125µs |             ::1 | GET     /v3/dashboard/info/sys
[DMP] 2026-06-10 00:24:01 | 200 |       88.75µs |             ::1 | GET     /v3/dashboard/info/sys
[DMP] 2026-06-10 00:24:03 | 200 |      86.959µs |             ::1 | GET     /v3/dashboard/info/sys
[DMP] 2026-06-10 00:24:05 | 200 |      99.333µs |             ::1 | GET     /v3/dashboard/info/sys
[DMP] 2026-06-10 00:24:06 | 200 |  246.285292ms |             ::1 | GET     /v3/dashboard/info/base?roomID=2
[DMP] 2026-06-10 00:24:07 | 200 |     179.667µs |             ::1 | GET     /v3/dashboard/info/sys
[DMP] 2026-06-10 00:24:09 | 200 |      96.958µs |             ::1 | GET     /v3/dashboard/info/sys
[DMP] 2026-06-10 00:24:11 | 200 |     136.375µs |             ::1 | GET     /v3/dashboard/info/sys
[DMP] 2026-06-10 00:24:13 | 200 |     117.958µs |             ::1 | GET     /v3/dashboard/info/sys
[DMP] 2026-06-10 00:24:15 | 200 |       113.5µs |             ::1 | GET     /v3/dashboard/info/sys
[DMP] 2026-06-10 00:24:15 | 200 |     245.169ms |             ::1 | GET     /v3/dashboard/info/base?roomID=2
[DMP] 2026-06-10 00:24:17 | 200 |      126.25µs |             ::1 | GET     /v3/dashboard/info/sys
[DMP] 2026-06-10 00:24:19 | 200 |     193.417µs |             ::1 | GET     /v3/dashboard/info/sys
[DMP] 2026-06-10 00:24:21 | 200 |     152.042µs |             ::1 | GET     /v3/dashboard/info/sys
[DMP] 2026-06-10 00:24:23 | 200 |         101µs |             ::1 | GET     /v3/dashboard/info/sys
[DMP] 2026-06-10 00:24:25 | 200 |      72.042µs |             ::1 | GET     /v3/dashboard/info/sys
[DMP] 2026-06-10 00:24:25 | 200 |     243.088ms |             ::1 | GET     /v3/dashboard/info/base?roomID=2
[DMP] 2026-06-10 00:24:27 | 200 |     125.917µs |             ::1 | GET     /v3/dashboard/info/sys
[DMP] 2026-06-10 00:24:29 | 200 |     237.959µs |             ::1 | GET     /v3/dashboard/info/sys
[DMP] 2026-06-10 00:24:31 | 200 |     101.833µs |             ::1 | GET     /v3/dashboard/info/sys
[DMP] 2026-06-10 00:24:33 | 200 |      95.083µs |             ::1 | GET     /v3/dashboard/info/sys
[DMP] 2026-06-10 00:24:35 | 200 |     153.791µs |             ::1 | GET     /v3/dashboard/info/sys
[DMP] 2026-06-10 00:24:35 | 200 |  246.336667ms |             ::1 | GET     /v3/dashboard/info/base?roomID=2
[DMP] 2026-06-10 00:24:37 | 200 |     118.875µs |             ::1 | GET     /v3/dashboard/info/sys
[DMP] 2026-06-10 00:24:39 | 200 |     267.708µs |             ::1 | GET     /v3/dashboard/info/sys
[DMP] 2026-06-10 00:24:41 | 200 |     204.541µs |             ::1 | GET     /v3/dashboard/info/sys
[DMP] 2026-06-10 00:24:43 | 200 |     124.791µs |             ::1 | GET     /v3/dashboard/info/sys
[DMP] 2026-06-10 00:24:45 | 200 |      68.375µs |             ::1 | GET     /v3/dashboard/info/sys
[DMP] 2026-06-10 00:24:45 | 200 |  244.596625ms |             ::1 | GET     /v3/dashboard/info/base?roomID=2
[DMP] 2026-06-10 00:24:47 | 200 |     109.125µs |             ::1 | GET     /v3/dashboard/info/sys
[DMP] 2026-06-10 00:24:49 | 200 |     220.125µs |             ::1 | GET     /v3/dashboard/info/sys
[DMP] 2026-06-10 00:24:51 | 200 |      211.75µs |             ::1 | GET     /v3/dashboard/info/sys
[DMP] 2026-06-10 00:24:53 | 200 |     101.417µs |             ::1 | GET     /v3/dashboard/info/sys
[DMP] 2026-06-10 00:24:55 | 200 |      79.375µs |             ::1 | GET     /v3/dashboard/info/sys
[DMP] 2026-06-10 00:24:55 | 200 |  244.273917ms |             ::1 | GET     /v3/dashboard/info/base?roomID=2
[DMP] 2026-06-10 00:24:57 | 200 |     132.708µs |             ::1 | GET     /v3/dashboard/info/sys
[DMP] 2026-06-10 00:24:59 | 200 |     103.667µs |             ::1 | GET     /v3/dashboard/info/sys
[DMP] 2026-06-10 00:25:01 | 200 |         186µs |             ::1 | GET     /v3/dashboard/info/sys
[DMP] 2026-06-10 00:25:03 | 200 |     142.333µs |             ::1 | GET     /v3/dashboard/info/sys
[DMP] 2026-06-10 00:25:05 | 200 |     149.625µs |             ::1 | GET     /v3/dashboard/info/sys
[DMP] 2026-06-10 00:25:05 | 200 |  244.126542ms |             ::1 | GET     /v3/dashboard/info/base?roomID=2
[DMP] 2026-06-10 00:25:07 | 200 |     319.542µs |             ::1 | GET     /v3/dashboard/info/sys
[DMP] 2026-06-10 00:25:09 | 200 |      99.792µs |             ::1 | GET     /v3/dashboard/info/sys
[DMP] 2026-06-10 00:25:11 | 200 |     100.791µs |             ::1 | GET     /v3/dashboard/info/sys
[DMP] 2026-06-10 00:25:13 | 200 |     123.334µs |             ::1 | GET     /v3/dashboard/info/sys
[DMP] 2026-06-10 00:25:15 | 200 |      159.75µs |             ::1 | GET     /v3/dashboard/info/sys
[DMP] 2026-06-10 00:25:16 | 200 |  247.274792ms |             ::1 | GET     /v3/dashboard/info/base?roomID=2
[DMP] 2026-06-10 00:25:17 | 200 |      98.708µs |             ::1 | GET     /v3/dashboard/info/sys
[DMP] 2026-06-10 00:25:19 | 200 |     140.541µs |             ::1 | GET     /v3/dashboard/info/sys
[DMP] 2026-06-10 00:25:21 | 200 |     287.375µs |             ::1 | GET     /v3/dashboard/info/sys
[DMP] 2026-06-10 00:25:23 | 200 |     135.792µs |             ::1 | GET     /v3/dashboard/info/sys
[DMP] 2026-06-10 00:25:25 | 200 |     121.041µs |             ::1 | GET     /v3/dashboard/info/sys
[DMP] 2026-06-10 00:25:25 | 200 |  243.205333ms |             ::1 | GET     /v3/dashboard/info/base?roomID=2
[DMP] 2026-06-10 00:25:27 | 200 |      148.25µs |             ::1 | GET     /v3/dashboard/info/sys
[DMP] 2026-06-10 00:25:29 | 200 |     155.625µs |             ::1 | GET     /v3/dashboard/info/sys
[DMP] 2026-06-10 00:25:31 | 200 |      167.25µs |             ::1 | GET     /v3/dashboard/info/sys
[DMP] 2026-06-10 00:25:33 | 200 |     106.542µs |             ::1 | GET     /v3/dashboard/info/sys
[DMP] 2026-06-10 00:25:35 | 200 |     179.041µs |             ::1 | GET     /v3/dashboard/info/sys
[DMP] 2026-06-10 00:25:36 | 200 |  246.998542ms |             ::1 | GET     /v3/dashboard/info/base?roomID=2
[DMP] 2026-06-10 00:25:37 | 200 |     209.666µs |             ::1 | GET     /v3/dashboard/info/sys
[DMP] 2026-06-10 00:25:39 | 200 |     203.292µs |             ::1 | GET     /v3/dashboard/info/sys
[DMP] 2026-06-10 00:25:41 | 200 |      98.917µs |             ::1 | GET     /v3/dashboard/info/sys
[DMP] 2026-06-10 00:25:43 | 200 |     102.875µs |             ::1 | GET     /v3/dashboard/info/sys
[DMP] 2026-06-10 00:25:45 | 200 |     213.125µs |             ::1 | GET     /v3/dashboard/info/sys
[DMP] 2026-06-10 00:25:45 | 200 |    245.7935ms |             ::1 | GET     /v3/dashboard/info/base?roomID=2
[DMP] 2026-06-10 00:25:47 | 200 |     123.333µs |             ::1 | GET     /v3/dashboard/info/sys
[DMP] 2026-06-10 00:25:49 | 200 |     144.667µs |             ::1 | GET     /v3/dashboard/info/sys
[DMP] 2026-06-10 00:25:51 | 200 |       89.75µs |             ::1 | GET     /v3/dashboard/info/sys
[DMP] 2026-06-10 00:25:53 | 200 |     129.833µs |             ::1 | GET     /v3/dashboard/info/sys
[DMP] 2026-06-10 00:25:55 | 200 |     101.625µs |             ::1 | GET     /v3/dashboard/info/sys
[DMP] 2026-06-10 00:25:55 | 200 |  246.070083ms |             ::1 | GET     /v3/dashboard/info/base?roomID=2
[DMP] 2026-06-10 00:25:57 | 200 |         121µs |             ::1 | GET     /v3/dashboard/info/sys
[DMP] 2026-06-10 00:25:59 | 200 |     115.666µs |             ::1 | GET     /v3/dashboard/info/sys
[DMP] 2026-06-10 00:26:01 | 200 |     165.333µs |             ::1 | GET     /v3/dashboard/info/sys
[DMP] 2026-06-10 00:26:03 | 200 |     112.459µs |             ::1 | GET     /v3/dashboard/info/sys
[DMP] 2026-06-10 00:26:05 | 200 |     299.833µs |             ::1 | GET     /v3/dashboard/info/sys
[DMP] 2026-06-10 00:26:06 | 200 |  283.181625ms |             ::1 | GET     /v3/dashboard/info/base?roomID=2
[DMP] 2026-06-10 00:26:07 | 200 |         149µs |             ::1 | GET     /v3/dashboard/info/sys
[DMP] 2026-06-10 00:26:09 | 200 |     111.292µs |             ::1 | GET     /v3/dashboard/info/sys
[DMP] 2026-06-10 00:26:11 | 200 |     100.625µs |             ::1 | GET     /v3/dashboard/info/sys
[DMP] 2026-06-10 00:26:13 | 200 |     132.958µs |             ::1 | GET     /v3/dashboard/info/sys
[DMP] 2026-06-10 00:26:15 | 200 |     125.083µs |             ::1 | GET     /v3/dashboard/info/sys
[DMP] 2026-06-10 00:26:16 | 200 |  255.919625ms |             ::1 | GET     /v3/dashboard/info/base?roomID=2
[DMP] 2026-06-10 00:26:17 | 200 |     122.458µs |             ::1 | GET     /v3/dashboard/info/sys
[DMP] 2026-06-10 00:26:19 | 200 |     171.125µs |             ::1 | GET     /v3/dashboard/info/sys
[DMP] 2026-06-10 00:26:21 | 200 |         134µs |             ::1 | GET     /v3/dashboard/info/sys
[DMP] 2026-06-10 00:26:23 | 200 |     142.334µs |             ::1 | GET     /v3/dashboard/info/sys
[DMP] 2026-06-10 00:26:25 | 200 |     167.042µs |             ::1 | GET     /v3/dashboard/info/sys
[DMP] 2026-06-10 00:26:26 | 200 |  259.568917ms |             ::1 | GET     /v3/dashboard/info/base?roomID=2
[DMP] 2026-06-10 00:26:27 | 200 |     104.208µs |             ::1 | GET     /v3/dashboard/info/sys
[DMP] 2026-06-10 00:26:29 | 200 |     161.291µs |             ::1 | GET     /v3/dashboard/info/sys
[DMP] 2026-06-10 00:26:31 | 200 |     262.333µs |             ::1 | GET     /v3/dashboard/info/sys
[DMP] 2026-06-10 00:26:33 | 200 |      206.25µs |             ::1 | GET     /v3/dashboard/info/sys
[DMP] 2026-06-10 00:26:35 | 200 |      79.542µs |             ::1 | GET     /v3/dashboard/info/sys
[DMP] 2026-06-10 00:26:36 | 200 |  348.732708ms |             ::1 | GET     /v3/dashboard/info/base?roomID=2
[DMP] 2026-06-10 00:26:38 | 200 |     136.042µs |             ::1 | GET     /v3/dashboard/info/sys
[DMP] 2026-06-10 00:26:40 | 200 |     124.916µs |             ::1 | GET     /v3/dashboard/info/sys
[DMP] 2026-06-10 00:26:42 | 200 |     143.833µs |             ::1 | GET     /v3/dashboard/info/sys
[DMP] 2026-06-10 00:26:44 | 200 |     232.917µs |             ::1 | GET     /v3/dashboard/info/sys
[DMP] 2026-06-10 00:26:46 | 200 |     360.208µs |             ::1 | GET     /v3/dashboard/info/sys
[DMP] 2026-06-10 00:26:46 | 200 |  254.817833ms |             ::1 | GET     /v3/dashboard/info/base?roomID=2
[DMP] 2026-06-10 00:26:48 | 200 |      135.25µs |             ::1 | GET     /v3/dashboard/info/sys
[DMP] 2026-06-10 00:26:50 | 200 |     125.834µs |             ::1 | GET     /v3/dashboard/info/sys
[DMP] 2026-06-10 00:26:52 | 200 |         130µs |             ::1 | GET     /v3/dashboard/info/sys
[DMP] 2026-06-10 00:26:54 | 200 |     208.833µs |             ::1 | GET     /v3/dashboard/info/sys
[DMP] 2026-06-10 00:26:56 | 200 |        77.5µs |             ::1 | GET     /v3/dashboard/info/sys
[DMP] 2026-06-10 00:26:56 | 200 |  254.234917ms |             ::1 | GET     /v3/dashboard/info/base?roomID=2
[DMP] 2026-06-10 00:26:58 | 200 |     146.792µs |             ::1 | GET     /v3/dashboard/info/sys
[DMP] 2026-06-10 00:27:00 | 200 |     140.958µs |             ::1 | GET     /v3/dashboard/info/sys
[DMP] 2026-06-10 00:27:02 | 200 |     119.583µs |             ::1 | GET     /v3/dashboard/info/sys
[DMP] 2026-06-10 00:27:04 | 200 |      83.583µs |             ::1 | GET     /v3/dashboard/info/sys
[DMP] 2026-06-10 00:27:06 | 200 |      50.416µs |             ::1 | GET     /v3/dashboard/info/sys
[DMP] 2026-06-10 00:27:06 | 200 |    253.1795ms |             ::1 | GET     /v3/dashboard/info/base?roomID=2
[DMP] 2026-06-10 00:27:08 | 200 |     327.792µs |             ::1 | GET     /v3/dashboard/info/sys
[DMP] 2026-06-10 00:27:10 | 200 |       226.5µs |             ::1 | GET     /v3/dashboard/info/sys
[DMP] 2026-06-10 00:27:12 | 200 |      90.375µs |             ::1 | GET     /v3/dashboard/info/sys
[DMP] 2026-06-10 00:27:14 | 200 |     202.083µs |             ::1 | GET     /v3/dashboard/info/sys
[DMP] 2026-06-10 00:27:16 | 200 |     181.833µs |             ::1 | GET     /v3/dashboard/info/sys
[DMP] 2026-06-10 00:27:16 | 200 |   252.30325ms |             ::1 | GET     /v3/dashboard/info/base?roomID=2
[DMP] 2026-06-10 00:27:18 | 200 |     124.291µs |             ::1 | GET     /v3/dashboard/info/sys
[DMP] 2026-06-10 00:27:20 | 200 |     177.541µs |             ::1 | GET     /v3/dashboard/info/sys
[DMP] 2026-06-10 00:27:22 | 200 |     159.417µs |             ::1 | GET     /v3/dashboard/info/sys
[DMP] 2026-06-10 00:27:24 | 200 |     127.958µs |             ::1 | GET     /v3/dashboard/info/sys
[DMP] 2026-06-10 00:27:26 | 200 |     108.709µs |             ::1 | GET     /v3/dashboard/info/sys
[DMP] 2026-06-10 00:27:26 | 200 |  249.462875ms |             ::1 | GET     /v3/dashboard/info/base?roomID=2
[DMP] 2026-06-10 00:27:28 | 200 |     223.208µs |             ::1 | GET     /v3/dashboard/info/sys
[DMP] 2026-06-10 00:27:30 | 200 |     139.209µs |             ::1 | GET     /v3/dashboard/info/sys
[DMP] 2026-06-10 00:27:32 | 200 |     112.334µs |             ::1 | GET     /v3/dashboard/info/sys
[DMP] 2026-06-10 00:27:34 | 200 |     275.292µs |             ::1 | GET     /v3/dashboard/info/sys
[DMP] 2026-06-10 00:27:36 | 200 |      76.417µs |             ::1 | GET     /v3/dashboard/info/sys
[DMP] 2026-06-10 00:27:36 | 200 |  249.571625ms |             ::1 | GET     /v3/dashboard/info/base?roomID=2
[DMP] 2026-06-10 00:27:38 | 200 |     185.416µs |             ::1 | GET     /v3/dashboard/info/sys
[DMP] 2026-06-10 00:27:40 | 200 |     102.625µs |             ::1 | GET     /v3/dashboard/info/sys
[DMP] 2026-06-10 00:27:42 | 200 |     140.166µs |             ::1 | GET     /v3/dashboard/info/sys
[DMP] 2026-06-10 00:27:44 | 200 |     210.667µs |             ::1 | GET     /v3/dashboard/info/sys
[DMP] 2026-06-10 00:27:46 | 200 |        73.5µs |             ::1 | GET     /v3/dashboard/info/sys
[DMP] 2026-06-10 00:27:46 | 200 |  253.776083ms |             ::1 | GET     /v3/dashboard/info/base?roomID=2
[DMP] 2026-06-10 00:27:48 | 200 |         177µs |             ::1 | GET     /v3/dashboard/info/sys
[DMP] 2026-06-10 00:27:50 | 200 |     205.958µs |             ::1 | GET     /v3/dashboard/info/sys
[DMP] 2026-06-10 00:27:52 | 200 |     100.083µs |             ::1 | GET     /v3/dashboard/info/sys
[DMP] 2026-06-10 00:27:54 | 200 |     150.208µs |             ::1 | GET     /v3/dashboard/info/sys
[DMP] 2026-06-10 00:27:56 | 200 |     130.416µs |             ::1 | GET     /v3/dashboard/info/sys
[DMP] 2026-06-10 00:27:56 | 200 |  251.669958ms |             ::1 | GET     /v3/dashboard/info/base?roomID=2
[DMP] 2026-06-10 00:27:58 | 200 |     126.792µs |             ::1 | GET     /v3/dashboard/info/sys
[DMP] 2026-06-10 00:28:00 | 200 |     128.583µs |             ::1 | GET     /v3/dashboard/info/sys
[DMP] 2026-06-10 00:28:02 | 200 |     215.583µs |             ::1 | GET     /v3/dashboard/info/sys
[DMP] 2026-06-10 00:28:04 | 200 |       118.5µs |             ::1 | GET     /v3/dashboard/info/sys
[DMP] 2026-06-10 00:28:06 | 200 |      70.792µs |             ::1 | GET     /v3/dashboard/info/sys
[DMP] 2026-06-10 00:28:06 | 200 |  251.227084ms |             ::1 | GET     /v3/dashboard/info/base?roomID=2
[DMP] 2026-06-10 00:28:08 | 200 |       256.5µs |             ::1 | GET     /v3/dashboard/info/sys
[DMP] 2026-06-10 00:28:10 | 200 |     133.792µs |             ::1 | GET     /v3/dashboard/info/sys
[DMP] 2026-06-10 00:28:12 | 200 |      97.084µs |             ::1 | GET     /v3/dashboard/info/sys
[DMP] 2026-06-10 00:28:14 | 200 |      91.083µs |             ::1 | GET     /v3/dashboard/info/sys
[DMP] 2026-06-10 00:28:16 | 200 |       114.5µs |             ::1 | GET     /v3/dashboard/info/sys
[DMP] 2026-06-10 00:28:16 | 200 |  250.854625ms |             ::1 | GET     /v3/dashboard/info/base?roomID=2
[DMP] 2026-06-10 00:28:18 | 200 |     184.167µs |             ::1 | GET     /v3/dashboard/info/sys
[DMP] 2026-06-10 00:28:20 | 200 |     232.666µs |             ::1 | GET     /v3/dashboard/info/sys
[DMP] 2026-06-10 00:28:22 | 200 |      87.958µs |             ::1 | GET     /v3/dashboard/info/sys
[DMP] 2026-06-10 00:28:24 | 200 |      110.75µs |             ::1 | GET     /v3/dashboard/info/sys
[DMP] 2026-06-10 00:28:26 | 200 |      68.375µs |             ::1 | GET     /v3/dashboard/info/sys
[DMP] 2026-06-10 00:28:26 | 200 |  251.946959ms |             ::1 | GET     /v3/dashboard/info/base?roomID=2
[DMP] 2026-06-10 00:28:28 | 200 |     128.167µs |             ::1 | GET     /v3/dashboard/info/sys
[DMP] 2026-06-10 00:28:30 | 200 |      110.75µs |             ::1 | GET     /v3/dashboard/info/sys
[DMP] 2026-06-10 00:28:32 | 200 |     100.083µs |             ::1 | GET     /v3/dashboard/info/sys
[DMP] 2026-06-10 00:28:34 | 200 |     138.833µs |             ::1 | GET     /v3/dashboard/info/sys
[DMP] 2026-06-10 00:28:36 | 200 |     124.875µs |             ::1 | GET     /v3/dashboard/info/sys
[DMP] 2026-06-10 00:28:36 | 200 |  261.834833ms |             ::1 | GET     /v3/dashboard/info/base?roomID=2
[DMP] 2026-06-10 00:28:38 | 200 |     152.792µs |             ::1 | GET     /v3/dashboard/info/sys
[DMP] 2026-06-10 00:28:40 | 200 |      151.75µs |             ::1 | GET     /v3/dashboard/info/sys
[DMP] 2026-06-10 00:28:42 | 200 |     107.792µs |             ::1 | GET     /v3/dashboard/info/sys
[DMP] 2026-06-10 00:28:44 | 200 |     154.916µs |             ::1 | GET     /v3/dashboard/info/sys
[DMP] 2026-06-10 00:28:46 | 200 |     107.292µs |             ::1 | GET     /v3/dashboard/info/sys
[DMP] 2026-06-10 00:28:46 | 200 |  252.194875ms |             ::1 | GET     /v3/dashboard/info/base?roomID=2
[DMP] 2026-06-10 00:28:48 | 200 |     149.292µs |             ::1 | GET     /v3/dashboard/info/sys
[DMP] 2026-06-10 00:28:50 | 200 |     139.792µs |             ::1 | GET     /v3/dashboard/info/sys
[DMP] 2026-06-10 00:28:52 | 200 |     184.583µs |             ::1 | GET     /v3/dashboard/info/sys
[DMP] 2026-06-10 00:28:54 | 200 |      89.792µs |             ::1 | GET     /v3/dashboard/info/sys
[DMP] 2026-06-10 00:28:56 | 200 |     151.334µs |             ::1 | GET     /v3/dashboard/info/sys
[DMP] 2026-06-10 00:28:56 | 200 |  252.883875ms |             ::1 | GET     /v3/dashboard/info/base?roomID=2
[DMP] 2026-06-10 00:28:58 | 200 |     119.959µs |             ::1 | GET     /v3/dashboard/info/sys
[DMP] 2026-06-10 00:29:00 | 200 |       151.5µs |             ::1 | GET     /v3/dashboard/info/sys
[DMP] 2026-06-10 00:29:02 | 200 |     198.375µs |             ::1 | GET     /v3/dashboard/info/sys
[DMP] 2026-06-10 00:29:04 | 200 |       138.5µs |             ::1 | GET     /v3/dashboard/info/sys
[DMP] 2026-06-10 00:29:06 | 200 |         100µs |             ::1 | GET     /v3/dashboard/info/sys
[DMP] 2026-06-10 00:29:06 | 200 |    251.8535ms |             ::1 | GET     /v3/dashboard/info/base?roomID=2
[DMP] 2026-06-10 00:29:08 | 200 |     192.333µs |             ::1 | GET     /v3/dashboard/info/sys
[DMP] 2026-06-10 00:29:10 | 200 |     304.583µs |             ::1 | GET     /v3/dashboard/info/sys
[DMP] 2026-06-10 00:29:12 | 200 |     131.167µs |             ::1 | GET     /v3/dashboard/info/sys
[DMP] 2026-06-10 00:29:14 | 200 |      93.666µs |             ::1 | GET     /v3/dashboard/info/sys
[DMP] 2026-06-10 00:29:16 | 200 |      65.166µs |             ::1 | GET     /v3/dashboard/info/sys
[DMP] 2026-06-10 00:29:16 | 200 |  251.717041ms |             ::1 | GET     /v3/dashboard/info/base?roomID=2
[DMP] 2026-06-10 00:29:18 | 200 |     119.292µs |             ::1 | GET     /v3/dashboard/info/sys
[DMP] 2026-06-10 00:29:20 | 200 |     119.375µs |             ::1 | GET     /v3/dashboard/info/sys
[DMP] 2026-06-10 00:29:22 | 200 |      86.042µs |             ::1 | GET     /v3/dashboard/info/sys
[DMP] 2026-06-10 00:29:24 | 200 |     110.458µs |             ::1 | GET     /v3/dashboard/info/sys
[DMP] 2026-06-10 00:29:26 | 200 |      98.458µs |             ::1 | GET     /v3/dashboard/info/sys
[DMP] 2026-06-10 00:29:26 | 200 |  257.659833ms |             ::1 | GET     /v3/dashboard/info/base?roomID=2
[DMP] 2026-06-10 00:29:28 | 200 |     209.292µs |             ::1 | GET     /v3/dashboard/info/sys
[DMP] 2026-06-10 00:29:30 | 200 |     120.916µs |             ::1 | GET     /v3/dashboard/info/sys
[DMP] 2026-06-10 00:29:32 | 200 |     125.666µs |             ::1 | GET     /v3/dashboard/info/sys
[DMP] 2026-06-10 00:29:34 | 200 |     105.042µs |             ::1 | GET     /v3/dashboard/info/sys
[DMP] 2026-06-10 00:29:36 | 200 |      76.708µs |             ::1 | GET     /v3/dashboard/info/sys
[DMP] 2026-06-10 00:29:36 | 200 |  249.443292ms |             ::1 | GET     /v3/dashboard/info/base?roomID=2
[DMP] 2026-06-10 00:29:38 | 200 |     109.042µs |             ::1 | GET     /v3/dashboard/info/sys
[DMP] 2026-06-10 00:29:40 | 200 |     111.125µs |             ::1 | GET     /v3/dashboard/info/sys
[DMP] 2026-06-10 00:29:42 | 200 |      86.541µs |             ::1 | GET     /v3/dashboard/info/sys
[DMP] 2026-06-10 00:29:44 | 200 |     107.875µs |             ::1 | GET     /v3/dashboard/info/sys
[DMP] 2026-06-10 00:29:46 | 200 |      78.958µs |             ::1 | GET     /v3/dashboard/info/sys
[DMP] 2026-06-10 00:29:46 | 200 |  257.374959ms |             ::1 | GET     /v3/dashboard/info/base?roomID=2
[DMP] 2026-06-10 00:29:48 | 200 |     141.708µs |             ::1 | GET     /v3/dashboard/info/sys
[DMP] 2026-06-10 00:29:50 | 200 |      155.25µs |             ::1 | GET     /v3/dashboard/info/sys
[DMP] 2026-06-10 00:29:52 | 200 |     126.291µs |             ::1 | GET     /v3/dashboard/info/sys
[DMP] 2026-06-10 00:29:54 | 200 |     116.875µs |             ::1 | GET     /v3/dashboard/info/sys
[DMP] 2026-06-10 00:29:56 | 200 |       104.5µs |             ::1 | GET     /v3/dashboard/info/sys
[DMP] 2026-06-10 00:29:56 | 200 |  255.332916ms |             ::1 | GET     /v3/dashboard/info/base?roomID=2
[DMP] 2026-06-10 00:29:58 | 200 |     126.291µs |             ::1 | GET     /v3/dashboard/info/sys
[DMP] 2026-06-10 00:30:00 | 200 |     139.542µs |             ::1 | GET     /v3/dashboard/info/sys
[DMP] 2026-06-10 00:30:02 | 200 |     194.208µs |             ::1 | GET     /v3/dashboard/info/sys
[DMP] 2026-06-10 00:30:04 | 200 |      96.666µs |             ::1 | GET     /v3/dashboard/info/sys
[DMP] 2026-06-10 00:30:05 | 200 |  30.00150325s |             ::1 | POST    /v3/dashboard/check/lobby
[DMP] 2026-06-10 00:30:06 | 200 |     203.541µs |             ::1 | GET     /v3/dashboard/info/sys
[DMP] 2026-06-10 00:30:06 | 200 |   254.11825ms |             ::1 | GET     /v3/dashboard/info/base?roomID=2
[DMP] 2026-06-10 00:30:08 | 200 |     155.625µs |             ::1 | GET     /v3/dashboard/info/sys
[DMP] 2026-06-10 00:30:10 | 200 |     124.167µs |             ::1 | GET     /v3/dashboard/info/sys
[DMP] 2026-06-10 00:30:12 | 200 |     137.292µs |             ::1 | GET     /v3/dashboard/info/sys
[DMP] 2026-06-10 00:30:14 | 200 |     123.583µs |             ::1 | GET     /v3/dashboard/info/sys
[DMP] 2026-06-10 00:30:16 | 200 |      67.334µs |             ::1 | GET     /v3/dashboard/info/sys
[DMP] 2026-06-10 00:30:16 | 200 |  255.551917ms |             ::1 | GET     /v3/dashboard/info/base?roomID=2
[DMP] 2026-06-10 00:30:18 | 200 |     153.583µs |             ::1 | GET     /v3/dashboard/info/sys
[DMP] 2026-06-10 00:30:20 | 200 |      88.417µs |             ::1 | GET     /v3/dashboard/info/sys
[DMP] 2026-06-10 00:30:22 | 200 |     107.333µs |             ::1 | GET     /v3/dashboard/info/sys
[DMP] 2026-06-10 00:30:24 | 200 |     186.458µs |             ::1 | GET     /v3/dashboard/info/sys
[DMP] 2026-06-10 00:30:26 | 200 |     117.375µs |             ::1 | GET     /v3/dashboard/info/sys
[DMP] 2026-06-10 00:30:26 | 200 |  249.742125ms |             ::1 | GET     /v3/dashboard/info/base?roomID=2
[DMP] 2026-06-10 00:30:28 | 200 |     119.459µs |             ::1 | GET     /v3/dashboard/info/sys
[DMP] 2026-06-10 00:30:30 | 200 |     433.334µs |             ::1 | GET     /v3/dashboard/info/sys
[DMP] 2026-06-10 00:30:32 | 200 |     109.042µs |             ::1 | GET     /v3/dashboard/info/sys
[DMP] 2026-06-10 00:30:34 | 200 |     128.209µs |             ::1 | GET     /v3/dashboard/info/sys
[DMP] 2026-06-10 00:30:36 | 200 |     127.292µs |             ::1 | GET     /v3/dashboard/info/sys
[DMP] 2026-06-10 00:30:36 | 200 |   254.83275ms |             ::1 | GET     /v3/dashboard/info/base?roomID=2
[DMP] 2026-06-10 00:30:38 | 200 |     235.958µs |             ::1 | GET     /v3/dashboard/info/sys
[DMP] 2026-06-10 00:30:40 | 200 |      89.667µs |             ::1 | GET     /v3/dashboard/info/sys
[DMP] 2026-06-10 00:30:42 | 200 |      77.583µs |             ::1 | GET     /v3/dashboard/info/sys
[DMP] 2026-06-10 00:30:44 | 200 |     131.458µs |             ::1 | GET     /v3/dashboard/info/sys
[DMP] 2026-06-10 00:30:46 | 200 |     102.833µs |             ::1 | GET     /v3/dashboard/info/sys
[DMP] 2026-06-10 00:30:46 | 200 |  254.120542ms |             ::1 | GET     /v3/dashboard/info/base?roomID=2
[DMP] 2026-06-10 00:30:48 | 200 |     183.584µs |             ::1 | GET     /v3/dashboard/info/sys
[DMP] 2026-06-10 00:30:50 | 200 |     194.541µs |             ::1 | GET     /v3/dashboard/info/sys
[DMP] 2026-06-10 00:30:52 | 200 |       106.5µs |             ::1 | GET     /v3/dashboard/info/sys
[DMP] 2026-06-10 00:30:54 | 200 |     116.166µs |             ::1 | GET     /v3/dashboard/info/sys
[DMP] 2026-06-10 00:30:56 | 200 |     149.875µs |             ::1 | GET     /v3/dashboard/info/sys
[DMP] 2026-06-10 00:30:56 | 200 |  252.928917ms |             ::1 | GET     /v3/dashboard/info/base?roomID=2
[DMP] 2026-06-10 00:30:58 | 200 |      124.75µs |             ::1 | GET     /v3/dashboard/info/sys
[DMP] 2026-06-10 00:31:00 | 200 |     133.583µs |             ::1 | GET     /v3/dashboard/info/sys
[DMP] 2026-06-10 00:31:02 | 200 |     116.958µs |             ::1 | GET     /v3/dashboard/info/sys
[DMP] 2026-06-10 00:31:04 | 200 |     133.541µs |             ::1 | GET     /v3/dashboard/info/sys
[DMP] 2026-06-10 00:31:06 | 200 |      70.666µs |             ::1 | GET     /v3/dashboard/info/sys
[DMP] 2026-06-10 00:31:06 | 200 |    252.7125ms |             ::1 | GET     /v3/dashboard/info/base?roomID=2
[DMP] 2026-06-10 00:31:08 | 200 |     139.042µs |             ::1 | GET     /v3/dashboard/info/sys
[DMP] 2026-06-10 00:31:10 | 200 |     107.083µs |             ::1 | GET     /v3/dashboard/info/sys
[DMP] 2026-06-10 00:31:12 | 200 |     102.542µs |             ::1 | GET     /v3/dashboard/info/sys
[DMP] 2026-06-10 00:31:13 | 200 | 30.001516875s |             ::1 | POST    /v3/dashboard/check/lobby
[DMP] 2026-06-10 00:31:14 | 200 |       89.75µs |             ::1 | GET     /v3/dashboard/info/sys
[DMP] 2026-06-10 00:31:16 | 200 |     177.334µs |             ::1 | GET     /v3/dashboard/info/sys
[DMP] 2026-06-10 00:31:16 | 200 |  252.989375ms |             ::1 | GET     /v3/dashboard/info/base?roomID=2
[DMP] 2026-06-10 00:31:18 | 200 |          99µs |             ::1 | GET     /v3/dashboard/info/sys
[DMP] 2026-06-10 00:31:20 | 200 |      116.25µs |             ::1 | GET     /v3/dashboard/info/sys
[DMP] 2026-06-10 00:31:22 | 200 |     131.291µs |             ::1 | GET     /v3/dashboard/info/sys
[DMP] 2026-06-10 00:31:24 | 200 |      90.625µs |             ::1 | GET     /v3/dashboard/info/sys
[DMP] 2026-06-10 00:31:26 | 200 |          80µs |             ::1 | GET     /v3/dashboard/info/sys
[DMP] 2026-06-10 00:31:26 | 200 |  253.429042ms |             ::1 | GET     /v3/dashboard/info/base?roomID=2
[DMP] 2026-06-10 00:31:28 | 200 |     109.292µs |             ::1 | GET     /v3/dashboard/info/sys
[DMP] 2026-06-10 00:31:30 | 200 |      86.708µs |             ::1 | GET     /v3/dashboard/info/sys
[DMP] 2026-06-10 00:31:32 | 200 |     188.584µs |             ::1 | GET     /v3/dashboard/info/sys
[DMP] 2026-06-10 00:31:34 | 200 |      93.042µs |             ::1 | GET     /v3/dashboard/info/sys
[DMP] 2026-06-10 00:31:34 | 200 |   10.223459ms |             ::1 | POST    /v3/dashboard/exec/game
[DMP] 2026-06-10 00:31:35 | 200 |  260.746125ms |             ::1 | GET     /v3/dashboard/info/base?roomID=2
[DMP] 2026-06-10 00:31:36 | 200 |     112.042µs |             ::1 | GET     /v3/dashboard/info/sys
[DMP] 2026-06-10 00:31:36 | 200 |  259.513375ms |             ::1 | GET     /v3/dashboard/info/base?roomID=2
[DMP] 2026-06-10 00:31:38 | 200 |     100.834µs |             ::1 | GET     /v3/dashboard/info/sys
[DMP] 2026-06-10 00:31:38 | 200 |     710.958µs |             ::1 | GET     /v3/room/worlds?roomID=2
[DMP] 2026-06-10 00:31:38 | 200 |    1.550375ms |             ::1 | GET     /v3/logs/history/list?roomID=2&worldID=11&logType=game
[DMP] 2026-06-10 00:31:40 | 200 |    1.957583ms |             ::1 | GET     /v3/logs/content?roomID=2&worldID=11&logType=game&lines=22
[DMP] 2026-06-10 00:31:42 | 200 |    1.818625ms |             ::1 | GET     /v3/logs/content?roomID=2&worldID=11&logType=game&lines=22
[DMP] 2026-06-10 00:31:44 | 200 |   64.995208ms |             ::1 | GET     /v3/logs/history/list?roomID=2&worldID=0&logType=chat
[DMP] 2026-06-10 00:31:48 | 200 |     101.125µs |             ::1 | GET     /v3/logs/content?roomID=2&worldID=0&logType=steam&lines=24
[DMP] 2026-06-10 00:31:50 | 200 |      118.75µs |             ::1 | GET     /v3/logs/content?roomID=2&worldID=0&logType=steam&lines=24
[DMP] 2026-06-10 00:31:52 | 200 |    3.453083ms |             ::1 | GET     /v3/logs/content?roomID=2&worldID=0&logType=access&lines=24
[DMP] 2026-06-10 00:31:54 | 200 |    1.053208ms |             ::1 | GET     /v3/logs/content?roomID=2&worldID=0&logType=access&lines=24
[DMP] 2026-06-10 00:31:58 | 200 |    1.869917ms |             ::1 | GET     /v3/logs/content?roomID=2&worldID=0&logType=runtime&lines=24
[DMP] 2026-06-10 00:32:00 | 200 |     229.541µs |             ::1 | GET     /v3/logs/content?roomID=2&worldID=0&logType=runtime&lines=24
[DMP] 2026-06-10 00:32:02 | 200 |     209.917µs |             ::1 | GET     /v3/logs/content?roomID=2&worldID=0&logType=runtime&lines=24
[DMP] 2026-06-10 00:32:04 | 200 |     233.875µs |             ::1 | GET     /v3/logs/content?roomID=2&worldID=0&logType=runtime&lines=24
[DMP] 2026-06-10 00:32:06 | 200 |     207.084µs |             ::1 | GET     /v3/logs/content?roomID=2&worldID=0&logType=runtime&lines=24
[DMP] 2026-06-10 00:32:08 | 200 |     359.166µs |             ::1 | GET     /v3/logs/content?roomID=2&worldID=0&logType=runtime&lines=24
[DMP] 2026-06-10 00:32:10 | 200 |     235.708µs |             ::1 | GET     /v3/logs/content?roomID=2&worldID=0&logType=runtime&lines=24
[DMP] 2026-06-10 00:32:12 | 200 |     281.334µs |             ::1 | GET     /v3/logs/content?roomID=2&worldID=0&logType=runtime&lines=24
[DMP] 2026-06-10 00:32:14 | 200 |     445.875µs |             ::1 | GET     /v3/logs/content?roomID=2&worldID=0&logType=runtime&lines=24
[DMP] 2026-06-10 00:32:16 | 200 |     232.292µs |             ::1 | GET     /v3/logs/content?roomID=2&worldID=0&logType=runtime&lines=24
[DMP] 2026-06-10 00:32:17 | 200 |       17.75µs |             ::1 | GET     /assets/TimeRunning-0mYXVHc5.js
[DMP] 2026-06-10 00:32:17 | 200 |     725.458µs |             ::1 | GET     /assets/install-DR9w3nwU.css
[DMP] 2026-06-10 00:32:17 | 200 |    2.221541ms |             ::1 | GET     /assets/install-Cha7cVCM.js
[DMP] 2026-06-10 00:32:17 | 200 |    49.72575ms |             ::1 | GET     /v3/platform/os_info
[DMP] 2026-06-10 00:32:18 | 200 |         441µs |             ::1 | GET     /assets/platform-BmPHcpbP.js
[DMP] 2026-06-10 00:32:18 | 200 |     588.292µs |             ::1 | GET     /assets/metrics-DiFxKpfA.js
[DMP] 2026-06-10 00:32:18 | 200 |     404.959µs |             ::1 | GET     /assets/rooms-DjDbpdbw.js
[DMP] 2026-06-10 00:32:18 | 200 |     431.208µs |             ::1 | GET     /assets/overview-mACKmiIp.js
[DMP] 2026-06-10 00:32:18 | 200 |       922.5µs |             ::1 | GET     /assets/settings-DyhaEOUj.js
[DMP] 2026-06-10 00:32:18 | 200 |     137.125µs |             ::1 | GET     /assets/VToolbar-7-P9OYs6.css
[DMP] 2026-06-10 00:32:18 | 200 |      18.292µs |             ::1 | GET     /assets/VToolbar-B5Fw8c_a.js
[DMP] 2026-06-10 00:32:18 | 200 |     340.959µs |             ::1 | GET     /assets/VDataTableServer-Bm1-77sp.js
[DMP] 2026-06-10 00:32:18 | 200 |     657.625µs |             ::1 | GET     /assets/user-wqJPR4Cs.js
[DMP] 2026-06-10 00:32:18 | 200 |       8.267ms |             ::1 | GET     /assets/scEcharts-DGE2tDKC.js
[DMP] 2026-06-10 00:32:18 | 200 |     524.875µs |             ::1 | GET     /v3/platform/overview
[DMP] 2026-06-10 00:32:21 | 200 |     538.458µs |             ::1 | GET     /v3/room/list?gameName=&page=1&pageSize=10
[DMP] 2026-06-10 00:32:25 | 200 |   16.117333ms |             ::1 | GET     /v3/platform/screen/running?roomID=2
[DMP] 2026-06-10 00:32:34 | 200 |     287.625µs |             ::1 | GET     /v3/room/basic
[DMP] 2026-06-10 00:32:34 | 200 |     559.458µs |             ::1 | GET     /v3/user/list?q=&page=1&pageSize=10
[DMP] 2026-06-10 00:32:35 | 200 |     286.209µs |             ::1 | GET     /v3/platform/global_settings
[DMP] 2026-06-10 00:32:36 | 200 |      124.25µs |             ::1 | GET     /v3/platform/metrics?timeRange=1
[DMP] 2026-06-10 00:32:44 | 200 |    1.109459ms |             ::1 | GET     /v3/room/list?gameName=&page=1&pageSize=4
[DMP] 2026-06-10 00:32:45 | 200 |     112.917µs |             ::1 | GET     /v3/dashboard/info/sys
[DMP] 2026-06-10 00:32:45 | 200 |  271.383375ms |             ::1 | GET     /v3/dashboard/info/base?roomID=2
[DMP] 2026-06-10 00:32:45 | 200 |     369.958µs |             ::1 | GET     /v3/dashboard/connection_code?roomID=2
[DMP] 2026-06-10 00:32:47 | 200 |     130.041µs |             ::1 | GET     /v3/dashboard/info/sys
[DMP] 2026-06-10 00:32:49 | 200 |     110.417µs |             ::1 | GET     /v3/dashboard/info/sys
[DMP] 2026-06-10 00:32:51 | 200 |      74.084µs |             ::1 | GET     /v3/dashboard/info/sys
[DMP] 2026-06-10 00:32:53 | 200 |   10.534958ms |             ::1 | POST    /v3/dashboard/exec/game
[DMP] 2026-06-10 00:32:53 | 200 |  268.847208ms |             ::1 | GET     /v3/dashboard/info/base?roomID=2
[DMP] 2026-06-10 00:32:53 | 200 |     173.167µs |             ::1 | GET     /v3/dashboard/info/sys
[DMP] 2026-06-10 00:32:55 | 200 |      98.375µs |             ::1 | GET     /v3/dashboard/info/sys
[DMP] 2026-06-10 00:32:56 | 200 |  291.310125ms |             ::1 | GET     /v3/dashboard/info/base?roomID=2
[DMP] 2026-06-10 00:32:57 | 200 |     111.084µs |             ::1 | GET     /v3/dashboard/info/sys
[DMP] 2026-06-10 00:32:58 | 200 |       606.5µs |             ::1 | GET     /v3/room/worlds?roomID=2
[DMP] 2026-06-10 00:32:58 | 200 |     831.875µs |             ::1 | GET     /v3/logs/history/list?roomID=2&worldID=11&logType=game
[DMP] 2026-06-10 00:33:00 | 200 |         975µs |             ::1 | GET     /v3/logs/content?roomID=2&worldID=11&logType=game&lines=22
[DMP] 2026-06-10 00:33:02 | 200 |    1.689209ms |             ::1 | GET     /v3/logs/content?roomID=2&worldID=11&logType=game&lines=22
[DMP] 2026-06-10 00:33:04 | 200 |    1.458458ms |             ::1 | GET     /v3/logs/content?roomID=2&worldID=11&logType=game&lines=22
[DMP] 2026-06-10 00:33:06 | 200 |     790.334µs |             ::1 | GET     /v3/logs/content?roomID=2&worldID=11&logType=game&lines=22
[DMP] 2026-06-10 00:33:08 | 200 |    1.115667ms |             ::1 | GET     /v3/logs/content?roomID=2&worldID=11&logType=game&lines=22
[DMP] 2026-06-10 00:33:10 | 200 |     928.917µs |             ::1 | GET     /v3/logs/content?roomID=2&worldID=11&logType=game&lines=22
[DMP] 2026-06-10 00:33:12 | 200 |       904.5µs |             ::1 | GET     /v3/logs/content?roomID=2&worldID=11&logType=game&lines=22
[DMP] 2026-06-10 00:33:13 | 200 |      34.375µs |             ::1 | GET     /assets/tools-KhJEENj0.js
[DMP] 2026-06-10 00:33:13 | 200 |      44.958µs |             ::1 | GET     /assets/VExpansionPanels-SpcKHnJa.js
[DMP] 2026-06-10 00:33:13 | 200 |     400.792µs |             ::1 | GET     /assets/VExpansionPanels-yMa-zKV5.css
[DMP] 2026-06-10 00:33:13 | 200 |     481.375µs |             ::1 | GET     /assets/map-BLPzYhUG.js
[DMP] 2026-06-10 00:33:13 | 200 |    1.254542ms |             ::1 | GET     /v3/room/worlds?roomID=2
[DMP] 2026-06-10 00:33:15 | 200 |  1.393846625s |             ::1 | GET     /v3/tools/map?roomID=2&worldID=11
[DMP] 2026-06-10 00:33:15 | 200 |     239.375µs |             ::1 | GET     /assets/walter-DLAA8DFS.png
[DMP] 2026-06-10 00:33:15 | 200 |      274.25µs |             ::1 | GET     /assets/waxwell-DWCpAT4Z.png
[DMP] 2026-06-10 00:33:15 | 200 |     290.125µs |             ::1 | GET     /assets/wanda-GdfClGJ-.png
[DMP] 2026-06-10 00:33:15 | 200 |     184.334µs |             ::1 | GET     /assets/warly-Cvh-32wV.png
[DMP] 2026-06-10 00:33:15 | 200 |      178.25µs |             ::1 | GET     /assets/wathgrithr-BuQrSBVy.png
[DMP] 2026-06-10 00:33:15 | 200 |    3.413083ms |             ::1 | GET     /assets/undefined-BL0-Lqv9.png
[DMP] 2026-06-10 00:33:15 | 200 |       124.5µs |             ::1 | GET     /assets/webber-Cr-o1H6e.png
[DMP] 2026-06-10 00:33:15 | 200 |     504.958µs |             ::1 | GET     /assets/wes-CDZtc_sA.png
[DMP] 2026-06-10 00:33:15 | 200 |      33.083µs |             ::1 | GET     /assets/wickerbottom-CxXiaMlf.png
[DMP] 2026-06-10 00:33:15 | 200 |     244.875µs |             ::1 | GET     /assets/wendy-DmmEXDC-.png
[DMP] 2026-06-10 00:33:15 | 200 |      71.916µs |             ::1 | GET     /assets/willow-D9cgI2NH.png
[DMP] 2026-06-10 00:33:15 | 200 |        77.5µs |             ::1 | GET     /assets/wilson-Sugi8oZb.png
[DMP] 2026-06-10 00:33:15 | 200 |       42.75µs |             ::1 | GET     /assets/winona-C3AdnlLI.png
[DMP] 2026-06-10 00:33:15 | 200 |      78.417µs |             ::1 | GET     /assets/woodie-DGOub5bF.png
[DMP] 2026-06-10 00:33:15 | 200 |      49.291µs |             ::1 | GET     /assets/wolfgang-Ciko3lLo.png
[DMP] 2026-06-10 00:33:15 | 200 |      56.334µs |             ::1 | GET     /assets/wonkey-CbVfCUhP.png
[DMP] 2026-06-10 00:33:15 | 200 |     252.542µs |             ::1 | GET     /assets/wormwood-D8pCuuZa.png
[DMP] 2026-06-10 00:33:15 | 200 |      46.917µs |             ::1 | GET     /assets/wurt-Bnwb7gk0.png
[DMP] 2026-06-10 00:33:15 | 200 |      68.292µs |             ::1 | GET     /assets/wortox-Bmm09FoU.png
[DMP] 2026-06-10 00:33:15 | 200 |      23.209µs |             ::1 | GET     /assets/wx78-BRpELO09.png
[DMP] 2026-06-10 00:33:15 | 200 |      45.166µs |             ::1 | GET     /assets/snapshot-CwEddJRK.js
[DMP] 2026-06-10 00:33:15 | 200 |    1.171667ms |             ::1 | GET     /v3/tools/snapshot?roomID=2
[DMP] 2026-06-10 00:33:18 | 200 |     426.458µs |             ::1 | GET     /v3/room/worlds?roomID=2
[DMP] 2026-06-10 00:33:18 | 200 |    1.049917ms |             ::1 | GET     /v3/logs/history/list?roomID=2&worldID=11&logType=game
[DMP] 2026-06-10 00:33:20 | 200 |    1.001666ms |             ::1 | GET     /v3/logs/content?roomID=2&worldID=11&logType=game&lines=22
[DMP] 2026-06-10 00:33:22 | 200 |     880.708µs |             ::1 | GET     /v3/logs/content?roomID=2&worldID=11&logType=game&lines=22
[DMP] 2026-06-10 00:33:23 | 200 |     208.584µs |             ::1 | GET     /v3/dashboard/info/sys
[DMP] 2026-06-10 00:33:23 | 200 |  305.509625ms |             ::1 | GET     /v3/dashboard/info/base?roomID=2
[DMP] 2026-06-10 00:33:23 | 200 |    2.115709ms |             ::1 | GET     /v3/dashboard/connection_code?roomID=2
[DMP] 2026-06-10 00:33:24 | 200 |     661.791µs |             ::1 | GET     /v3/room/factor
[DMP] 2026-06-10 00:33:24 | 200 |    1.638958ms |             ::1 | GET     /v3/room?id=2
[DMP] 2026-06-10 00:34:15 | 200 |    2.172875ms |             ::1 | GET     /v3/room/list?gameName=&page=1&pageSize=4
[DMP] 2026-06-10 00:34:16 | 200 |     126.625µs |             ::1 | GET     /v3/dashboard/info/sys
[DMP] 2026-06-10 00:34:16 | 200 |   276.71025ms |             ::1 | GET     /v3/dashboard/info/base?roomID=2
[DMP] 2026-06-10 00:34:16 | 200 |     530.584µs |             ::1 | GET     /v3/dashboard/connection_code?roomID=2
[DMP] 2026-06-10 00:34:18 | 200 |      99.625µs |             ::1 | GET     /v3/dashboard/info/sys
[DMP] 2026-06-10 00:34:20 | 200 |     226.916µs |             ::1 | GET     /v3/dashboard/info/sys
[DMP] 2026-06-10 00:34:22 | 200 |      87.375µs |             ::1 | GET     /v3/dashboard/info/sys
[DMP] 2026-06-10 00:34:24 | 200 |     970.667µs |             ::1 | GET     /v3/dashboard/info/sys
[DMP] 2026-06-10 00:34:26 | 200 |  2.130825292s |             ::1 | POST    /v3/dashboard/exec/game
[DMP] 2026-06-10 00:34:26 | 200 |  295.495792ms |             ::1 | GET     /v3/dashboard/info/base?roomID=2
[DMP] 2026-06-10 00:34:26 | 200 |      56.584µs |             ::1 | GET     /v3/dashboard/info/sys
[DMP] 2026-06-10 00:34:26 | 200 |  296.392791ms |             ::1 | GET     /v3/dashboard/info/base?roomID=2
[DMP] 2026-06-10 00:34:28 | 200 |     125.459µs |             ::1 | GET     /v3/dashboard/info/sys
[DMP] 2026-06-10 00:34:30 | 200 |      90.416µs |             ::1 | GET     /v3/dashboard/info/sys
[DMP] 2026-06-10 00:34:31 | 200 |  2.112543958s |             ::1 | POST    /v3/dashboard/exec/game
[DMP] 2026-06-10 00:34:31 | 200 |   307.58125ms |             ::1 | GET     /v3/dashboard/info/base?roomID=2
[DMP] 2026-06-10 00:34:32 | 200 |      78.125µs |             ::1 | GET     /v3/dashboard/info/sys
[DMP] 2026-06-10 00:34:34 | 200 |     126.708µs |             ::1 | GET     /v3/dashboard/info/sys
[DMP] 2026-06-10 00:34:36 | 200 |     209.292µs |             ::1 | GET     /v3/dashboard/info/sys
[DMP] 2026-06-10 00:34:36 | 200 |  289.725875ms |             ::1 | GET     /v3/dashboard/info/base?roomID=2
[DMP] 2026-06-10 00:34:37 | 200 |    1.881792ms |             ::1 | GET     /v3/room/factor
[DMP] 2026-06-10 00:34:37 | 200 |    2.049459ms |             ::1 | GET     /v3/room?id=2
[DMP] 2026-06-10 00:34:42 | 200 |      32.208µs |             ::1 | GET     /assets/token-BDX2Jc5X.css
[DMP] 2026-06-10 00:34:42 | 200 |      43.875µs |             ::1 | GET     /assets/token-ChntgbO-.js
[DMP] 2026-06-10 00:34:51 | 200 |     880.958µs |             ::1 | GET     /v3/tools/snapshot?roomID=2
[DMP] 2026-06-10 00:34:53 | 200 |     322.875µs |             ::1 | GET     /v3/room/worlds?roomID=2
[DMP] 2026-06-10 00:34:53 | 200 |    1.329042ms |             ::1 | GET     /v3/logs/history/list?roomID=2&worldID=11&logType=game
[DMP] 2026-06-10 00:34:55 | 200 |    1.273875ms |             ::1 | GET     /v3/logs/content?roomID=2&worldID=11&logType=game&lines=22
[DMP] 2026-06-10 00:34:57 | 200 |    2.318708ms |             ::1 | GET     /v3/logs/content?roomID=2&worldID=11&logType=game&lines=22
[DMP] 2026-06-10 00:34:59 | 200 |     693.417µs |             ::1 | GET     /v3/logs/content?roomID=2&worldID=11&logType=game&lines=22
[DMP] 2026-06-10 00:35:01 | 200 |    1.325334ms |             ::1 | GET     /v3/logs/content?roomID=2&worldID=11&logType=game&lines=22
[DMP] 2026-06-10 00:35:03 | 200 |      1.0505ms |             ::1 | GET     /v3/logs/content?roomID=2&worldID=11&logType=game&lines=22
[DMP] 2026-06-10 00:35:05 | 200 |    1.079625ms |             ::1 | GET     /v3/logs/content?roomID=2&worldID=11&logType=game&lines=22
[DMP] 2026-06-10 00:35:06 | 200 |     546.541µs |             ::1 | GET     /v3/logs/content?roomID=2&worldID=11&logType=game&lines=22
[DMP] 2026-06-10 00:35:07 | 200 |     893.167µs |             ::1 | GET     /v3/logs/content?roomID=2&worldID=11&logType=game&lines=22
[DMP] 2026-06-10 00:35:09 | 200 |    1.348875ms |             ::1 | GET     /v3/logs/content?roomID=2&worldID=11&logType=game&lines=22
[DMP] 2026-06-10 00:35:11 | 200 |      868.25µs |             ::1 | GET     /v3/logs/content?roomID=2&worldID=11&logType=game&lines=22
[DMP] 2026-06-10 00:35:13 | 200 |     613.875µs |             ::1 | GET     /v3/logs/content?roomID=2&worldID=11&logType=game&lines=22
[DMP] 2026-06-10 00:35:15 | 200 |     914.334µs |             ::1 | GET     /v3/logs/content?roomID=2&worldID=11&logType=game&lines=22
[DMP] 2026-06-10 00:35:17 | 200 |     650.125µs |             ::1 | GET     /v3/logs/content?roomID=2&worldID=11&logType=game&lines=22
[DMP] 2026-06-10 00:35:19 | 200 |    1.118083ms |             ::1 | GET     /v3/logs/content?roomID=2&worldID=11&logType=game&lines=22
[DMP] 2026-06-10 00:35:21 | 200 |     631.334µs |             ::1 | GET     /v3/logs/content?roomID=2&worldID=11&logType=game&lines=22
[DMP] 2026-06-10 00:35:23 | 200 |     596.417µs |             ::1 | GET     /v3/logs/content?roomID=2&worldID=11&logType=game&lines=22
[DMP] 2026-06-10 00:35:25 | 200 |     711.791µs |             ::1 | GET     /v3/logs/content?roomID=2&worldID=11&logType=game&lines=22
[DMP] 2026-06-10 00:35:27 | 200 |    1.073041ms |             ::1 | GET     /v3/logs/content?roomID=2&worldID=11&logType=game&lines=22
[DMP] 2026-06-10 00:35:29 | 200 |     826.125µs |             ::1 | GET     /v3/logs/content?roomID=2&worldID=11&logType=game&lines=22
[DMP] 2026-06-10 00:35:31 | 200 |     911.542µs |             ::1 | GET     /v3/logs/content?roomID=2&worldID=11&logType=game&lines=22
[DMP] 2026-06-10 00:35:33 | 200 |    1.002583ms |             ::1 | GET     /v3/logs/content?roomID=2&worldID=11&logType=game&lines=22
[DMP] 2026-06-10 00:35:35 | 200 |         810µs |             ::1 | GET     /v3/logs/content?roomID=2&worldID=11&logType=game&lines=22
[DMP] 2026-06-10 00:35:37 | 200 |    1.764375ms |             ::1 | GET     /v3/logs/content?roomID=2&worldID=11&logType=game&lines=22
[DMP] 2026-06-10 00:35:39 | 200 |    1.002625ms |             ::1 | GET     /v3/logs/content?roomID=2&worldID=11&logType=game&lines=22
[DMP] 2026-06-10 00:35:41 | 200 |    1.460416ms |             ::1 | GET     /v3/logs/content?roomID=2&worldID=11&logType=game&lines=22
[DMP] 2026-06-10 00:35:43 | 200 |     912.125µs |             ::1 | GET     /v3/logs/content?roomID=2&worldID=11&logType=game&lines=22
[DMP] 2026-06-10 00:35:45 | 200 |    1.474208ms |             ::1 | GET     /v3/logs/content?roomID=2&worldID=11&logType=game&lines=22
[DMP] 2026-06-10 00:35:47 | 200 |    1.395875ms |             ::1 | GET     /v3/logs/content?roomID=2&worldID=11&logType=game&lines=22
[DMP] 2026-06-10 00:35:49 | 200 |     901.417µs |             ::1 | GET     /v3/logs/content?roomID=2&worldID=11&logType=game&lines=22
[DMP] 2026-06-10 00:35:51 | 200 |    1.122959ms |             ::1 | GET     /v3/logs/content?roomID=2&worldID=11&logType=game&lines=22
[DMP] 2026-06-10 00:35:53 | 200 |    1.708291ms |             ::1 | GET     /v3/logs/content?roomID=2&worldID=11&logType=game&lines=22
[DMP] 2026-06-10 00:35:55 | 200 |     944.666µs |             ::1 | GET     /v3/logs/content?roomID=2&worldID=11&logType=game&lines=22
[DMP] 2026-06-10 00:35:57 | 200 |    1.179167ms |             ::1 | GET     /v3/logs/content?roomID=2&worldID=11&logType=game&lines=22
[DMP] 2026-06-10 00:35:59 | 200 |    1.004042ms |             ::1 | GET     /v3/logs/content?roomID=2&worldID=11&logType=game&lines=22
[DMP] 2026-06-10 00:36:01 | 200 |    3.656541ms |             ::1 | GET     /v3/logs/content?roomID=2&worldID=11&logType=game&lines=22
[DMP] 2026-06-10 00:36:03 | 200 |    1.350208ms |             ::1 | GET     /v3/logs/content?roomID=2&worldID=11&logType=game&lines=22
[DMP] 2026-06-10 00:36:05 | 200 |    1.089875ms |             ::1 | GET     /v3/logs/content?roomID=2&worldID=11&logType=game&lines=22
[DMP] 2026-06-10 00:36:07 | 200 |     778.708µs |             ::1 | GET     /v3/logs/content?roomID=2&worldID=11&logType=game&lines=22
[DMP] 2026-06-10 00:36:09 | 200 |     973.375µs |             ::1 | GET     /v3/logs/content?roomID=2&worldID=11&logType=game&lines=22
[DMP] 2026-06-10 00:36:11 | 200 |    1.375875ms |             ::1 | GET     /v3/logs/content?roomID=2&worldID=11&logType=game&lines=22
[DMP] 2026-06-10 00:36:13 | 200 |    1.325833ms |             ::1 | GET     /v3/logs/content?roomID=2&worldID=11&logType=game&lines=22
[DMP] 2026-06-10 00:36:15 | 200 |     701.167µs |             ::1 | GET     /v3/logs/content?roomID=2&worldID=11&logType=game&lines=22
[DMP] 2026-06-10 00:36:17 | 200 |    1.614833ms |             ::1 | GET     /v3/logs/content?roomID=2&worldID=11&logType=game&lines=22
[DMP] 2026-06-10 00:36:19 | 200 |     682.292µs |             ::1 | GET     /v3/logs/content?roomID=2&worldID=11&logType=game&lines=22
[DMP] 2026-06-10 00:36:21 | 200 |    1.033167ms |             ::1 | GET     /v3/logs/content?roomID=2&worldID=11&logType=game&lines=22
[DMP] 2026-06-10 00:36:23 | 200 |     841.416µs |             ::1 | GET     /v3/logs/content?roomID=2&worldID=11&logType=game&lines=22
[DMP] 2026-06-10 00:36:25 | 200 |     821.375µs |             ::1 | GET     /v3/logs/content?roomID=2&worldID=11&logType=game&lines=22
[DMP] 2026-06-10 00:36:27 | 200 |     801.917µs |             ::1 | GET     /v3/logs/content?roomID=2&worldID=11&logType=game&lines=22
[DMP] 2026-06-10 00:36:29 | 200 |    1.146166ms |             ::1 | GET     /v3/logs/content?roomID=2&worldID=11&logType=game&lines=22
[DMP] 2026-06-10 00:36:31 | 200 |     892.042µs |             ::1 | GET     /v3/logs/content?roomID=2&worldID=11&logType=game&lines=22
[DMP] 2026-06-10 00:36:33 | 200 |    1.044792ms |             ::1 | GET     /v3/logs/content?roomID=2&worldID=11&logType=game&lines=22
[DMP] 2026-06-10 00:36:35 | 200 |     821.916µs |             ::1 | GET     /v3/logs/content?roomID=2&worldID=11&logType=game&lines=22
[DMP] 2026-06-10 00:36:37 | 200 |     934.833µs |             ::1 | GET     /v3/logs/content?roomID=2&worldID=11&logType=game&lines=22
[DMP] 2026-06-10 00:36:39 | 200 |     811.167µs |             ::1 | GET     /v3/logs/content?roomID=2&worldID=11&logType=game&lines=22
[DMP] 2026-06-10 00:36:41 | 200 |     876.208µs |             ::1 | GET     /v3/logs/content?roomID=2&worldID=11&logType=game&lines=22
[DMP] 2026-06-10 00:36:43 | 200 |     825.042µs |             ::1 | GET     /v3/logs/content?roomID=2&worldID=11&logType=game&lines=22
[DMP] 2026-06-10 00:36:45 | 200 |     750.542µs |             ::1 | GET     /v3/logs/content?roomID=2&worldID=11&logType=game&lines=22
[DMP] 2026-06-10 00:36:47 | 200 |     891.333µs |             ::1 | GET     /v3/logs/content?roomID=2&worldID=11&logType=game&lines=22
[DMP] 2026-06-10 00:36:49 | 200 |    2.701375ms |             ::1 | GET     /v3/logs/content?roomID=2&worldID=11&logType=game&lines=22
[DMP] 2026-06-10 00:36:51 | 200 |     975.042µs |             ::1 | GET     /v3/logs/content?roomID=2&worldID=11&logType=game&lines=22
[DMP] 2026-06-10 00:36:53 | 200 |    1.429917ms |             ::1 | GET     /v3/logs/content?roomID=2&worldID=11&logType=game&lines=22
[DMP] 2026-06-10 00:36:55 | 200 |    1.110292ms |             ::1 | GET     /v3/logs/content?roomID=2&worldID=11&logType=game&lines=22
[DMP] 2026-06-10 00:36:57 | 200 |     884.583µs |             ::1 | GET     /v3/logs/content?roomID=2&worldID=11&logType=game&lines=22
[DMP] 2026-06-10 00:36:59 | 200 |    2.374667ms |             ::1 | GET     /v3/logs/content?roomID=2&worldID=11&logType=game&lines=22
[DMP] 2026-06-10 00:37:01 | 200 |    1.239792ms |             ::1 | GET     /v3/logs/content?roomID=2&worldID=11&logType=game&lines=22
[DMP] 2026-06-10 00:37:03 | 200 |    1.481791ms |             ::1 | GET     /v3/logs/content?roomID=2&worldID=11&logType=game&lines=22
[DMP] 2026-06-10 00:37:05 | 200 |      1.1395ms |             ::1 | GET     /v3/logs/content?roomID=2&worldID=11&logType=game&lines=22
[DMP] 2026-06-10 00:37:07 | 200 |    1.159792ms |             ::1 | GET     /v3/logs/content?roomID=2&worldID=11&logType=game&lines=22
[DMP] 2026-06-10 00:37:09 | 200 |     1.67225ms |             ::1 | GET     /v3/logs/content?roomID=2&worldID=11&logType=game&lines=22
[DMP] 2026-06-10 00:37:11 | 200 |     912.208µs |             ::1 | GET     /v3/logs/content?roomID=2&worldID=11&logType=game&lines=22
[DMP] 2026-06-10 00:37:13 | 200 |         989µs |             ::1 | GET     /v3/logs/content?roomID=2&worldID=11&logType=game&lines=22
[DMP] 2026-06-10 00:37:15 | 200 |     906.125µs |             ::1 | GET     /v3/logs/content?roomID=2&worldID=11&logType=game&lines=22
[DMP] 2026-06-10 00:37:17 | 200 |     942.417µs |             ::1 | GET     /v3/logs/content?roomID=2&worldID=11&logType=game&lines=22
[DMP] 2026-06-10 00:37:19 | 200 |       907.5µs |             ::1 | GET     /v3/logs/content?roomID=2&worldID=11&logType=game&lines=22
[DMP] 2026-06-10 00:37:21 | 200 |      1.2665ms |             ::1 | GET     /v3/logs/content?roomID=2&worldID=11&logType=game&lines=22
[DMP] 2026-06-10 00:37:23 | 200 |      802.75µs |             ::1 | GET     /v3/logs/content?roomID=2&worldID=11&logType=game&lines=22
[DMP] 2026-06-10 00:37:25 | 200 |     975.791µs |             ::1 | GET     /v3/logs/content?roomID=2&worldID=11&logType=game&lines=22
[DMP] 2026-06-10 00:37:27 | 200 |      804.25µs |             ::1 | GET     /v3/logs/content?roomID=2&worldID=11&logType=game&lines=22
[DMP] 2026-06-10 00:37:29 | 200 |    1.305416ms |             ::1 | GET     /v3/logs/content?roomID=2&worldID=11&logType=game&lines=22
[DMP] 2026-06-10 00:37:31 | 200 |      1.5175ms |             ::1 | GET     /v3/logs/content?roomID=2&worldID=11&logType=game&lines=22
[DMP] 2026-06-10 00:37:33 | 200 |     890.458µs |             ::1 | GET     /v3/logs/content?roomID=2&worldID=11&logType=game&lines=22
[DMP] 2026-06-10 00:37:35 | 200 |    1.161208ms |             ::1 | GET     /v3/logs/content?roomID=2&worldID=11&logType=game&lines=22
[DMP] 2026-06-10 00:37:37 | 200 |    1.091459ms |             ::1 | GET     /v3/logs/content?roomID=2&worldID=11&logType=game&lines=22
[DMP] 2026-06-10 00:37:39 | 200 |     962.208µs |             ::1 | GET     /v3/logs/content?roomID=2&worldID=11&logType=game&lines=22
[DMP] 2026-06-10 00:37:41 | 200 |    1.253209ms |             ::1 | GET     /v3/logs/content?roomID=2&worldID=11&logType=game&lines=22
[DMP] 2026-06-10 00:37:43 | 200 |     800.167µs |             ::1 | GET     /v3/logs/content?roomID=2&worldID=11&logType=game&lines=22
[DMP] 2026-06-10 00:37:45 | 200 |         798µs |             ::1 | GET     /v3/logs/content?roomID=2&worldID=11&logType=game&lines=22
[DMP] 2026-06-10 00:37:47 | 200 |     1.83825ms |             ::1 | GET     /v3/logs/content?roomID=2&worldID=11&logType=game&lines=22
[DMP] 2026-06-10 00:37:49 | 200 |     864.291µs |             ::1 | GET     /v3/logs/content?roomID=2&worldID=11&logType=game&lines=22
[DMP] 2026-06-10 00:37:51 | 200 |       839.5µs |             ::1 | GET     /v3/logs/content?roomID=2&worldID=11&logType=game&lines=22
[DMP] 2026-06-10 00:37:53 | 200 |     999.458µs |             ::1 | GET     /v3/logs/content?roomID=2&worldID=11&logType=game&lines=22
[DMP] 2026-06-10 00:37:55 | 200 |     414.208µs |             ::1 | GET     /v3/logs/content?roomID=2&worldID=11&logType=game&lines=22
[DMP] 2026-06-10 00:37:57 | 200 |    1.555042ms |             ::1 | GET     /v3/logs/content?roomID=2&worldID=11&logType=game&lines=22
[DMP] 2026-06-10 00:37:59 | 200 |     948.959µs |             ::1 | GET     /v3/logs/content?roomID=2&worldID=11&logType=game&lines=22
[DMP] 2026-06-10 00:38:01 | 200 |     714.375µs |             ::1 | GET     /v3/logs/content?roomID=2&worldID=11&logType=game&lines=22
[DMP] 2026-06-10 00:38:03 | 200 |    1.030541ms |             ::1 | GET     /v3/logs/content?roomID=2&worldID=11&logType=game&lines=22
[DMP] 2026-06-10 00:38:05 | 200 |     771.167µs |             ::1 | GET     /v3/logs/content?roomID=2&worldID=11&logType=game&lines=22
[DMP] 2026-06-10 00:38:07 | 200 |    1.110625ms |             ::1 | GET     /v3/logs/content?roomID=2&worldID=11&logType=game&lines=22
[DMP] 2026-06-10 00:38:09 | 200 |     812.625µs |             ::1 | GET     /v3/logs/content?roomID=2&worldID=11&logType=game&lines=22
[DMP] 2026-06-10 00:38:11 | 200 |         824µs |             ::1 | GET     /v3/logs/content?roomID=2&worldID=11&logType=game&lines=22
[DMP] 2026-06-10 00:38:13 | 200 |     763.917µs |             ::1 | GET     /v3/logs/content?roomID=2&worldID=11&logType=game&lines=22
[DMP] 2026-06-10 00:38:15 | 200 |      1.3645ms |             ::1 | GET     /v3/logs/content?roomID=2&worldID=11&logType=game&lines=22
[DMP] 2026-06-10 00:38:17 | 200 |     850.417µs |             ::1 | GET     /v3/logs/content?roomID=2&worldID=11&logType=game&lines=22
[DMP] 2026-06-10 00:38:19 | 200 |         734µs |             ::1 | GET     /v3/logs/content?roomID=2&worldID=11&logType=game&lines=22
[DMP] 2026-06-10 00:38:21 | 200 |     987.334µs |             ::1 | GET     /v3/logs/content?roomID=2&worldID=11&logType=game&lines=22
[DMP] 2026-06-10 00:38:23 | 200 |     622.875µs |             ::1 | GET     /v3/logs/content?roomID=2&worldID=11&logType=game&lines=22
[DMP] 2026-06-10 00:38:25 | 200 |    1.194333ms |             ::1 | GET     /v3/logs/content?roomID=2&worldID=11&logType=game&lines=22
[DMP] 2026-06-10 00:38:27 | 200 |     746.083µs |             ::1 | GET     /v3/logs/content?roomID=2&worldID=11&logType=game&lines=22
[DMP] 2026-06-10 00:38:29 | 200 |     990.458µs |             ::1 | GET     /v3/logs/content?roomID=2&worldID=11&logType=game&lines=22
[DMP] 2026-06-10 00:38:31 | 200 |     893.458µs |             ::1 | GET     /v3/logs/content?roomID=2&worldID=11&logType=game&lines=22
[DMP] 2026-06-10 00:38:33 | 200 |     732.542µs |             ::1 | GET     /v3/logs/content?roomID=2&worldID=11&logType=game&lines=22
[DMP] 2026-06-10 00:38:35 | 200 |      1.0865ms |             ::1 | GET     /v3/logs/content?roomID=2&worldID=11&logType=game&lines=22
[DMP] 2026-06-10 00:38:37 | 200 |     804.208µs |             ::1 | GET     /v3/logs/content?roomID=2&worldID=11&logType=game&lines=22
[DMP] 2026-06-10 00:38:39 | 200 |     886.458µs |             ::1 | GET     /v3/logs/content?roomID=2&worldID=11&logType=game&lines=22
[DMP] 2026-06-10 00:38:41 | 200 |     704.875µs |             ::1 | GET     /v3/logs/content?roomID=2&worldID=11&logType=game&lines=22
[DMP] 2026-06-10 00:38:43 | 200 |     785.042µs |             ::1 | GET     /v3/logs/content?roomID=2&worldID=11&logType=game&lines=22
[DMP] 2026-06-10 00:38:45 | 200 |    3.804834ms |             ::1 | GET     /v3/logs/content?roomID=2&worldID=11&logType=game&lines=22
[DMP] 2026-06-10 00:38:47 | 200 |     709.916µs |             ::1 | GET     /v3/logs/content?roomID=2&worldID=11&logType=game&lines=22
[DMP] 2026-06-10 00:38:49 | 200 |     859.041µs |             ::1 | GET     /v3/logs/content?roomID=2&worldID=11&logType=game&lines=22
[DMP] 2026-06-10 00:38:51 | 200 |     718.541µs |             ::1 | GET     /v3/logs/content?roomID=2&worldID=11&logType=game&lines=22
[DMP] 2026-06-10 00:38:53 | 200 |     843.292µs |             ::1 | GET     /v3/logs/content?roomID=2&worldID=11&logType=game&lines=22
[DMP] 2026-06-10 00:38:55 | 200 |    1.303542ms |             ::1 | GET     /v3/logs/content?roomID=2&worldID=11&logType=game&lines=22
[DMP] 2026-06-10 00:38:57 | 200 |     1.12975ms |             ::1 | GET     /v3/logs/content?roomID=2&worldID=11&logType=game&lines=22
[DMP] 2026-06-10 00:38:59 | 200 |     695.708µs |             ::1 | GET     /v3/logs/content?roomID=2&worldID=11&logType=game&lines=22
[DMP] 2026-06-10 00:39:01 | 200 |     930.291µs |             ::1 | GET     /v3/logs/content?roomID=2&worldID=11&logType=game&lines=22
[DMP] 2026-06-10 00:39:03 | 200 |    1.121416ms |             ::1 | GET     /v3/logs/content?roomID=2&worldID=11&logType=game&lines=22
[DMP] 2026-06-10 00:39:05 | 200 |    1.142083ms |             ::1 | GET     /v3/logs/content?roomID=2&worldID=11&logType=game&lines=22
[DMP] 2026-06-10 00:39:07 | 200 |     1.20025ms |             ::1 | GET     /v3/logs/content?roomID=2&worldID=11&logType=game&lines=22
[DMP] 2026-06-10 00:39:09 | 200 |     849.375µs |             ::1 | GET     /v3/logs/content?roomID=2&worldID=11&logType=game&lines=22
[DMP] 2026-06-10 00:39:11 | 200 |     973.333µs |             ::1 | GET     /v3/logs/content?roomID=2&worldID=11&logType=game&lines=22
[DMP] 2026-06-10 00:39:13 | 200 |     932.084µs |             ::1 | GET     /v3/logs/content?roomID=2&worldID=11&logType=game&lines=22
[DMP] 2026-06-10 00:39:15 | 200 |    1.127792ms |             ::1 | GET     /v3/logs/content?roomID=2&worldID=11&logType=game&lines=22
[DMP] 2026-06-10 00:39:17 | 200 |     842.542µs |             ::1 | GET     /v3/logs/content?roomID=2&worldID=11&logType=game&lines=22
[DMP] 2026-06-10 00:39:19 | 200 |      987.25µs |             ::1 | GET     /v3/logs/content?roomID=2&worldID=11&logType=game&lines=22
[DMP] 2026-06-10 00:39:21 | 200 |     1.11975ms |             ::1 | GET     /v3/logs/content?roomID=2&worldID=11&logType=game&lines=22
[DMP] 2026-06-10 00:39:23 | 200 |      1.0805ms |             ::1 | GET     /v3/logs/content?roomID=2&worldID=11&logType=game&lines=22
[DMP] 2026-06-10 00:39:25 | 200 |      1.1615ms |             ::1 | GET     /v3/logs/content?roomID=2&worldID=11&logType=game&lines=22
[DMP] 2026-06-10 00:39:27 | 200 |      949.25µs |             ::1 | GET     /v3/logs/content?roomID=2&worldID=11&logType=game&lines=22
[DMP] 2026-06-10 00:39:29 | 200 |     762.667µs |             ::1 | GET     /v3/logs/content?roomID=2&worldID=11&logType=game&lines=22
[DMP] 2026-06-10 00:39:31 | 200 |     572.791µs |             ::1 | GET     /v3/logs/content?roomID=2&worldID=11&logType=game&lines=22
[DMP] 2026-06-10 00:39:33 | 200 |     867.625µs |             ::1 | GET     /v3/logs/content?roomID=2&worldID=11&logType=game&lines=22
[DMP] 2026-06-10 00:39:35 | 200 |    1.165917ms |             ::1 | GET     /v3/logs/content?roomID=2&worldID=11&logType=game&lines=22
[DMP] 2026-06-10 00:39:37 | 200 |     745.792µs |             ::1 | GET     /v3/logs/content?roomID=2&worldID=11&logType=game&lines=22
[DMP] 2026-06-10 00:39:39 | 200 |     882.292µs |             ::1 | GET     /v3/logs/content?roomID=2&worldID=11&logType=game&lines=22
[DMP] 2026-06-10 00:39:41 | 200 |     754.167µs |             ::1 | GET     /v3/logs/content?roomID=2&worldID=11&logType=game&lines=22
[DMP] 2026-06-10 00:39:43 | 200 |     802.333µs |             ::1 | GET     /v3/logs/content?roomID=2&worldID=11&logType=game&lines=22
[DMP] 2026-06-10 00:39:45 | 200 |     1.11025ms |             ::1 | GET     /v3/logs/content?roomID=2&worldID=11&logType=game&lines=22
[DMP] 2026-06-10 00:39:47 | 200 |     798.542µs |             ::1 | GET     /v3/logs/content?roomID=2&worldID=11&logType=game&lines=22
[DMP] 2026-06-10 00:39:49 | 200 |     863.167µs |             ::1 | GET     /v3/logs/content?roomID=2&worldID=11&logType=game&lines=22
[DMP] 2026-06-10 00:39:51 | 200 |     722.333µs |             ::1 | GET     /v3/logs/content?roomID=2&worldID=11&logType=game&lines=22
[DMP] 2026-06-10 00:39:53 | 200 |     824.583µs |             ::1 | GET     /v3/logs/content?roomID=2&worldID=11&logType=game&lines=22
[DMP] 2026-06-10 00:39:55 | 200 |     828.625µs |             ::1 | GET     /v3/logs/content?roomID=2&worldID=11&logType=game&lines=22
[DMP] 2026-06-10 00:39:57 | 200 |     731.708µs |             ::1 | GET     /v3/logs/content?roomID=2&worldID=11&logType=game&lines=22
[DMP] 2026-06-10 00:39:59 | 200 |     769.917µs |             ::1 | GET     /v3/logs/content?roomID=2&worldID=11&logType=game&lines=22
[DMP] 2026-06-10 00:40:01 | 200 |     991.125µs |             ::1 | GET     /v3/logs/content?roomID=2&worldID=11&logType=game&lines=22
[DMP] 2026-06-10 00:40:03 | 200 |     784.167µs |             ::1 | GET     /v3/logs/content?roomID=2&worldID=11&logType=game&lines=22
[DMP] 2026-06-10 00:40:05 | 200 |    1.200125ms |             ::1 | GET     /v3/logs/content?roomID=2&worldID=11&logType=game&lines=22
[DMP] 2026-06-10 00:40:07 | 200 |     974.708µs |             ::1 | GET     /v3/logs/content?roomID=2&worldID=11&logType=game&lines=22
[DMP] 2026-06-10 00:40:09 | 200 |     804.292µs |             ::1 | GET     /v3/logs/content?roomID=2&worldID=11&logType=game&lines=22
[DMP] 2026-06-10 00:40:11 | 200 |     895.542µs |             ::1 | GET     /v3/logs/content?roomID=2&worldID=11&logType=game&lines=22
[DMP] 2026-06-10 00:40:13 | 200 |    1.189333ms |             ::1 | GET     /v3/logs/content?roomID=2&worldID=11&logType=game&lines=22
[DMP] 2026-06-10 00:40:15 | 200 |      998.25µs |             ::1 | GET     /v3/logs/content?roomID=2&worldID=11&logType=game&lines=22
[DMP] 2026-06-10 00:40:17 | 200 |     919.916µs |             ::1 | GET     /v3/logs/content?roomID=2&worldID=11&logType=game&lines=22
[DMP] 2026-06-10 00:40:19 | 200 |    1.026167ms |             ::1 | GET     /v3/logs/content?roomID=2&worldID=11&logType=game&lines=22
[DMP] 2026-06-10 00:40:21 | 200 |     861.167µs |             ::1 | GET     /v3/logs/content?roomID=2&worldID=11&logType=game&lines=22
[DMP] 2026-06-10 00:40:23 | 200 |     941.208µs |             ::1 | GET     /v3/logs/content?roomID=2&worldID=11&logType=game&lines=22
[DMP] 2026-06-10 00:40:25 | 200 |    1.203084ms |             ::1 | GET     /v3/logs/content?roomID=2&worldID=11&logType=game&lines=22
[DMP] 2026-06-10 00:40:27 | 200 |    1.117541ms |             ::1 | GET     /v3/logs/content?roomID=2&worldID=11&logType=game&lines=22
[DMP] 2026-06-10 00:40:29 | 200 |    1.264667ms |             ::1 | GET     /v3/logs/content?roomID=2&worldID=11&logType=game&lines=22
[DMP] 2026-06-10 00:40:31 | 200 |    1.114625ms |             ::1 | GET     /v3/logs/content?roomID=2&worldID=11&logType=game&lines=22
[DMP] 2026-06-10 00:40:33 | 200 |    1.869167ms |             ::1 | GET     /v3/logs/content?roomID=2&worldID=11&logType=game&lines=22
[DMP] 2026-06-10 00:40:35 | 200 |     961.125µs |             ::1 | GET     /v3/logs/content?roomID=2&worldID=11&logType=game&lines=22
[DMP] 2026-06-10 00:40:37 | 200 |    1.050417ms |             ::1 | GET     /v3/logs/content?roomID=2&worldID=11&logType=game&lines=22
[DMP] 2026-06-10 00:40:39 | 200 |     760.542µs |             ::1 | GET     /v3/logs/content?roomID=2&worldID=11&logType=game&lines=22
[DMP] 2026-06-10 00:40:41 | 200 |     895.083µs |             ::1 | GET     /v3/logs/content?roomID=2&worldID=11&logType=game&lines=22
[DMP] 2026-06-10 00:40:43 | 200 |     748.542µs |             ::1 | GET     /v3/logs/content?roomID=2&worldID=11&logType=game&lines=22
[DMP] 2026-06-10 00:40:45 | 200 |     926.417µs |             ::1 | GET     /v3/logs/content?roomID=2&worldID=11&logType=game&lines=22
[DMP] 2026-06-10 00:40:47 | 200 |     774.125µs |             ::1 | GET     /v3/logs/content?roomID=2&worldID=11&logType=game&lines=22
[DMP] 2026-06-10 00:40:49 | 200 |     962.625µs |             ::1 | GET     /v3/logs/content?roomID=2&worldID=11&logType=game&lines=22
[DMP] 2026-06-10 00:40:51 | 200 |     719.833µs |             ::1 | GET     /v3/logs/content?roomID=2&worldID=11&logType=game&lines=22
[DMP] 2026-06-10 00:40:53 | 200 |    1.335792ms |             ::1 | GET     /v3/logs/content?roomID=2&worldID=11&logType=game&lines=22
[DMP] 2026-06-10 00:40:55 | 200 |    1.163042ms |             ::1 | GET     /v3/logs/content?roomID=2&worldID=11&logType=game&lines=22
[DMP] 2026-06-10 00:40:57 | 200 |       1.193ms |             ::1 | GET     /v3/logs/content?roomID=2&worldID=11&logType=game&lines=22
[DMP] 2026-06-10 00:40:59 | 200 |     837.583µs |             ::1 | GET     /v3/logs/content?roomID=2&worldID=11&logType=game&lines=22
[DMP] 2026-06-10 00:41:01 | 200 |    1.099291ms |             ::1 | GET     /v3/logs/content?roomID=2&worldID=11&logType=game&lines=22
[DMP] 2026-06-10 00:41:03 | 200 |     724.083µs |             ::1 | GET     /v3/logs/content?roomID=2&worldID=11&logType=game&lines=22
[DMP] 2026-06-10 00:41:05 | 200 |     821.416µs |             ::1 | GET     /v3/logs/content?roomID=2&worldID=11&logType=game&lines=22
[DMP] 2026-06-10 00:41:07 | 200 |     681.708µs |             ::1 | GET     /v3/logs/content?roomID=2&worldID=11&logType=game&lines=22
[DMP] 2026-06-10 00:41:09 | 200 |     942.583µs |             ::1 | GET     /v3/logs/content?roomID=2&worldID=11&logType=game&lines=22
[DMP] 2026-06-10 00:41:11 | 200 |    1.396541ms |             ::1 | GET     /v3/logs/content?roomID=2&worldID=11&logType=game&lines=22
[DMP] 2026-06-10 00:41:13 | 200 |     628.959µs |             ::1 | GET     /v3/logs/content?roomID=2&worldID=11&logType=game&lines=22
[DMP] 2026-06-10 00:41:15 | 200 |     748.666µs |             ::1 | GET     /v3/logs/content?roomID=2&worldID=11&logType=game&lines=22
[DMP] 2026-06-10 00:41:17 | 200 |     763.167µs |             ::1 | GET     /v3/logs/content?roomID=2&worldID=11&logType=game&lines=22
[DMP] 2026-06-10 00:41:19 | 200 |     901.708µs |             ::1 | GET     /v3/logs/content?roomID=2&worldID=11&logType=game&lines=22
[DMP] 2026-06-10 00:41:21 | 200 |     772.291µs |             ::1 | GET     /v3/logs/content?roomID=2&worldID=11&logType=game&lines=22
[DMP] 2026-06-10 00:41:23 | 200 |     884.792µs |             ::1 | GET     /v3/logs/content?roomID=2&worldID=11&logType=game&lines=22
[DMP] 2026-06-10 00:41:25 | 200 |     727.292µs |             ::1 | GET     /v3/logs/content?roomID=2&worldID=11&logType=game&lines=22
[DMP] 2026-06-10 00:41:27 | 200 |     744.042µs |             ::1 | GET     /v3/logs/content?roomID=2&worldID=11&logType=game&lines=22
[DMP] 2026-06-10 00:41:29 | 200 |    1.048167ms |             ::1 | GET     /v3/logs/content?roomID=2&worldID=11&logType=game&lines=22
[DMP] 2026-06-10 00:41:31 | 200 |    1.531083ms |             ::1 | GET     /v3/logs/content?roomID=2&worldID=11&logType=game&lines=22
[DMP] 2026-06-10 00:41:33 | 200 |      703.75µs |             ::1 | GET     /v3/logs/content?roomID=2&worldID=11&logType=game&lines=22
[DMP] 2026-06-10 00:41:35 | 200 |     795.458µs |             ::1 | GET     /v3/logs/content?roomID=2&worldID=11&logType=game&lines=22
[DMP] 2026-06-10 00:41:37 | 200 |    1.112042ms |             ::1 | GET     /v3/logs/content?roomID=2&worldID=11&logType=game&lines=22
[DMP] 2026-06-10 00:41:39 | 200 |     622.125µs |             ::1 | GET     /v3/logs/content?roomID=2&worldID=11&logType=game&lines=22
[DMP] 2026-06-10 00:41:41 | 200 |    1.103917ms |             ::1 | GET     /v3/logs/content?roomID=2&worldID=11&logType=game&lines=22
[DMP] 2026-06-10 00:41:43 | 200 |         835µs |             ::1 | GET     /v3/logs/content?roomID=2&worldID=11&logType=game&lines=22
[DMP] 2026-06-10 00:41:45 | 200 |     797.417µs |             ::1 | GET     /v3/logs/content?roomID=2&worldID=11&logType=game&lines=22
[DMP] 2026-06-10 00:41:47 | 200 |     916.875µs |             ::1 | GET     /v3/logs/content?roomID=2&worldID=11&logType=game&lines=22
[DMP] 2026-06-10 00:41:49 | 200 |    1.165125ms |             ::1 | GET     /v3/logs/content?roomID=2&worldID=11&logType=game&lines=22
[DMP] 2026-06-10 00:41:51 | 200 |    1.322708ms |             ::1 | GET     /v3/logs/content?roomID=2&worldID=11&logType=game&lines=22
[DMP] 2026-06-10 00:41:53 | 200 |    1.023292ms |             ::1 | GET     /v3/logs/content?roomID=2&worldID=11&logType=game&lines=22
[DMP] 2026-06-10 00:41:55 | 200 |     819.333µs |             ::1 | GET     /v3/logs/content?roomID=2&worldID=11&logType=game&lines=22
[DMP] 2026-06-10 00:41:57 | 200 |      779.75µs |             ::1 | GET     /v3/logs/content?roomID=2&worldID=11&logType=game&lines=22
[DMP] 2026-06-10 00:41:59 | 200 |       982.5µs |             ::1 | GET     /v3/logs/content?roomID=2&worldID=11&logType=game&lines=22
[DMP] 2026-06-10 00:42:01 | 200 |     863.791µs |             ::1 | GET     /v3/logs/content?roomID=2&worldID=11&logType=game&lines=22
[DMP] 2026-06-10 00:42:03 | 200 |     833.417µs |             ::1 | GET     /v3/logs/content?roomID=2&worldID=11&logType=game&lines=22
[DMP] 2026-06-10 00:42:05 | 200 |     687.167µs |             ::1 | GET     /v3/logs/content?roomID=2&worldID=11&logType=game&lines=22
[DMP] 2026-06-10 00:42:07 | 200 |     918.417µs |             ::1 | GET     /v3/logs/content?roomID=2&worldID=11&logType=game&lines=22
[DMP] 2026-06-10 00:42:09 | 200 |     812.208µs |             ::1 | GET     /v3/logs/content?roomID=2&worldID=11&logType=game&lines=22
[DMP] 2026-06-10 00:42:11 | 200 |     782.875µs |             ::1 | GET     /v3/logs/content?roomID=2&worldID=11&logType=game&lines=22
[DMP] 2026-06-10 00:42:13 | 200 |     890.625µs |             ::1 | GET     /v3/logs/content?roomID=2&worldID=11&logType=game&lines=22
[DMP] 2026-06-10 00:42:15 | 200 |         875µs |             ::1 | GET     /v3/logs/content?roomID=2&worldID=11&logType=game&lines=22
[DMP] 2026-06-10 00:42:17 | 200 |    1.145708ms |             ::1 | GET     /v3/logs/content?roomID=2&worldID=11&logType=game&lines=22
[DMP] 2026-06-10 00:42:19 | 200 |     930.333µs |             ::1 | GET     /v3/logs/content?roomID=2&worldID=11&logType=game&lines=22
[DMP] 2026-06-10 00:42:21 | 200 |     958.542µs |             ::1 | GET     /v3/logs/content?roomID=2&worldID=11&logType=game&lines=22
[DMP] 2026-06-10 00:42:23 | 200 |    1.695166ms |             ::1 | GET     /v3/logs/content?roomID=2&worldID=11&logType=game&lines=22
[DMP] 2026-06-10 00:42:25 | 200 |     728.584µs |             ::1 | GET     /v3/logs/content?roomID=2&worldID=11&logType=game&lines=22
[DMP] 2026-06-10 00:42:27 | 200 |      731.25µs |             ::1 | GET     /v3/logs/content?roomID=2&worldID=11&logType=game&lines=22
[DMP] 2026-06-10 00:42:29 | 200 |    1.001792ms |             ::1 | GET     /v3/logs/content?roomID=2&worldID=11&logType=game&lines=22
[DMP] 2026-06-10 00:42:31 | 200 |     971.334µs |             ::1 | GET     /v3/logs/content?roomID=2&worldID=11&logType=game&lines=22
[DMP] 2026-06-10 00:42:33 | 200 |     810.625µs |             ::1 | GET     /v3/logs/content?roomID=2&worldID=11&logType=game&lines=22
[DMP] 2026-06-10 00:42:35 | 200 |     857.167µs |             ::1 | GET     /v3/logs/content?roomID=2&worldID=11&logType=game&lines=22
[DMP] 2026-06-10 00:42:37 | 200 |     736.458µs |             ::1 | GET     /v3/logs/content?roomID=2&worldID=11&logType=game&lines=22
[DMP] 2026-06-10 00:42:39 | 200 |     740.666µs |             ::1 | GET     /v3/logs/content?roomID=2&worldID=11&logType=game&lines=22
[DMP] 2026-06-10 00:42:41 | 200 |      818.75µs |             ::1 | GET     /v3/logs/content?roomID=2&worldID=11&logType=game&lines=22
[DMP] 2026-06-10 00:42:43 | 200 |    1.297666ms |             ::1 | GET     /v3/logs/content?roomID=2&worldID=11&logType=game&lines=22
[DMP] 2026-06-10 00:42:45 | 200 |     782.084µs |             ::1 | GET     /v3/logs/content?roomID=2&worldID=11&logType=game&lines=22
[DMP] 2026-06-10 00:42:47 | 200 |     983.625µs |             ::1 | GET     /v3/logs/content?roomID=2&worldID=11&logType=game&lines=22
[DMP] 2026-06-10 00:42:49 | 200 |     658.417µs |             ::1 | GET     /v3/logs/content?roomID=2&worldID=11&logType=game&lines=22
[DMP] 2026-06-10 00:42:51 | 200 |         608µs |             ::1 | GET     /v3/logs/content?roomID=2&worldID=11&logType=game&lines=22
[DMP] 2026-06-10 00:42:53 | 200 |       651.5µs |             ::1 | GET     /v3/logs/content?roomID=2&worldID=11&logType=game&lines=22
[DMP] 2026-06-10 00:42:55 | 200 |         963µs |             ::1 | GET     /v3/logs/content?roomID=2&worldID=11&logType=game&lines=22
[DMP] 2026-06-10 00:42:57 | 200 |     828.416µs |             ::1 | GET     /v3/logs/content?roomID=2&worldID=11&logType=game&lines=22
[DMP] 2026-06-10 00:42:59 | 200 |     831.667µs |             ::1 | GET     /v3/logs/content?roomID=2&worldID=11&logType=game&lines=22
[DMP] 2026-06-10 00:43:01 | 200 |     796.208µs |             ::1 | GET     /v3/logs/content?roomID=2&worldID=11&logType=game&lines=22
[DMP] 2026-06-10 00:43:03 | 200 |     741.208µs |             ::1 | GET     /v3/logs/content?roomID=2&worldID=11&logType=game&lines=22
[DMP] 2026-06-10 00:43:05 | 200 |     947.625µs |             ::1 | GET     /v3/logs/content?roomID=2&worldID=11&logType=game&lines=22
[DMP] 2026-06-10 00:43:07 | 200 |    1.150708ms |             ::1 | GET     /v3/logs/content?roomID=2&worldID=11&logType=game&lines=22
[DMP] 2026-06-10 00:43:09 | 200 |     706.167µs |             ::1 | GET     /v3/logs/content?roomID=2&worldID=11&logType=game&lines=22
[DMP] 2026-06-10 00:43:11 | 200 |     942.291µs |             ::1 | GET     /v3/logs/content?roomID=2&worldID=11&logType=game&lines=22
[DMP] 2026-06-10 00:43:13 | 200 |     788.833µs |             ::1 | GET     /v3/logs/content?roomID=2&worldID=11&logType=game&lines=22
[DMP] 2026-06-10 00:43:15 | 200 |       1.228ms |             ::1 | GET     /v3/logs/content?roomID=2&worldID=11&logType=game&lines=22
[DMP] 2026-06-10 00:43:17 | 200 |     811.167µs |             ::1 | GET     /v3/logs/content?roomID=2&worldID=11&logType=game&lines=22
[DMP] 2026-06-10 00:43:19 | 200 |    1.176875ms |             ::1 | GET     /v3/logs/content?roomID=2&worldID=11&logType=game&lines=22
[DMP] 2026-06-10 00:43:21 | 200 |     932.917µs |             ::1 | GET     /v3/logs/content?roomID=2&worldID=11&logType=game&lines=22
[DMP] 2026-06-10 00:43:23 | 200 |     853.292µs |             ::1 | GET     /v3/logs/content?roomID=2&worldID=11&logType=game&lines=22
[DMP] 2026-06-10 00:43:25 | 200 |     839.208µs |             ::1 | GET     /v3/logs/content?roomID=2&worldID=11&logType=game&lines=22
[DMP] 2026-06-10 00:43:27 | 200 |    1.101208ms |             ::1 | GET     /v3/logs/content?roomID=2&worldID=11&logType=game&lines=22
[DMP] 2026-06-10 00:43:29 | 200 |     933.125µs |             ::1 | GET     /v3/logs/content?roomID=2&worldID=11&logType=game&lines=22
[DMP] 2026-06-10 00:43:31 | 200 |     732.166µs |             ::1 | GET     /v3/logs/content?roomID=2&worldID=11&logType=game&lines=22
[DMP] 2026-06-10 00:43:33 | 200 |     792.583µs |             ::1 | GET     /v3/logs/content?roomID=2&worldID=11&logType=game&lines=22
[DMP] 2026-06-10 00:43:35 | 200 |     751.917µs |             ::1 | GET     /v3/logs/content?roomID=2&worldID=11&logType=game&lines=22
[DMP] 2026-06-10 00:43:37 | 200 |      688.75µs |             ::1 | GET     /v3/logs/content?roomID=2&worldID=11&logType=game&lines=22
[DMP] 2026-06-10 00:43:39 | 200 |     634.958µs |             ::1 | GET     /v3/logs/content?roomID=2&worldID=11&logType=game&lines=22
[DMP] 2026-06-10 00:43:41 | 200 |     977.709µs |             ::1 | GET     /v3/logs/content?roomID=2&worldID=11&logType=game&lines=22
[DMP] 2026-06-10 00:43:43 | 200 |     785.875µs |             ::1 | GET     /v3/logs/content?roomID=2&worldID=11&logType=game&lines=22
[DMP] 2026-06-10 00:43:45 | 200 |      770.25µs |             ::1 | GET     /v3/logs/content?roomID=2&worldID=11&logType=game&lines=22
[DMP] 2026-06-10 00:43:47 | 200 |       788.5µs |             ::1 | GET     /v3/logs/content?roomID=2&worldID=11&logType=game&lines=22
[DMP] 2026-06-10 00:43:49 | 200 |     1.03575ms |             ::1 | GET     /v3/logs/content?roomID=2&worldID=11&logType=game&lines=22
[DMP] 2026-06-10 00:43:51 | 200 |     875.083µs |             ::1 | GET     /v3/logs/content?roomID=2&worldID=11&logType=game&lines=22
[DMP] 2026-06-10 00:43:53 | 200 |    1.032125ms |             ::1 | GET     /v3/logs/content?roomID=2&worldID=11&logType=game&lines=22
[DMP] 2026-06-10 00:43:55 | 200 |    1.467084ms |             ::1 | GET     /v3/logs/content?roomID=2&worldID=11&logType=game&lines=22
[DMP] 2026-06-10 00:43:57 | 200 |    1.340375ms |             ::1 | GET     /v3/logs/content?roomID=2&worldID=11&logType=game&lines=22
[DMP] 2026-06-10 00:43:59 | 200 |     582.041µs |             ::1 | GET     /v3/logs/content?roomID=2&worldID=11&logType=game&lines=22
[DMP] 2026-06-10 00:44:01 | 200 |     740.625µs |             ::1 | GET     /v3/logs/content?roomID=2&worldID=11&logType=game&lines=22
[DMP] 2026-06-10 00:44:03 | 200 |       765.5µs |             ::1 | GET     /v3/logs/content?roomID=2&worldID=11&logType=game&lines=22
[DMP] 2026-06-10 00:44:05 | 200 |     729.083µs |             ::1 | GET     /v3/logs/content?roomID=2&worldID=11&logType=game&lines=22
[DMP] 2026-06-10 00:44:07 | 200 |     1.42375ms |             ::1 | GET     /v3/logs/content?roomID=2&worldID=11&logType=game&lines=22
[DMP] 2026-06-10 00:44:09 | 200 |    2.927209ms |             ::1 | GET     /v3/logs/content?roomID=2&worldID=11&logType=game&lines=22
[DMP] 2026-06-10 00:44:11 | 200 |    1.300833ms |             ::1 | GET     /v3/logs/content?roomID=2&worldID=11&logType=game&lines=22
[DMP] 2026-06-10 00:44:13 | 200 |     816.125µs |             ::1 | GET     /v3/logs/content?roomID=2&worldID=11&logType=game&lines=22
[DMP] 2026-06-10 00:44:15 | 200 |     828.042µs |             ::1 | GET     /v3/logs/content?roomID=2&worldID=11&logType=game&lines=22
[DMP] 2026-06-10 00:44:17 | 200 |    1.431125ms |             ::1 | GET     /v3/logs/content?roomID=2&worldID=11&logType=game&lines=22
[DMP] 2026-06-10 00:44:19 | 200 |       1.049ms |             ::1 | GET     /v3/logs/content?roomID=2&worldID=11&logType=game&lines=22
[DMP] 2026-06-10 00:44:21 | 200 |     644.375µs |             ::1 | GET     /v3/logs/content?roomID=2&worldID=11&logType=game&lines=22
[DMP] 2026-06-10 00:44:23 | 200 |     770.833µs |             ::1 | GET     /v3/logs/content?roomID=2&worldID=11&logType=game&lines=22
[DMP] 2026-06-10 00:44:25 | 200 |     653.125µs |             ::1 | GET     /v3/logs/content?roomID=2&worldID=11&logType=game&lines=22
[DMP] 2026-06-10 00:44:27 | 200 |     891.542µs |             ::1 | GET     /v3/logs/content?roomID=2&worldID=11&logType=game&lines=22
[DMP] 2026-06-10 00:44:29 | 200 |     713.459µs |             ::1 | GET     /v3/logs/content?roomID=2&worldID=11&logType=game&lines=22
[DMP] 2026-06-10 00:44:31 | 200 |     935.958µs |             ::1 | GET     /v3/logs/content?roomID=2&worldID=11&logType=game&lines=22
[DMP] 2026-06-10 00:44:33 | 200 |      947.75µs |             ::1 | GET     /v3/logs/content?roomID=2&worldID=11&logType=game&lines=22
[DMP] 2026-06-10 00:44:35 | 200 |     760.625µs |             ::1 | GET     /v3/logs/content?roomID=2&worldID=11&logType=game&lines=22
[DMP] 2026-06-10 00:44:37 | 200 |     745.792µs |             ::1 | GET     /v3/logs/content?roomID=2&worldID=11&logType=game&lines=22
[DMP] 2026-06-10 00:44:39 | 200 |     770.625µs |             ::1 | GET     /v3/logs/content?roomID=2&worldID=11&logType=game&lines=22
[DMP] 2026-06-10 00:44:41 | 200 |     630.167µs |             ::1 | GET     /v3/logs/content?roomID=2&worldID=11&logType=game&lines=22
[DMP] 2026-06-10 00:44:43 | 200 |     931.541µs |             ::1 | GET     /v3/logs/content?roomID=2&worldID=11&logType=game&lines=22
[DMP] 2026-06-10 00:44:45 | 200 |     818.292µs |             ::1 | GET     /v3/logs/content?roomID=2&worldID=11&logType=game&lines=22
[DMP] 2026-06-10 00:44:47 | 200 |     733.083µs |             ::1 | GET     /v3/logs/content?roomID=2&worldID=11&logType=game&lines=22
[DMP] 2026-06-10 00:44:49 | 200 |    1.013833ms |             ::1 | GET     /v3/logs/content?roomID=2&worldID=11&logType=game&lines=22
[DMP] 2026-06-10 00:44:51 | 200 |     825.583µs |             ::1 | GET     /v3/logs/content?roomID=2&worldID=11&logType=game&lines=22
[DMP] 2026-06-10 00:44:53 | 200 |     795.125µs |             ::1 | GET     /v3/logs/content?roomID=2&worldID=11&logType=game&lines=22
[DMP] 2026-06-10 00:44:55 | 200 |    1.389667ms |             ::1 | GET     /v3/logs/content?roomID=2&worldID=11&logType=game&lines=22
[DMP] 2026-06-10 00:44:57 | 200 |    1.006416ms |             ::1 | GET     /v3/logs/content?roomID=2&worldID=11&logType=game&lines=22
[DMP] 2026-06-10 00:44:59 | 200 |     801.959µs |             ::1 | GET     /v3/logs/content?roomID=2&worldID=11&logType=game&lines=22
[DMP] 2026-06-10 00:45:01 | 200 |     1.21075ms |             ::1 | GET     /v3/logs/content?roomID=2&worldID=11&logType=game&lines=22
[DMP] 2026-06-10 00:45:03 | 200 |     704.417µs |             ::1 | GET     /v3/logs/content?roomID=2&worldID=11&logType=game&lines=22
[DMP] 2026-06-10 00:45:05 | 200 |      655.25µs |             ::1 | GET     /v3/logs/content?roomID=2&worldID=11&logType=game&lines=22
[DMP] 2026-06-10 00:45:07 | 200 |    1.264167ms |             ::1 | GET     /v3/logs/content?roomID=2&worldID=11&logType=game&lines=22
[DMP] 2026-06-10 00:45:09 | 200 |     685.458µs |             ::1 | GET     /v3/logs/content?roomID=2&worldID=11&logType=game&lines=22
[DMP] 2026-06-10 00:45:11 | 200 |     766.625µs |             ::1 | GET     /v3/logs/content?roomID=2&worldID=11&logType=game&lines=22
[DMP] 2026-06-10 00:45:13 | 200 |     702.666µs |             ::1 | GET     /v3/logs/content?roomID=2&worldID=11&logType=game&lines=22
[DMP] 2026-06-10 00:45:15 | 200 |     632.084µs |             ::1 | GET     /v3/logs/content?roomID=2&worldID=11&logType=game&lines=22
[DMP] 2026-06-10 00:45:17 | 200 |     799.792µs |             ::1 | GET     /v3/logs/content?roomID=2&worldID=11&logType=game&lines=22
[DMP] 2026-06-10 00:45:19 | 200 |       813.5µs |             ::1 | GET     /v3/logs/content?roomID=2&worldID=11&logType=game&lines=22
[DMP] 2026-06-10 00:45:21 | 200 |     589.375µs |             ::1 | GET     /v3/logs/content?roomID=2&worldID=11&logType=game&lines=22
[DMP] 2026-06-10 00:45:23 | 200 |     584.583µs |             ::1 | GET     /v3/logs/content?roomID=2&worldID=11&logType=game&lines=22
[DMP] 2026-06-10 00:45:25 | 200 |     898.125µs |             ::1 | GET     /v3/logs/content?roomID=2&worldID=11&logType=game&lines=22
[DMP] 2026-06-10 00:45:27 | 200 |     687.667µs |             ::1 | GET     /v3/logs/content?roomID=2&worldID=11&logType=game&lines=22
[DMP] 2026-06-10 00:45:29 | 200 |     649.792µs |             ::1 | GET     /v3/logs/content?roomID=2&worldID=11&logType=game&lines=22
[DMP] 2026-06-10 00:45:31 | 200 |     730.083µs |             ::1 | GET     /v3/logs/content?roomID=2&worldID=11&logType=game&lines=22
[DMP] 2026-06-10 00:45:33 | 200 |     734.833µs |             ::1 | GET     /v3/logs/content?roomID=2&worldID=11&logType=game&lines=22
[DMP] 2026-06-10 00:45:35 | 200 |     670.375µs |             ::1 | GET     /v3/logs/content?roomID=2&worldID=11&logType=game&lines=22
[DMP] 2026-06-10 00:45:37 | 200 |     561.417µs |             ::1 | GET     /v3/logs/content?roomID=2&worldID=11&logType=game&lines=22
[DMP] 2026-06-10 00:45:39 | 200 |     921.333µs |             ::1 | GET     /v3/logs/content?roomID=2&worldID=11&logType=game&lines=22
[DMP] 2026-06-10 00:45:41 | 200 |    1.512333ms |             ::1 | GET     /v3/logs/content?roomID=2&worldID=11&logType=game&lines=22
[DMP] 2026-06-10 00:45:43 | 200 |     815.333µs |             ::1 | GET     /v3/logs/content?roomID=2&worldID=11&logType=game&lines=22
[DMP] 2026-06-10 00:45:45 | 200 |      742.25µs |             ::1 | GET     /v3/logs/content?roomID=2&worldID=11&logType=game&lines=22
[DMP] 2026-06-10 00:45:47 | 200 |     852.333µs |             ::1 | GET     /v3/logs/content?roomID=2&worldID=11&logType=game&lines=22
[DMP] 2026-06-10 00:45:49 | 200 |     586.792µs |             ::1 | GET     /v3/logs/content?roomID=2&worldID=11&logType=game&lines=22
[DMP] 2026-06-10 00:45:51 | 200 |     1.50975ms |             ::1 | GET     /v3/logs/content?roomID=2&worldID=11&logType=game&lines=22
[DMP] 2026-06-10 00:45:53 | 200 |     864.334µs |             ::1 | GET     /v3/logs/content?roomID=2&worldID=11&logType=game&lines=22
[DMP] 2026-06-10 00:45:55 | 200 |     744.042µs |             ::1 | GET     /v3/logs/content?roomID=2&worldID=11&logType=game&lines=22
[DMP] 2026-06-10 00:45:57 | 200 |      919.75µs |             ::1 | GET     /v3/logs/content?roomID=2&worldID=11&logType=game&lines=22
[DMP] 2026-06-10 00:45:59 | 200 |     955.417µs |             ::1 | GET     /v3/logs/content?roomID=2&worldID=11&logType=game&lines=22
[DMP] 2026-06-10 00:46:01 | 200 |     989.416µs |             ::1 | GET     /v3/logs/content?roomID=2&worldID=11&logType=game&lines=22
[DMP] 2026-06-10 00:46:03 | 200 |    1.384458ms |             ::1 | GET     /v3/logs/content?roomID=2&worldID=11&logType=game&lines=22
[DMP] 2026-06-10 00:46:05 | 200 |     649.708µs |             ::1 | GET     /v3/logs/content?roomID=2&worldID=11&logType=game&lines=22
[DMP] 2026-06-10 00:46:07 | 200 |    1.033583ms |             ::1 | GET     /v3/logs/content?roomID=2&worldID=11&logType=game&lines=22
[DMP] 2026-06-10 00:46:09 | 200 |    1.062417ms |             ::1 | GET     /v3/logs/content?roomID=2&worldID=11&logType=game&lines=22
[DMP] 2026-06-10 00:46:11 | 200 |     985.458µs |             ::1 | GET     /v3/logs/content?roomID=2&worldID=11&logType=game&lines=22
[DMP] 2026-06-10 00:46:13 | 200 |     842.209µs |             ::1 | GET     /v3/logs/content?roomID=2&worldID=11&logType=game&lines=22
[DMP] 2026-06-10 00:46:15 | 200 |     614.291µs |             ::1 | GET     /v3/logs/content?roomID=2&worldID=11&logType=game&lines=22
[DMP] 2026-06-10 00:46:57 | 200 |    1.493167ms |             ::1 | GET     /v3/logs/content?roomID=2&worldID=11&logType=game&lines=22
[DMP] 2026-06-10 00:46:59 | 200 |    2.326833ms |             ::1 | GET     /v3/room/list?gameName=&page=1&pageSize=4
[DMP] 2026-06-10 00:47:00 | 200 |         339µs |             ::1 | GET     /v3/dashboard/info/sys
[DMP] 2026-06-10 00:47:01 | 200 |     160.023ms |             ::1 | GET     /v3/dashboard/info/base?roomID=2
[DMP] 2026-06-10 00:47:01 | 200 |     435.958µs |             ::1 | GET     /v3/dashboard/connection_code?roomID=2
[DMP] 2026-06-10 00:47:03 | 200 |    1.287125ms |             ::1 | GET     /v3/dashboard/info/sys
[DMP] 2026-06-10 00:47:05 | 200 |      207.25µs |             ::1 | GET     /v3/dashboard/info/sys
[DMP] 2026-06-10 00:47:06 | 200 |   217.59425ms |             ::1 | POST    /v3/dashboard/exec/game
[DMP] 2026-06-10 00:47:06 | 200 |  287.808833ms |             ::1 | GET     /v3/dashboard/info/base?roomID=2
[DMP] 2026-06-10 00:47:07 | 200 |     117.667µs |             ::1 | GET     /v3/dashboard/info/sys
[DMP] 2026-06-10 00:47:09 | 200 |      51.125µs |             ::1 | GET     /v3/dashboard/info/sys
[DMP] 2026-06-10 00:47:10 | 200 |     957.625µs |             ::1 | GET     /v3/room/worlds?roomID=2
[DMP] 2026-06-10 00:47:10 | 200 |    1.343667ms |             ::1 | GET     /v3/logs/history/list?roomID=2&worldID=11&logType=game
[DMP] 2026-06-10 00:47:12 | 200 |     400.917µs |             ::1 | GET     /v3/logs/content?roomID=2&worldID=11&logType=game&lines=22
[DMP] 2026-06-10 00:47:14 | 200 |     423.958µs |             ::1 | GET     /v3/logs/content?roomID=2&worldID=11&logType=game&lines=22
[DMP] 2026-06-10 00:47:16 | 200 |     413.292µs |             ::1 | GET     /v3/logs/content?roomID=2&worldID=11&logType=game&lines=22
[DMP] 2026-06-10 00:47:18 | 200 |     774.333µs |             ::1 | GET     /v3/logs/content?roomID=2&worldID=11&logType=game&lines=22
[DMP] 2026-06-10 00:47:20 | 200 |     397.333µs |             ::1 | GET     /v3/logs/content?roomID=2&worldID=11&logType=game&lines=22
[DMP] 2026-06-10 00:47:22 | 200 |     725.625µs |             ::1 | GET     /v3/logs/content?roomID=2&worldID=11&logType=game&lines=22
[DMP] 2026-06-10 00:47:24 | 200 |      587.25µs |             ::1 | GET     /v3/logs/content?roomID=2&worldID=11&logType=game&lines=22
[DMP] 2026-06-10 00:47:26 | 200 |     403.041µs |             ::1 | GET     /v3/logs/content?roomID=2&worldID=11&logType=game&lines=22
[DMP] 2026-06-10 00:47:28 | 200 |     483.334µs |             ::1 | GET     /v3/logs/content?roomID=2&worldID=11&logType=game&lines=22
[DMP] 2026-06-10 00:47:30 | 200 |    1.723917ms |             ::1 | GET     /v3/logs/content?roomID=2&worldID=11&logType=game&lines=22
[DMP] 2026-06-10 00:47:32 | 200 |     878.208µs |             ::1 | GET     /v3/logs/content?roomID=2&worldID=11&logType=game&lines=22
[DMP] 2026-06-10 00:47:34 | 200 |      1.0165ms |             ::1 | GET     /v3/logs/content?roomID=2&worldID=11&logType=game&lines=22
[DMP] 2026-06-10 00:47:36 | 200 |    1.219458ms |             ::1 | GET     /v3/logs/content?roomID=2&worldID=11&logType=game&lines=22
[DMP] 2026-06-10 00:47:38 | 200 |    2.173125ms |             ::1 | GET     /v3/logs/content?roomID=2&worldID=11&logType=game&lines=22
[DMP] 2026-06-10 00:47:40 | 200 |     729.959µs |             ::1 | GET     /v3/logs/content?roomID=2&worldID=11&logType=game&lines=22
[DMP] 2026-06-10 00:47:42 | 200 |     834.666µs |             ::1 | GET     /v3/logs/content?roomID=2&worldID=11&logType=game&lines=22
[DMP] 2026-06-10 00:47:44 | 200 |       925.5µs |             ::1 | GET     /v3/logs/content?roomID=2&worldID=11&logType=game&lines=22
[DMP] 2026-06-10 00:47:46 | 200 |    1.090792ms |             ::1 | GET     /v3/logs/content?roomID=2&worldID=11&logType=game&lines=22
[DMP] 2026-06-10 00:47:48 | 200 |     853.916µs |             ::1 | GET     /v3/logs/content?roomID=2&worldID=11&logType=game&lines=22
[DMP] 2026-06-10 00:47:50 | 200 |    1.260959ms |             ::1 | GET     /v3/logs/content?roomID=2&worldID=11&logType=game&lines=22
[DMP] 2026-06-10 00:47:52 | 200 |     931.291µs |             ::1 | GET     /v3/logs/content?roomID=2&worldID=11&logType=game&lines=22
[DMP] 2026-06-10 00:47:54 | 200 |    2.203334ms |             ::1 | GET     /v3/room/list?gameName=&page=1&pageSize=4
[DMP] 2026-06-10 00:47:56 | 200 |     517.792µs |             ::1 | GET     /v3/dashboard/info/sys
[DMP] 2026-06-10 00:47:56 | 200 |  262.002833ms |             ::1 | GET     /v3/dashboard/info/base?roomID=2
[DMP] 2026-06-10 00:47:56 | 200 |     461.083µs |             ::1 | GET     /v3/dashboard/connection_code?roomID=2
[DMP] 2026-06-10 00:47:58 | 200 |         392µs |             ::1 | GET     /v3/dashboard/info/sys
[DMP] 2026-06-10 00:48:00 | 200 |      69.458µs |             ::1 | GET     /v3/dashboard/info/sys
[DMP] 2026-06-10 00:48:02 | 200 |     298.625µs |             ::1 | GET     /v3/dashboard/info/sys
[DMP] 2026-06-10 00:48:04 | 200 |     109.875µs |             ::1 | GET     /v3/dashboard/info/sys
[DMP] 2026-06-10 00:48:06 | 200 |     189.917µs |             ::1 | GET     /v3/dashboard/info/sys
[DMP] 2026-06-10 00:48:07 | 200 |  290.929542ms |             ::1 | GET     /v3/dashboard/info/base?roomID=2
[DMP] 2026-06-10 00:48:08 | 200 |     174.792µs |             ::1 | GET     /v3/dashboard/info/sys
[DMP] 2026-06-10 00:48:10 | 200 |     200.166µs |             ::1 | GET     /v3/dashboard/info/sys
[DMP] 2026-06-10 00:48:12 | 200 |     131.292µs |             ::1 | GET     /v3/dashboard/info/sys
[DMP] 2026-06-10 00:48:14 | 200 |      173.75µs |             ::1 | GET     /v3/dashboard/info/sys
[DMP] 2026-06-10 00:48:16 | 200 |      68.875µs |             ::1 | GET     /v3/dashboard/info/sys
[DMP] 2026-06-10 00:48:17 | 200 |  304.246917ms |             ::1 | GET     /v3/dashboard/info/base?roomID=2
[DMP] 2026-06-10 00:48:18 | 200 |     143.416µs |             ::1 | GET     /v3/dashboard/info/sys
[DMP] 2026-06-10 00:48:20 | 200 |       70.75µs |             ::1 | GET     /v3/dashboard/info/sys
[DMP] 2026-06-10 00:48:22 | 200 |     185.625µs |             ::1 | GET     /v3/dashboard/info/sys
[DMP] 2026-06-10 00:48:24 | 200 |    1.939917ms |             ::1 | GET     /v3/dashboard/info/sys
[DMP] 2026-06-10 00:48:26 | 200 |      74.459µs |             ::1 | GET     /v3/dashboard/info/sys
[DMP] 2026-06-10 00:48:27 | 200 |  248.745125ms |             ::1 | GET     /v3/dashboard/info/base?roomID=2
[DMP] 2026-06-10 00:48:28 | 200 |      211.75µs |             ::1 | GET     /v3/dashboard/info/sys
[DMP] 2026-06-10 00:48:30 | 200 |     139.458µs |             ::1 | GET     /v3/dashboard/info/sys
[DMP] 2026-06-10 00:48:32 | 200 |     177.167µs |             ::1 | GET     /v3/dashboard/info/sys
[DMP] 2026-06-10 00:48:34 | 200 |      78.958µs |             ::1 | GET     /v3/dashboard/info/sys
[DMP] 2026-06-10 00:48:36 | 200 |     131.958µs |             ::1 | GET     /v3/dashboard/info/sys
[DMP] 2026-06-10 00:48:37 | 200 |     296.289ms |             ::1 | GET     /v3/dashboard/info/base?roomID=2
[DMP] 2026-06-10 00:48:38 | 200 |       110.5µs |             ::1 | GET     /v3/dashboard/info/sys
[DMP] 2026-06-10 00:48:40 | 200 |     111.666µs |             ::1 | GET     /v3/dashboard/info/sys
[DMP] 2026-06-10 00:48:42 | 200 |      90.667µs |             ::1 | GET     /v3/dashboard/info/sys
[DMP] 2026-06-10 00:48:44 | 200 |     121.708µs |             ::1 | GET     /v3/dashboard/info/sys
[DMP] 2026-06-10 00:48:46 | 200 |      80.834µs |             ::1 | GET     /v3/dashboard/info/sys
[DMP] 2026-06-10 00:48:47 | 200 |   245.49125ms |             ::1 | GET     /v3/dashboard/info/base?roomID=2
[DMP] 2026-06-10 00:48:48 | 200 |     135.875µs |             ::1 | GET     /v3/dashboard/info/sys
[DMP] 2026-06-10 00:48:50 | 200 |     115.458µs |             ::1 | GET     /v3/dashboard/info/sys
[DMP] 2026-06-10 00:48:52 | 200 |      76.584µs |             ::1 | GET     /v3/dashboard/info/sys
[DMP] 2026-06-10 00:48:54 | 200 |     116.542µs |             ::1 | GET     /v3/dashboard/info/sys
[DMP] 2026-06-10 00:48:56 | 200 |      99.833µs |             ::1 | GET     /v3/dashboard/info/sys
[DMP] 2026-06-10 00:48:57 | 200 |  242.583042ms |             ::1 | GET     /v3/dashboard/info/base?roomID=2
[DMP] 2026-06-10 00:48:58 | 200 |     295.459µs |             ::1 | GET     /v3/dashboard/info/sys
[DMP] 2026-06-10 00:49:00 | 200 |     123.292µs |             ::1 | GET     /v3/dashboard/info/sys
[DMP] 2026-06-10 00:49:02 | 200 |      72.167µs |             ::1 | GET     /v3/dashboard/info/sys
[DMP] 2026-06-10 00:49:04 | 200 |     198.416µs |             ::1 | GET     /v3/dashboard/info/sys
[DMP] 2026-06-10 00:49:06 | 200 |     129.541µs |             ::1 | GET     /v3/dashboard/info/sys
[DMP] 2026-06-10 00:49:07 | 200 |  241.308084ms |             ::1 | GET     /v3/dashboard/info/base?roomID=2
[DMP] 2026-06-10 00:49:08 | 200 |     328.583µs |             ::1 | GET     /v3/dashboard/info/sys
[DMP] 2026-06-10 00:49:10 | 200 |     137.417µs |             ::1 | GET     /v3/dashboard/info/sys
[DMP] 2026-06-10 00:49:12 | 200 |     174.792µs |             ::1 | GET     /v3/dashboard/info/sys
[DMP] 2026-06-10 00:49:14 | 200 |         116µs |             ::1 | GET     /v3/dashboard/info/sys
[DMP] 2026-06-10 00:49:16 | 200 |       167.5µs |             ::1 | GET     /v3/dashboard/info/sys
[DMP] 2026-06-10 00:49:17 | 200 |  241.302042ms |             ::1 | GET     /v3/dashboard/info/base?roomID=2
[DMP] 2026-06-10 00:49:18 | 200 |     116.583µs |             ::1 | GET     /v3/dashboard/info/sys
[DMP] 2026-06-10 00:49:20 | 200 |     103.042µs |             ::1 | GET     /v3/dashboard/info/sys
[DMP] 2026-06-10 00:49:22 | 200 |      85.917µs |             ::1 | GET     /v3/dashboard/info/sys
[DMP] 2026-06-10 00:49:24 | 200 |     110.916µs |             ::1 | GET     /v3/dashboard/info/sys
[DMP] 2026-06-10 00:49:26 | 200 |     148.708µs |             ::1 | GET     /v3/dashboard/info/sys
[DMP] 2026-06-10 00:49:27 | 200 |  249.733375ms |             ::1 | GET     /v3/dashboard/info/base?roomID=2
[DMP] 2026-06-10 00:49:28 | 200 |     164.542µs |             ::1 | GET     /v3/dashboard/info/sys
[DMP] 2026-06-10 00:49:30 | 200 |     189.042µs |             ::1 | GET     /v3/dashboard/info/sys
[DMP] 2026-06-10 00:49:32 | 200 |     134.833µs |             ::1 | GET     /v3/dashboard/info/sys
[DMP] 2026-06-10 00:49:34 | 200 |     183.125µs |             ::1 | GET     /v3/dashboard/info/sys
[DMP] 2026-06-10 00:49:36 | 200 |     145.334µs |             ::1 | GET     /v3/dashboard/info/sys
[DMP] 2026-06-10 00:49:37 | 200 |  245.887542ms |             ::1 | GET     /v3/dashboard/info/base?roomID=2
[DMP] 2026-06-10 00:49:38 | 200 |     107.875µs |             ::1 | GET     /v3/dashboard/info/sys
[DMP] 2026-06-10 00:49:40 | 200 |      86.708µs |             ::1 | GET     /v3/dashboard/info/sys
[DMP] 2026-06-10 00:49:42 | 200 |     357.833µs |             ::1 | GET     /v3/dashboard/info/sys
[DMP] 2026-06-10 00:49:44 | 200 |      86.333µs |             ::1 | GET     /v3/dashboard/info/sys
[DMP] 2026-06-10 00:49:46 | 200 |      77.875µs |             ::1 | GET     /v3/dashboard/info/sys
[DMP] 2026-06-10 00:49:47 | 200 |  245.303792ms |             ::1 | GET     /v3/dashboard/info/base?roomID=2
[DMP] 2026-06-10 00:49:48 | 200 |      136.75µs |             ::1 | GET     /v3/dashboard/info/sys
[DMP] 2026-06-10 00:49:50 | 200 |      94.833µs |             ::1 | GET     /v3/dashboard/info/sys
[DMP] 2026-06-10 00:49:52 | 200 |      91.833µs |             ::1 | GET     /v3/dashboard/info/sys
[DMP] 2026-06-10 00:49:54 | 200 |       127.5µs |             ::1 | GET     /v3/dashboard/info/sys
[DMP] 2026-06-10 00:49:56 | 200 |     155.667µs |             ::1 | GET     /v3/dashboard/info/sys
[DMP] 2026-06-10 00:49:57 | 200 |    293.2455ms |             ::1 | GET     /v3/dashboard/info/base?roomID=2
[DMP] 2026-06-10 00:49:58 | 200 |     112.083µs |             ::1 | GET     /v3/dashboard/info/sys
[DMP] 2026-06-10 00:50:00 | 200 |     167.709µs |             ::1 | GET     /v3/dashboard/info/sys
[DMP] 2026-06-10 00:50:02 | 200 |     272.667µs |             ::1 | GET     /v3/dashboard/info/sys
[DMP] 2026-06-10 00:50:04 | 200 |     107.042µs |             ::1 | GET     /v3/dashboard/info/sys
[DMP] 2026-06-10 00:50:06 | 200 |      91.334µs |             ::1 | GET     /v3/dashboard/info/sys
[DMP] 2026-06-10 00:50:07 | 200 |  245.901625ms |             ::1 | GET     /v3/dashboard/info/base?roomID=2
[DMP] 2026-06-10 00:50:08 | 200 |     185.875µs |             ::1 | GET     /v3/dashboard/info/sys
[DMP] 2026-06-10 00:50:10 | 200 |      100.25µs |             ::1 | GET     /v3/dashboard/info/sys
[DMP] 2026-06-10 00:50:12 | 200 |      98.333µs |             ::1 | GET     /v3/dashboard/info/sys
[DMP] 2026-06-10 00:50:14 | 200 |      87.875µs |             ::1 | GET     /v3/dashboard/info/sys
[DMP] 2026-06-10 00:50:16 | 200 |     108.542µs |             ::1 | GET     /v3/dashboard/info/sys
[DMP] 2026-06-10 00:50:17 | 200 |  239.044667ms |             ::1 | GET     /v3/dashboard/info/base?roomID=2
[DMP] 2026-06-10 00:50:18 | 200 |      97.333µs |             ::1 | GET     /v3/dashboard/info/sys
[DMP] 2026-06-10 00:50:20 | 200 |      91.334µs |             ::1 | GET     /v3/dashboard/info/sys
[DMP] 2026-06-10 00:50:22 | 200 |     120.625µs |             ::1 | GET     /v3/dashboard/info/sys
[DMP] 2026-06-10 00:50:24 | 200 |     284.417µs |             ::1 | GET     /v3/dashboard/info/sys
[DMP] 2026-06-10 00:50:26 | 200 |      95.625µs |             ::1 | GET     /v3/dashboard/info/sys
[DMP] 2026-06-10 00:50:27 | 200 |  239.675958ms |             ::1 | GET     /v3/dashboard/info/base?roomID=2
[DMP] 2026-06-10 00:50:28 | 200 |     187.834µs |             ::1 | GET     /v3/dashboard/info/sys
[DMP] 2026-06-10 00:50:30 | 200 |      91.208µs |             ::1 | GET     /v3/dashboard/info/sys
[DMP] 2026-06-10 00:50:32 | 200 |      190.75µs |             ::1 | GET     /v3/dashboard/info/sys
[DMP] 2026-06-10 00:50:34 | 200 |          87µs |             ::1 | GET     /v3/dashboard/info/sys
[DMP] 2026-06-10 00:50:36 | 200 |        73.5µs |             ::1 | GET     /v3/dashboard/info/sys
[DMP] 2026-06-10 00:50:37 | 200 |  252.927375ms |             ::1 | GET     /v3/dashboard/info/base?roomID=2
[DMP] 2026-06-10 00:50:38 | 200 |     177.667µs |             ::1 | GET     /v3/dashboard/info/sys
[DMP] 2026-06-10 00:50:40 | 200 |     156.459µs |             ::1 | GET     /v3/dashboard/info/sys
[DMP] 2026-06-10 00:50:42 | 200 |     163.834µs |             ::1 | GET     /v3/dashboard/info/sys
[DMP] 2026-06-10 00:50:44 | 200 |     126.333µs |             ::1 | GET     /v3/dashboard/info/sys
[DMP] 2026-06-10 00:50:46 | 200 |      79.417µs |             ::1 | GET     /v3/dashboard/info/sys
[DMP] 2026-06-10 00:50:47 | 200 |  240.440125ms |             ::1 | GET     /v3/dashboard/info/base?roomID=2
[DMP] 2026-06-10 00:50:48 | 200 |      93.583µs |             ::1 | GET     /v3/dashboard/info/sys
[DMP] 2026-06-10 00:50:50 | 200 |     105.916µs |             ::1 | GET     /v3/dashboard/info/sys
[DMP] 2026-06-10 00:50:52 | 200 |     173.666µs |             ::1 | GET     /v3/dashboard/info/sys
[DMP] 2026-06-10 00:50:54 | 200 |     150.208µs |             ::1 | GET     /v3/dashboard/info/sys
[DMP] 2026-06-10 00:50:56 | 200 |         204µs |             ::1 | GET     /v3/dashboard/info/sys
[DMP] 2026-06-10 00:50:57 | 200 |  245.687292ms |             ::1 | GET     /v3/dashboard/info/base?roomID=2
[DMP] 2026-06-10 00:50:58 | 200 |     117.375µs |             ::1 | GET     /v3/dashboard/info/sys
[DMP] 2026-06-10 00:51:00 | 200 |     150.041µs |             ::1 | GET     /v3/dashboard/info/sys
[DMP] 2026-06-10 00:51:02 | 200 |      82.458µs |             ::1 | GET     /v3/dashboard/info/sys
[DMP] 2026-06-10 00:51:04 | 200 |      89.958µs |             ::1 | GET     /v3/dashboard/info/sys
[DMP] 2026-06-10 00:51:06 | 200 |      82.958µs |             ::1 | GET     /v3/dashboard/info/sys
[DMP] 2026-06-10 00:51:07 | 200 |  236.081084ms |             ::1 | GET     /v3/dashboard/info/base?roomID=2
[DMP] 2026-06-10 00:51:08 | 200 |     109.833µs |             ::1 | GET     /v3/dashboard/info/sys
[DMP] 2026-06-10 00:51:10 | 200 |     156.667µs |             ::1 | GET     /v3/dashboard/info/sys
[DMP] 2026-06-10 00:51:12 | 200 |     136.667µs |             ::1 | GET     /v3/dashboard/info/sys
[DMP] 2026-06-10 00:51:14 | 200 |     124.084µs |             ::1 | GET     /v3/dashboard/info/sys
[DMP] 2026-06-10 00:51:16 | 200 |     120.167µs |             ::1 | GET     /v3/dashboard/info/sys
[DMP] 2026-06-10 00:51:17 | 200 |   233.28275ms |             ::1 | GET     /v3/dashboard/info/base?roomID=2
[DMP] 2026-06-10 00:51:18 | 200 |      86.334µs |             ::1 | GET     /v3/dashboard/info/sys
[DMP] 2026-06-10 00:51:20 | 200 |      230.25µs |             ::1 | GET     /v3/dashboard/info/sys
[DMP] 2026-06-10 00:51:22 | 200 |      87.584µs |             ::1 | GET     /v3/dashboard/info/sys
[DMP] 2026-06-10 00:51:24 | 200 |     143.417µs |             ::1 | GET     /v3/dashboard/info/sys
[DMP] 2026-06-10 00:51:26 | 200 |     238.917µs |             ::1 | GET     /v3/dashboard/info/sys
[DMP] 2026-06-10 00:51:27 | 200 |   231.95525ms |             ::1 | GET     /v3/dashboard/info/base?roomID=2
[DMP] 2026-06-10 00:51:28 | 200 |     123.209µs |             ::1 | GET     /v3/dashboard/info/sys
[DMP] 2026-06-10 00:51:30 | 200 |      87.917µs |             ::1 | GET     /v3/dashboard/info/sys
[DMP] 2026-06-10 00:51:32 | 200 |     176.458µs |             ::1 | GET     /v3/dashboard/info/sys
[DMP] 2026-06-10 00:51:34 | 200 |          91µs |             ::1 | GET     /v3/dashboard/info/sys
[DMP] 2026-06-10 00:51:36 | 200 |      91.833µs |             ::1 | GET     /v3/dashboard/info/sys
[DMP] 2026-06-10 00:51:37 | 200 |  258.109125ms |             ::1 | GET     /v3/dashboard/info/base?roomID=2
[DMP] 2026-06-10 00:51:38 | 200 |     154.042µs |             ::1 | GET     /v3/dashboard/info/sys
[DMP] 2026-06-10 00:51:40 | 200 |     150.208µs |             ::1 | GET     /v3/dashboard/info/sys
[DMP] 2026-06-10 20:39:54 | 200 |    4.417333ms |             ::1 | GET     /
[DMP] 2026-06-10 20:39:54 | 200 |     347.167µs |             ::1 | GET     /v3/dashboard/info/sys
[DMP] 2026-06-10 20:39:54 | 200 |     1.06275ms |             ::1 | GET     /v3/platform/game_version
[DMP] 2026-06-10 20:39:54 | 200 |     437.292µs |             ::1 | GET     /v3/room/basic
[DMP] 2026-06-10 20:39:54 | 200 |  150.103708ms |             ::1 | GET     /v3/dashboard/info/base?roomID=2
[DMP] 2026-06-10 20:39:54 | 200 |     401.834µs |             ::1 | GET     /v3/dashboard/connection_code?roomID=2
[DMP] 2026-06-10 20:39:56 | 200 |      113.75µs |             ::1 | GET     /v3/dashboard/info/sys
[DMP] 2026-06-10 20:39:58 | 200 |     121.958µs |             ::1 | GET     /v3/dashboard/info/sys
[DMP] 2026-06-10 20:39:59 | 200 |     646.042µs |             ::1 | GET     /v3/room/factor
[DMP] 2026-06-10 20:39:59 | 200 |    1.047833ms |             ::1 | GET     /v3/room?id=2
[DMP] 2026-06-10 21:48:50 | 200 |     223.417µs |             ::1 | GET     /assets/backup-CZIQjav4.js
[DMP] 2026-06-10 21:48:50 | 200 |    1.080917ms |             ::1 | GET     /v3/tools/backup?roomID=2
[DMP] 2026-06-10 21:48:53 | 200 |     769.125µs |             ::1 | GET     /v3/room/factor
[DMP] 2026-06-10 21:48:53 | 200 |    1.974875ms |             ::1 | GET     /v3/room?id=2
[DMP] 2026-06-10 21:49:34 | 200 |     775.083µs |             ::1 | GET     /assets/crow_carnival-ByOI-T90.png
[DMP] 2026-06-10 21:49:34 | 200 |     835.875µs |             ::1 | GET     /assets/hallowed_nights-AVGBlB2E.png
[DMP] 2026-06-10 21:49:34 | 200 |    1.528292ms |             ::1 | GET     /assets/winters_feast-CsueyPJ1.png
[DMP] 2026-06-10 21:49:34 | 200 |    1.527458ms |             ::1 | GET     /assets/year_of_the_gobbler-DgGKirxn.png
[DMP] 2026-06-10 21:49:44 | 200 |   45.655208ms |             ::1 | PUT     /v3/room
[DMP] 2026-06-10 21:49:44 | 200 |     439.833µs |             ::1 | GET     /v3/room/factor
[DMP] 2026-06-10 21:49:44 | 200 |     733.833µs |             ::1 | GET     /v3/room?id=2
[DMP] 2026-06-10 21:49:46 | 200 |    1.798334ms |             ::1 | GET     /v3/room/list?gameName=&page=1&pageSize=4
[DMP] 2026-06-10 21:49:48 | 200 |      80.083µs |             ::1 | GET     /v3/dashboard/info/sys
[DMP] 2026-06-10 21:49:48 | 200 |  268.620875ms |             ::1 | GET     /v3/dashboard/info/base?roomID=2
[DMP] 2026-06-10 21:49:48 | 200 |     432.167µs |             ::1 | GET     /v3/dashboard/connection_code?roomID=2
[DMP] 2026-06-10 21:49:50 | 200 |     120.792µs |             ::1 | GET     /v3/dashboard/info/sys
[DMP] 2026-06-10 21:49:51 | 200 |  121.994083ms |             ::1 | POST    /v3/dashboard/exec/game
[DMP] 2026-06-10 21:49:51 | 200 |    218.7785ms |             ::1 | GET     /v3/dashboard/info/base?roomID=2
[DMP] 2026-06-10 21:49:52 | 200 |      93.666µs |             ::1 | GET     /v3/dashboard/info/sys
[DMP] 2026-06-10 21:49:54 | 200 |   13.219125ms |             ::1 | POST    /v3/dashboard/exec/game
[DMP] 2026-06-10 21:49:54 | 200 |  236.429292ms |             ::1 | GET     /v3/dashboard/info/base?roomID=2
[DMP] 2026-06-10 21:49:54 | 200 |      199.25µs |             ::1 | GET     /v3/dashboard/info/sys
[DMP] 2026-06-10 21:49:56 | 200 |          90µs |             ::1 | GET     /v3/dashboard/info/sys
[DMP] 2026-06-10 21:49:58 | 200 |      81.708µs |             ::1 | GET     /v3/dashboard/info/sys
[DMP] 2026-06-10 21:49:59 | 200 |   246.79775ms |             ::1 | GET     /v3/dashboard/info/base?roomID=2
[DMP] 2026-06-10 21:50:00 | 200 |      85.917µs |             ::1 | GET     /v3/dashboard/info/sys
[DMP] 2026-06-10 21:50:02 | 200 |      963.75µs |             ::1 | GET     /v3/dashboard/info/sys
[DMP] 2026-06-10 21:50:04 | 200 |     374.083µs |             ::1 | GET     /v3/room/worlds?roomID=2
[DMP] 2026-06-10 21:50:04 | 200 |    1.289792ms |             ::1 | GET     /v3/logs/history/list?roomID=2&worldID=13&logType=game
[DMP] 2026-06-10 21:50:06 | 200 |    3.596708ms |             ::1 | GET     /v3/logs/content?roomID=2&worldID=13&logType=game&lines=22
[DMP] 2026-06-10 21:50:08 | 200 |      1.8255ms |             ::1 | GET     /v3/logs/content?roomID=2&worldID=13&logType=game&lines=22
[DMP] 2026-06-10 21:50:10 | 200 |    1.646458ms |             ::1 | GET     /v3/logs/content?roomID=2&worldID=13&logType=game&lines=22
[DMP] 2026-06-10 21:50:12 | 200 |    1.003792ms |             ::1 | GET     /v3/logs/content?roomID=2&worldID=13&logType=game&lines=22
[DMP] 2026-06-10 21:50:15 | 200 |    1.058375ms |             ::1 | GET     /v3/logs/history/content?roomID=2&worldID=13&logType=game&logFile=server_log_2026-06-09-23-44-58.txt
[DMP] 2026-06-10 21:50:23 | 200 |    2.338208ms |             ::1 | GET     /v3/logs/history/content?roomID=2&worldID=13&logType=game&logFile=server_log_2026-06-10-21-09-53.txt
[DMP] 2026-06-10 21:50:47 | 200 |     327.833µs |             ::1 | GET     /v3/dashboard/info/sys
[DMP] 2026-06-10 21:50:47 | 200 |  223.545208ms |             ::1 | GET     /v3/dashboard/info/base?roomID=2
[DMP] 2026-06-10 21:50:47 | 200 |     828.917µs |             ::1 | GET     /v3/dashboard/connection_code?roomID=2
[DMP] 2026-06-10 21:50:49 | 200 |     155.916µs |             ::1 | GET     /v3/dashboard/info/sys
[DMP] 2026-06-10 21:50:51 | 200 |      83.834µs |             ::1 | GET     /v3/dashboard/info/sys
[DMP] 2026-06-10 21:50:53 | 200 |       89.75µs |             ::1 | GET     /v3/dashboard/info/sys
[DMP] 2026-06-10 21:50:55 | 200 |     102.167µs |             ::1 | GET     /v3/dashboard/info/sys
[DMP] 2026-06-10 21:50:57 | 200 |     223.417µs |             ::1 | GET     /v3/dashboard/info/sys
[DMP] 2026-06-10 21:50:57 | 200 |  154.581292ms |             ::1 | GET     /v3/dashboard/info/base?roomID=2
[DMP] 2026-06-10 21:50:58 | 200 |     643.292µs |             ::1 | GET     /v3/room/list?gameName=&page=1&pageSize=4
[DMP] 2026-06-10 21:50:59 | 200 |     124.167µs |             ::1 | GET     /v3/dashboard/info/sys
[DMP] 2026-06-10 21:50:59 | 200 |     154.031ms |             ::1 | GET     /v3/dashboard/info/base?roomID=2
[DMP] 2026-06-10 21:50:59 | 200 |     358.084µs |             ::1 | GET     /v3/dashboard/connection_code?roomID=2
[DMP] 2026-06-10 21:50:59 | 200 |  2.306335208s |             ::1 | POST    /v3/dashboard/exec/game
[DMP] 2026-06-10 21:50:59 | 200 |  262.576792ms |             ::1 | GET     /v3/dashboard/info/base?roomID=2
[DMP] 2026-06-10 21:51:01 | 200 |         155µs |             ::1 | GET     /v3/dashboard/info/sys
[DMP] 2026-06-10 21:51:02 | 200 |     307.959µs |             ::1 | GET     /v3/room/factor
[DMP] 2026-06-10 21:51:02 | 200 |     823.292µs |             ::1 | GET     /v3/room?id=2
[DMP] 2026-06-10 21:51:08 | 200 |     933.834µs |             ::1 | GET     /v3/room/list?gameName=&page=1&pageSize=4
[DMP] 2026-06-10 21:51:09 | 200 |        63.5µs |             ::1 | GET     /v3/dashboard/info/sys
[DMP] 2026-06-10 21:51:09 | 200 |     226.191ms |             ::1 | GET     /v3/dashboard/info/base?roomID=2
[DMP] 2026-06-10 21:51:09 | 200 |     310.708µs |             ::1 | GET     /v3/dashboard/connection_code?roomID=2
[DMP] 2026-06-10 21:51:11 | 200 |     127.709µs |             ::1 | GET     /v3/dashboard/info/sys
[DMP] 2026-06-10 21:51:13 | 200 |     193.666µs |             ::1 | GET     /v3/dashboard/info/sys
[DMP] 2026-06-10 21:51:13 | 200 |  2.164258917s |             ::1 | POST    /v3/dashboard/exec/game
[DMP] 2026-06-10 21:51:14 | 200 |  139.517416ms |             ::1 | GET     /v3/dashboard/info/base?roomID=2
[DMP] 2026-06-10 21:51:15 | 200 |      1.1285ms |             ::1 | GET     /v3/room/list?gameName=&page=1&pageSize=4
[DMP] 2026-06-10 21:51:19 | 200 |  2.175452417s |             ::1 | POST    /v3/room/deactivate
[DMP] 2026-06-10 21:51:19 | 200 |     539.792µs |             ::1 | GET     /v3/room/list?gameName=&page=1&pageSize=4
[DMP] 2026-06-10 21:51:24 | 200 |  2.134284917s |             ::1 | DELETE  /v3/room
[DMP] 2026-06-10 21:51:24 | 200 |     286.125µs |             ::1 | GET     /v3/room/list?gameName=&page=1&pageSize=4
